# This file uses meters as units for non-parametric coordinates.

mtllib worktableback.mtl
g default
v -158.838763 116.814805 -584.576158
v -158.838763 135.006356 -591.449554
v -158.838763 154.728020 -586.381265
v -158.838763 187.607373 -585.289249
v -158.838763 188.907830 -565.517359
v -158.838763 155.038790 -568.152773
v -158.838761 142.055230 -562.752626
v -158.838763 116.814809 -565.237587
v -158.838763 160.110727 -572.525892
v -158.838763 160.110726 -582.270855
v -158.838763 177.048319 -562.705770
v -158.838763 177.291835 -587.622943
v -158.838763 98.868967 -589.001546
v -158.838763 98.868971 -562.879144
v -158.838763 167.894687 -582.265826
v -158.838763 166.410498 -564.740221
v -158.838763 191.811266 -575.403305
v -158.838763 164.651348 -580.752918
v -158.838763 164.651350 -571.768369
v -158.838763 98.868969 -575.829033
v -158.838763 181.967144 -563.268089
v -158.838763 183.864682 -563.717943
v -158.838763 186.778349 -554.618043
v -158.838763 188.675863 -555.067897
v -177.610850 16.862244 -571.633229
v -167.363628 186.218409 -565.517358
v -167.791170 186.218406 -585.289249
v -175.448940 16.862241 -585.944335
v -171.747529 116.814808 -566.617716
v -171.747529 116.814806 -583.208281
v -171.919089 153.074766 -586.381265
v -171.919089 155.611042 -568.579241
v -174.432978 138.982313 -563.837139
v -174.432978 139.492190 -591.449555
v -166.529850 16.862243 -575.573004
v -169.525453 16.862241 -586.220401
v -175.912584 142.698814 -586.524490
v -177.414046 143.399755 -571.341668
v -182.256263 152.828876 -570.567781
v -182.256263 152.828874 -583.900205
v -188.784964 118.775929 -589.050583
v -188.784964 123.063661 -582.586906
v -192.568118 123.479261 -582.833788
v -192.568118 119.164980 -589.337474
v -189.953054 95.513251 -576.672859
v -189.435239 99.083606 -572.139089
v -193.060536 99.816892 -572.595107
v -193.717686 95.983651 -578.817643
v -165.608967 160.110727 -572.525892
v -165.042416 160.110726 -581.151325
v -166.855847 177.048330 -565.295777
v -166.500142 177.121056 -586.365337
v -184.525488 82.311223 -571.131309
v -185.520015 90.355276 -564.488760
v -189.020328 90.057276 -564.264496
v -188.025798 81.988720 -570.943967
v -187.402545 87.275138 -575.019211
v -186.150546 96.526997 -566.317687
v -191.696913 96.908288 -566.527881
v -191.005171 87.617066 -575.288769
v -174.280543 101.957781 -584.987447
v -174.976399 101.855140 -564.079722
v -167.826922 68.274238 -578.057382
v -172.737866 68.274238 -576.600873
v -174.693706 68.060480 -566.903506
v -166.454421 68.060480 -564.236462
v -167.765108 59.604194 -581.989751
v -172.697363 59.604194 -581.791608
v -173.779773 59.604195 -570.750179
v -167.765108 59.604196 -568.986409
v -169.525453 25.027254 -582.939138
v -173.031571 25.027254 -582.939139
v -173.031570 25.027256 -576.450748
v -169.525453 25.027256 -576.396357
v -176.687643 16.862247 -560.506662
v -165.212110 16.862248 -554.769640
v -165.212110 21.297139 -557.032445
v -176.170714 20.542576 -560.996875
v -165.472248 168.284823 -582.265824
v -163.225098 166.410498 -566.384351
v -166.242974 16.862242 -581.139826
v -176.803980 16.862242 -580.093997
v -175.135880 25.027255 -580.437766
v -176.872787 59.604194 -576.717123
v -177.011600 68.274239 -573.612864
v -177.389781 101.853040 -576.429324
v -174.113930 116.814807 -577.860026
v -176.480908 141.598811 -576.823971
v -178.581577 142.508497 -579.060774
v -188.784964 120.919789 -585.818745
v -187.436460 96.523830 -574.248950
v -188.192390 90.456156 -570.223903
v -184.525488 84.289949 -566.133496
v -188.025798 83.979694 -565.927691
v -191.736944 91.251472 -569.952559
v -193.800325 98.070928 -574.408707
v -192.568118 121.322120 -586.085631
v -182.256263 152.828875 -577.233993
v -171.919089 158.113446 -577.629776
v -168.354071 160.110726 -577.398373
v -166.991127 168.284824 -574.646723
v -171.131653 177.048317 -574.189507
v -167.791170 188.907829 -575.403303
v -164.756288 164.651348 -580.752916
v -165.560128 164.651349 -575.076393
v -163.436701 164.541379 -571.708498
v -167.849040 25.027255 -580.437766
v -165.045454 59.604194 -576.233183
v -164.105868 67.584220 -572.054210
v -174.180005 78.577264 -581.867438
v -164.778684 78.524901 -581.920094
v -162.434518 78.179893 -575.114250
v -163.968140 78.420125 -563.675893
v -175.911127 78.418021 -567.055689
v -177.871494 78.524902 -576.193721
v -176.199466 20.895814 -573.331573
v -177.037020 18.751348 -560.751770
v -165.212110 18.751349 -555.014750
v -166.109992 20.895814 -573.331573
v -166.291359 20.895812 -580.788797
v -169.525453 20.895810 -585.746951
v -175.035698 20.895811 -584.999897
v -176.199467 20.895812 -580.265882
v -166.957404 181.429271 -565.340090
v -170.463557 179.420224 -574.432266
v -167.038649 182.896487 -565.375545
v -169.093078 181.804269 -556.690045
v -169.174324 183.271485 -556.725496
v -140.066674 16.862244 -571.633229
v -150.313897 186.218409 -565.517358
v -149.886356 186.218406 -585.289249
v -142.228585 16.862241 -585.944335
v -145.929996 116.814808 -566.617716
v -145.929996 116.814806 -583.208281
v -145.758438 153.074766 -586.381265
v -145.758438 155.611042 -568.579241
v -143.244546 138.982313 -563.837139
v -143.244546 139.492190 -591.449555
v -151.147675 16.862243 -575.573004
v -148.152073 16.862241 -586.220401
v -141.764940 142.698814 -586.524490
v -140.263478 143.399755 -571.341668
v -135.421261 152.828876 -570.567781
v -135.421261 152.828874 -583.900205
v -128.892560 118.775929 -589.050583
v -128.892560 123.063661 -582.586906
v -125.109405 123.479261 -582.833788
v -125.109405 119.164980 -589.337474
v -127.724467 95.513251 -576.672859
v -128.242285 99.083606 -572.139089
v -124.616988 99.816892 -572.595107
v -123.959837 95.983651 -578.817643
v -152.068559 160.110727 -572.525892
v -152.635110 160.110726 -581.151325
v -150.821678 177.048330 -565.295777
v -151.177384 177.121056 -586.365337
v -133.152036 82.311223 -571.131309
v -132.157509 90.355276 -564.488760
v -128.657196 90.057276 -564.264496
v -129.651726 81.988720 -570.943967
v -130.274979 87.275138 -575.019211
v -131.526978 96.526997 -566.317687
v -125.980611 96.908288 -566.527881
v -126.672352 87.617066 -575.288769
v -143.396982 101.957781 -584.987447
v -142.701126 101.855140 -564.079722
v -149.850604 68.274238 -578.057382
v -144.939661 68.274238 -576.600873
v -142.983816 68.060480 -566.903506
v -151.223105 68.060480 -564.236462
v -149.912418 59.604194 -581.989751
v -144.980162 59.604194 -581.791608
v -143.897752 59.604195 -570.750179
v -149.912418 59.604196 -568.986409
v -148.152073 25.027254 -582.939138
v -144.645956 25.027254 -582.939139
v -144.645956 25.027256 -576.450748
v -148.152073 25.027256 -576.396357
v -140.989881 16.862247 -560.506662
v -152.465415 16.862248 -554.769640
v -152.465415 21.297139 -557.032445
v -141.506810 20.542576 -560.996875
v -152.205278 168.284823 -582.265824
v -154.452428 166.410498 -566.384351
v -151.434552 16.862242 -581.139826
v -141.256086 16.862242 -580.093997
v -142.541644 25.027255 -580.437766
v -140.804737 59.604194 -576.717123
v -140.665923 68.274239 -573.612864
v -140.287745 101.853040 -576.429324
v -143.563597 116.814807 -577.860026
v -141.196614 141.598811 -576.823971
v -139.095948 142.508497 -579.060774
v -128.892560 120.919789 -585.818745
v -130.241067 96.523830 -574.248950
v -129.485134 90.456156 -570.223903
v -133.152036 84.289949 -566.133496
v -129.651726 83.979694 -565.927691
v -125.940583 91.251472 -569.952559
v -123.877199 98.070928 -574.408707
v -125.109405 121.322120 -586.085631
v -135.421261 152.828875 -577.233993
v -145.758438 158.113446 -577.629776
v -149.323454 160.110726 -577.398373
v -150.686399 168.284824 -574.646723
v -146.545872 177.048317 -574.189507
v -149.886356 188.907829 -575.403303
v -152.921237 164.651348 -580.752916
v -152.117397 164.651349 -575.076393
v -154.240825 164.541379 -571.708498
v -149.828486 25.027255 -580.437766
v -152.632072 59.604194 -576.233183
v -153.571658 67.584220 -572.054210
v -143.497519 78.577264 -581.867438
v -152.898842 78.524901 -581.920094
v -155.243007 78.179893 -575.114250
v -153.709386 78.420125 -563.675893
v -141.766397 78.418021 -567.055689
v -139.806030 78.524902 -576.193721
v -141.478060 20.895814 -573.331573
v -140.640504 18.751348 -560.751770
v -152.465415 18.751349 -555.014750
v -151.567533 20.895814 -573.331573
v -151.386167 20.895812 -580.788797
v -148.152073 20.895810 -585.746951
v -142.641826 20.895811 -584.999897
v -141.478057 20.895812 -580.265882
v -150.720122 181.429271 -565.340090
v -147.213969 179.420224 -574.432266
v -150.638876 182.896487 -565.375545
v -148.584448 181.804269 -556.690045
v -148.503203 183.271485 -556.725496
vt 0.387100 0.009697
vt 0.387100 0.009697
vt 0.395990 0.009697
vt 0.419892 0.009697
vt 0.419892 0.009697
vt 0.463581 0.009697
vt 0.536441 0.009697
vt 0.604031 0.009697
vt 0.400942 0.019936
vt 0.421293 0.019936
vt 0.421293 0.019936
vt 0.599079 0.019936
vt 0.407430 0.021955
vt 0.438926 0.021955
vt 0.491798 0.021955
vt 0.491798 0.021955
vt 0.491798 0.021955
vt 0.491798 0.021955
vt 0.531434 0.021955
vt 0.531434 0.021955
vt 0.534423 0.021955
vt 0.534423 0.021955
vt 0.558493 0.021955
vt 0.558493 0.021955
vt 0.561095 0.021955
vt 0.562763 0.021955
vt 0.562763 0.021955
vt 0.592592 0.021955
vt 0.398633 0.024249
vt 0.398633 0.024249
vt 0.463581 0.024249
vt 0.536441 0.024249
vt 0.418885 0.045570
vt 0.418885 0.045570
vt 0.438926 0.045570
vt 0.438926 0.045570
vt 0.509316 0.045570
vt 0.509316 0.045570
vt 0.509627 0.045570
vt 0.509627 0.045570
vt 0.532416 0.045570
vt 0.532416 0.045570
vt 0.532416 0.045570
vt 0.532416 0.045570
vt 0.546714 0.045570
vt 0.546714 0.045570
vt 0.546714 0.045570
vt 0.546714 0.045570
vt 0.561095 0.045570
vt 0.561095 0.045570
vt 0.581136 0.045570
vt 0.581136 0.045570
vt 0.396929 0.243210
vt 0.414609 0.243210
vt 0.420796 0.243210
vt 0.448988 0.243210
vt 0.448988 0.243210
vt 0.466961 0.243210
vt 0.466961 0.243210
vt 0.477042 0.243210
vt 0.477042 0.243210
vt 0.508383 0.243210
vt 0.508383 0.243210
vt 0.511149 0.243210
vt 0.511149 0.243210
vt 0.540155 0.243210
vt 0.540155 0.243210
vt 0.541287 0.243210
vt 0.541287 0.243210
vt 0.551033 0.243210
vt 0.551033 0.243210
vt 0.579226 0.243210
vt 0.585413 0.243210
vt 0.603092 0.243210
vt 0.484496 0.288823
vt 0.484496 0.288823
vt 0.409385 0.291546
vt 0.439810 0.291546
vt 0.439810 0.291546
vt 0.455055 0.291546
vt 0.455055 0.291546
vt 0.456480 0.291546
vt 0.543541 0.291546
vt 0.590637 0.291546
vt 0.396136 0.292768
vt 0.420564 0.292768
vt 0.448635 0.292768
vt 0.493405 0.292768
vt 0.493405 0.292768
vt 0.510485 0.292768
vt 0.510485 0.292768
vt 0.518810 0.292768
vt 0.518810 0.292768
vt 0.551387 0.292768
vt 0.579457 0.292768
vt 0.603886 0.292768
vt 0.501987 0.349388
vt 0.501987 0.349388
vt 0.402426 0.350749
vt 0.455925 0.350749
vt 0.455925 0.350749
vt 0.597596 0.350749
vt 0.436606 0.350761
vt 0.436606 0.350761
vt 0.470692 0.350761
vt 0.529330 0.350761
vt 0.466058 0.351360
vt 0.508157 0.351360
vt 0.508157 0.351360
vt 0.533963 0.351360
vt 0.540889 0.351360
vt 0.540889 0.351360
vt 0.412321 0.351659
vt 0.540588 0.351659
vt 0.540588 0.351659
vt 0.587701 0.351659
vt 0.333179 0.371159
vt 0.478150 0.371159
vt 0.478150 0.371159
vt 0.666842 0.371159
vt 0.353187 0.373002
vt 0.479221 0.373002
vt 0.479221 0.373002
vt 0.646835 0.373002
vt 0.333179 0.382539
vt 0.449477 0.382539
vt 0.449477 0.382539
vt 0.666842 0.382539
vt 0.353187 0.384313
vt 0.450654 0.384313
vt 0.450654 0.384313
vt 0.646835 0.384313
vt 0.500011 0.384832
vt 0.463581 0.385698
vt 0.536441 0.385698
vt 0.500011 0.387403
vt 0.441398 0.396675
vt 0.558624 0.396675
vt 0.440933 0.396878
vt 0.559088 0.396878
vt 0.463581 0.398633
vt 0.536441 0.398633
vt 0.336742 0.401376
vt 0.501444 0.401376
vt 0.501444 0.401376
vt 0.663280 0.401376
vt 0.316149 0.403330
vt 0.502985 0.403330
vt 0.502985 0.403330
vt 0.683872 0.403330
vt 0.327494 0.417278
vt 0.439971 0.417278
vt 0.439971 0.417278
vt 0.672527 0.417278
vt 0.397987 0.418491
vt 0.602034 0.418491
vt 0.347502 0.418982
vt 0.441252 0.418982
vt 0.441252 0.418982
vt 0.652520 0.418982
vt 0.474034 0.419558
vt 0.474034 0.419558
vt 0.400942 0.421293
vt 0.599079 0.421293
vt 0.472483 0.424104
vt 0.472483 0.424104
vt 0.500011 0.434275
vt 0.500011 0.436846
vt 0.500011 0.442690
vt 0.453605 0.446118
vt 0.546417 0.446118
vt 0.453141 0.446321
vt 0.546881 0.446321
vt 0.451283 0.447132
vt 0.500011 0.447132
vt 0.548738 0.447132
vt 0.322163 0.448464
vt 0.510896 0.448464
vt 0.510896 0.448464
vt 0.677859 0.448464
vt 0.333179 0.449477
vt 0.666842 0.449477
vt 0.353187 0.450654
vt 0.646835 0.450654
vt 0.300645 0.451153
vt 0.523156 0.451153
vt 0.523156 0.451153
vt 0.699377 0.451153
vt 0.343898 0.451706
vt 0.656124 0.451706
vt 0.474939 0.452087
vt 0.525083 0.452087
vt 0.312195 0.452908
vt 0.687826 0.452908
vt 0.497041 0.454241
vt 0.497041 0.454241
vt 0.343898 0.454259
vt 0.451706 0.454259
vt 0.451706 0.454259
vt 0.656124 0.454259
vt 0.312195 0.456438
vt 0.452908 0.456438
vt 0.452908 0.456438
vt 0.687826 0.456438
vt 0.497954 0.463084
vt 0.497954 0.463084
vt 0.425244 0.464633
vt 0.574777 0.464633
vt 0.432052 0.467646
vt 0.500011 0.467646
vt 0.500011 0.467646
vt 0.506073 0.467646
vt 0.581366 0.467646
vt 0.325123 0.468872
vt 0.484981 0.468872
vt 0.484981 0.468872
vt 0.674899 0.468872
vt 0.304401 0.473064
vt 0.487588 0.473064
vt 0.487588 0.473064
vt 0.695621 0.473064
vt 0.366158 0.476000
vt 0.633864 0.476000
vt 0.333179 0.478150
vt 0.666842 0.478150
vt 0.353187 0.479221
vt 0.646835 0.479221
vt 0.393835 0.480423
vt 0.606186 0.480423
vt 0.392710 0.482090
vt 0.607311 0.482090
vt 0.473729 0.482520
vt 0.526292 0.482520
vt 0.500011 0.482862
vt 0.509504 0.484702
vt 0.509504 0.484702
vt 0.407769 0.484714
vt 0.438914 0.484714
vt 0.438914 0.484714
vt 0.592253 0.484714
vt 0.325123 0.484981
vt 0.674899 0.484981
vt 0.411746 0.485301
vt 0.558422 0.485301
vt 0.558422 0.485301
vt 0.588275 0.485301
vt 0.461313 0.487192
vt 0.538709 0.487192
vt 0.304401 0.487588
vt 0.695621 0.487588
vt 0.448839 0.503639
vt 0.500011 0.503639
vt 0.551182 0.503639
vt 0.456049 0.504609
vt 0.543973 0.504609
vt 0.438926 0.509316
vt 0.561095 0.509316
vt 0.418885 0.509627
vt 0.581136 0.509627
vt 0.399169 0.511760
vt 0.600852 0.511760
vt 0.366158 0.514103
vt 0.633864 0.514103
vt 0.445622 0.515043
vt 0.554400 0.515043
vt 0.425244 0.516366
vt 0.574777 0.516366
vt 0.387162 0.524545
vt 0.612860 0.524545
vt 0.397323 0.530451
vt 0.600513 0.530451
vt 0.457689 0.536429
vt 0.542333 0.536429
vt 0.464551 0.536495
vt 0.535471 0.536495
vt 0.366158 0.552207
vt 0.633864 0.552207
vt 0.448839 0.560147
vt 0.500011 0.560147
vt 0.551182 0.560147
vt 0.405068 0.563891
vt 0.594954 0.563891
vt 0.438926 0.565469
vt 0.561095 0.565469
vt 0.425244 0.566389
vt 0.574777 0.566389
vt 0.402418 0.567208
vt 0.597604 0.567208
vt 0.426225 0.570223
vt 0.426225 0.570223
vt 0.453421 0.570223
vt 0.453421 0.570223
vt 0.500011 0.570223
vt 0.500011 0.570223
vt 0.517682 0.570223
vt 0.517682 0.570223
vt 0.548252 0.570223
vt 0.548252 0.570223
vt 0.573797 0.570223
vt 0.573797 0.570223
vt 0.328840 0.581433
vt 0.581647 0.581433
vt 0.581647 0.581433
vt 0.671182 0.581433
vt 0.307215 0.583657
vt 0.583286 0.583657
vt 0.583286 0.583657
vt 0.692806 0.583657
vt 0.563174 0.593687
vt 0.563174 0.593687
vt 0.564699 0.595987
vt 0.564699 0.595987
vt 0.328840 0.605941
vt 0.544701 0.605941
vt 0.544701 0.605941
vt 0.671182 0.605941
vt 0.307215 0.608317
vt 0.546112 0.608317
vt 0.546112 0.608317
vt 0.692806 0.608317
vt 0.500011 0.674205
vt 0.410875 0.696931
vt 0.437528 0.696931
vt 0.437528 0.696931
vt 0.589147 0.696931
vt 0.410875 0.699846
vt 0.589147 0.699846
vt 0.595359 0.699846
vt 0.595359 0.699846
vt 0.511760 0.711887
vt 0.511760 0.711887
vt 0.500011 0.714496
vt 0.524545 0.717087
vt 0.524545 0.717087
vt 0.402418 0.718175
vt 0.567208 0.718175
vt 0.567208 0.718175
vt 0.597604 0.718175
vt 0.393835 0.722181
vt 0.480423 0.722181
vt 0.480423 0.722181
vt 0.606186 0.722181
vt 0.366158 0.776078
vt 0.366158 0.776078
vt 0.476000 0.776078
vt 0.476000 0.776078
vt 0.514103 0.776078
vt 0.514103 0.776078
vt 0.552207 0.776078
vt 0.552207 0.776078
vt 0.633864 0.776078
vt 0.633864 0.776078
vt 0.425244 0.777483
vt 0.566389 0.777483
vt 0.566389 0.777483
vt 0.574777 0.777483
vt 0.500011 0.786933
vt 0.500011 0.788710
vt 0.425244 0.791981
vt 0.464633 0.791981
vt 0.464633 0.791981
vt 0.574777 0.791981
vt 0.461313 0.817700
vt 0.464551 0.817700
vt 0.487192 0.817700
vt 0.487192 0.817700
vt 0.500011 0.817700
vt 0.500011 0.817700
vt 0.515043 0.817700
vt 0.515043 0.817700
vt 0.535471 0.817700
vt 0.536495 0.817700
vt 0.536495 0.817700
vt 0.538709 0.817700
vt 0.473729 0.843026
vt 0.482520 0.843026
vt 0.482520 0.843026
vt 0.526292 0.843026
vt 0.466187 0.843654
vt 0.500011 0.843654
vt 0.500011 0.843654
vt 0.501771 0.843654
vt 0.501771 0.843654
vt 0.533835 0.843654
vt 0.534217 0.843654
vt 0.534217 0.843654
vt 0.452087 0.853710
vt 0.452087 0.853710
vt 0.474939 0.853710
vt 0.500011 0.853710
vt 0.525083 0.853710
vt 0.500011 0.862193
vt 0.462094 0.864423
vt 0.499315 0.864423
vt 0.499315 0.864423
vt 0.537927 0.864423
vt 0.542865 0.864423
vt 0.542865 0.864423
vt 0.496701 0.914515
vt 0.496701 0.914515
vt 0.500011 0.914515
vt 0.445865 0.914515
vt 0.445865 0.914515
vt 0.454186 0.914515
vt 0.545836 0.914515
vt 0.456219 0.914931
vt 0.543803 0.914931
vt 0.566298 0.914931
vt 0.566298 0.914931
vt 0.500011 0.915907
vt 0.498089 0.928073
vt 0.498089 0.928073
vt 0.446118 0.939556
vt 0.446118 0.939556
vt 0.453605 0.939556
vt 0.546417 0.939556
vt 0.396675 0.941700
vt 0.396675 0.941700
vt 0.441398 0.941700
vt 0.558624 0.941700
vt 0.500011 0.942631
vt 0.446321 0.947943
vt 0.446321 0.947943
vt 0.453141 0.947943
vt 0.546881 0.947943
vt 0.396878 0.950086
vt 0.396878 0.950086
vt 0.440933 0.950086
vt 0.559088 0.950086
vt 0.500011 0.953477
vt 0.447132 0.966931
vt 0.447132 0.966931
vt 0.448839 0.966931
vt 0.451283 0.966931
vt 0.548738 0.966931
vt 0.551182 0.966931
vt 0.560147 0.966931
vt 0.560147 0.966931
vt 0.500011 0.970131
vt 0.500011 0.974870
vt 0.500011 0.980977
vt 0.500011 0.982303
vt 0.503639 0.982303
vt 0.503639 0.982303
vt 0.385698 -0.001101
vt 0.385698 -0.001101
vt 0.397987 -0.001101
vt 0.418491 -0.001101
vt 0.418491 -0.001101
vt 0.463581 -0.001101
vt 0.482090 -0.001101
vt 0.482090 -0.001101
vt 0.504609 -0.001101
vt 0.504609 -0.001101
vt 0.536441 -0.001101
vt 0.602034 -0.001101
vt 0.405068 -0.001101
vt 0.438926 -0.001101
vt 0.530451 -0.001101
vt 0.530451 -0.001101
vt 0.536429 -0.001101
vt 0.536429 -0.001101
vt 0.561095 -0.001101
vt 0.563891 -0.001101
vt 0.563891 -0.001101
vt 0.565469 -0.001101
vt 0.565469 -0.001101
vt 0.594954 -0.001101
vn 0.104785 -0.924661 0.366091
vn 0.103982 -0.924542 0.366619
vn 0.104318 -0.924592 0.366398
vn 0.104318 -0.924592 0.366398
vn 0.103982 -0.924542 0.366619
vn 0.103516 -0.924473 0.366926
vn -0.926733 0.170911 -0.334598
vn -0.909946 0.187636 -0.369854
vn -0.921962 0.175869 -0.345046
vn -0.921962 0.175869 -0.345046
vn -0.909946 0.187636 -0.369854
vn -0.895964 0.200229 -0.396430
vn -0.452359 0.772887 -0.444991
vn -0.450766 0.776886 -0.439610
vn -0.450794 0.776817 -0.439705
vn -0.450794 0.776817 -0.439705
vn -0.450766 0.776886 -0.439610
vn -0.432741 0.816653 -0.381855
vn -0.912224 -0.070248 -0.403624
vn -0.978954 -0.151839 -0.136363
vn -0.960499 -0.118594 -0.251750
vn -0.960499 -0.118594 -0.251750
vn -0.978954 -0.151839 -0.136363
vn -0.980799 -0.157796 -0.114607
vn 0.000000 -1.000000 0.000000
vn 0.000000 -1.000000 0.000000
vn 0.000000 -1.000000 0.000000
vn -0.104399 0.135782 -0.985223
vn -0.163767 0.196971 -0.966635
vn -0.171744 0.205179 -0.963538
vn -0.171744 0.205179 -0.963538
vn -0.163767 0.196971 -0.966635
vn -0.200351 0.234570 -0.951229
vn -0.100779 -0.350340 -0.931185
vn -0.100106 -0.350776 -0.931094
vn -0.099536 -0.351144 -0.931016
vn -0.099536 -0.351144 -0.931016
vn -0.100106 -0.350776 -0.931094
vn -0.098642 -0.351723 -0.930892
vn -0.045066 0.356556 -0.933186
vn 0.031909 0.285929 -0.957719
vn 0.042768 0.275675 -0.960299
vn 0.042768 0.275675 -0.960299
vn 0.031909 0.285929 -0.957719
vn 0.071416 0.248267 -0.966055
vn -0.141975 0.600764 -0.786718
vn -0.095024 0.635206 -0.766475
vn -0.092626 0.636892 -0.765368
vn -0.092626 0.636892 -0.765368
vn -0.095024 0.635206 -0.766475
vn -0.081480 0.644647 -0.760126
vn -0.220786 0.920955 -0.321084
vn -0.220786 0.920955 -0.321084
vn -0.220786 0.920955 -0.321084
vn -0.220786 0.920955 -0.321084
vn 0.004102 0.656134 0.754634
vn 0.000000 0.656458 0.754363
vn 0.003096 0.655368 0.755303
vn 0.003096 0.655368 0.755303
vn 0.000000 0.656458 0.754363
vn 0.000000 0.653005 0.757354
vn -0.078279 0.328970 0.941090
vn -0.078279 0.328970 0.941090
vn -0.078279 0.328970 0.941090
vn -0.078279 0.328970 0.941090
vn -0.073358 -0.114196 0.990746
vn -0.073358 -0.114196 0.990746
vn -0.073358 -0.114196 0.990746
vn -0.073358 -0.114196 0.990746
vn -0.040673 0.175654 0.983611
vn -0.068427 0.156058 0.985375
vn -0.073911 0.152157 0.985589
vn -0.073911 0.152157 0.985589
vn -0.068427 0.156058 0.985375
vn -0.105412 0.129574 0.985951
vn -0.949589 -0.300392 -0.089697
vn -0.580253 -0.804749 -0.125241
vn -0.930375 -0.354175 -0.094670
vn -0.930375 -0.354175 -0.094670
vn -0.580253 -0.804749 -0.125241
vn -0.279829 -0.951963 -0.124344
vn -0.832634 0.264618 0.486516
vn -0.482674 0.019121 0.875592
vn -0.679996 0.143324 0.719071
vn -0.679996 0.143324 0.719071
vn -0.482674 0.019121 0.875592
vn -0.146161 -0.155246 0.977003
vn -0.455187 0.890396 -0.000000
vn -0.242348 0.900998 -0.359821
vn -0.304715 0.913977 -0.267944
vn -0.304715 0.913977 -0.267944
vn -0.242348 0.900998 -0.359821
vn -0.139009 0.858211 -0.494116
vn -0.234459 0.103581 -0.966592
vn -0.234459 0.103581 -0.966592
vn -0.234459 0.103581 -0.966592
vn 0.826995 -0.479267 0.293908
vn 0.826995 -0.479267 0.293908
vn 0.826995 -0.479267 0.293908
vn 0.826995 -0.479267 0.293908
vn -0.290243 -0.302887 0.907755
vn -0.290243 -0.302887 0.907755
vn -0.290243 -0.302887 0.907755
vn -0.290243 -0.302887 0.907755
vn -0.946752 0.314609 -0.068426
vn -0.946752 0.314609 -0.068426
vn -0.946752 0.314609 -0.068426
vn -0.946752 0.314609 -0.068426
vn -0.102155 0.189036 -0.976642
vn -0.098920 0.186835 -0.977398
vn -0.011820 0.126926 -0.991842
vn -0.011820 0.126926 -0.991842
vn -0.098920 0.186835 -0.977398
vn 0.081719 0.061071 -0.994783
vn 0.931929 -0.159997 -0.325436
vn 0.931929 -0.159997 -0.325436
vn 0.931929 -0.159997 -0.325436
vn 0.931929 -0.159997 -0.325436
vn -0.025158 0.398661 0.916753
vn -0.025158 0.398661 0.916753
vn -0.025158 0.398661 0.916753
vn -0.025158 0.398661 0.916753
vn -0.998856 0.036436 -0.030962
vn -0.998856 0.036436 -0.030962
vn -0.998856 0.036436 -0.030962
vn -0.998856 0.036436 -0.030962
vn 0.229701 -0.439567 -0.868342
vn 0.229701 -0.439567 -0.868342
vn 0.229701 -0.439567 -0.868342
vn 0.229701 -0.439567 -0.868342
vn -0.317147 -0.190496 0.929047
vn -0.317147 -0.190496 0.929047
vn -0.317147 -0.190496 0.929047
vn -0.317147 -0.190496 0.929047
vn -0.903253 -0.323579 -0.281834
vn -0.903253 -0.323579 -0.281834
vn -0.903253 -0.323579 -0.281834
vn -0.903253 -0.323579 -0.281834
vn -0.084741 -0.462509 -0.882556
vn -0.084741 -0.462509 -0.882556
vn -0.084741 -0.462509 -0.882556
vn -0.084741 -0.462509 -0.882556
vn -0.278909 0.059476 0.958474
vn -0.278909 0.059476 0.958474
vn -0.278909 0.059476 0.958474
vn -0.278909 0.059476 0.958474
vn -0.977126 0.077246 -0.198134
vn -0.911887 0.221488 -0.345550
vn -0.972051 0.093722 -0.215253
vn 0.898617 0.419042 -0.129963
vn 0.896044 0.419573 -0.145134
vn 0.894673 0.419802 -0.152728
vn 0.894673 0.419802 -0.152728
vn 0.896044 0.419573 -0.145134
vn 0.892078 0.420150 -0.166346
vn -0.014842 0.308429 0.951132
vn 0.008617 0.299001 0.954214
vn -0.005031 0.304510 0.952496
vn -0.005031 0.304510 0.952496
vn 0.008617 0.299001 0.954214
vn 0.036855 0.287393 0.957104
vn -0.911860 -0.381548 0.151437
vn -0.913725 -0.381157 0.140802
vn -0.913054 -0.381305 0.144701
vn -0.913054 -0.381305 0.144701
vn -0.913725 -0.381157 0.140802
vn -0.914869 -0.380882 0.133954
vn 0.001298 -0.610631 -0.791914
vn 0.003944 -0.610823 -0.791758
vn 0.010658 -0.611289 -0.791336
vn 0.010658 -0.611289 -0.791336
vn 0.003944 -0.610823 -0.791758
vn 0.013999 -0.611511 -0.791112
vn 0.706606 -0.450181 -0.545934
vn 0.975778 0.178578 -0.126358
vn 0.949308 -0.062392 -0.308092
vn 0.949308 -0.062392 -0.308092
vn 0.975778 0.178578 -0.126358
vn 0.956629 0.289280 -0.034329
vn 0.132231 0.905075 0.404170
vn 0.068748 0.920530 0.384576
vn 0.093802 0.914952 0.392510
vn 0.093802 0.914952 0.392510
vn 0.068748 0.920530 0.384576
vn 0.049215 0.924412 0.378208
vn -0.968161 -0.232785 0.092058
vn -0.962828 -0.258936 0.076906
vn -0.959710 -0.272382 0.069032
vn -0.959710 -0.272382 0.069032
vn -0.962828 -0.258936 0.076906
vn -0.956813 -0.283972 0.062198
vn 0.463523 -0.212545 -0.860216
vn 0.396584 -0.209508 -0.893772
vn 0.169193 -0.191994 -0.966702
vn 0.169193 -0.191994 -0.966702
vn 0.396584 -0.209508 -0.893772
vn 0.056431 -0.179669 -0.982107
vn -0.097657 -0.397603 -0.912346
vn -0.097657 -0.397603 -0.912346
vn -0.097657 -0.397603 -0.912346
vn -0.097657 -0.397603 -0.912346
vn -0.695676 -0.322913 -0.641687
vn -0.695676 -0.322913 -0.641687
vn -0.695676 -0.322913 -0.641687
vn -0.695676 -0.322913 -0.641687
vn -0.287006 -0.001305 0.957928
vn -0.287006 -0.001305 0.957928
vn -0.287006 -0.001305 0.957928
vn -0.287006 -0.001305 0.957928
vn -0.147207 0.459863 -0.875703
vn -0.147207 0.459863 -0.875703
vn -0.147207 0.459863 -0.875703
vn -0.147207 0.459863 -0.875703
vn -0.653823 0.321008 -0.685179
vn -0.653823 0.321008 -0.685179
vn -0.653823 0.321008 -0.685179
vn -0.653823 0.321008 -0.685179
vn -0.267770 -0.431575 0.861419
vn -0.267770 -0.431575 0.861419
vn -0.267770 -0.431575 0.861419
vn -0.267770 -0.431575 0.861419
vn -0.023463 0.031010 -0.999244
vn -0.023463 0.031010 -0.999244
vn -0.023463 0.031010 -0.999244
vn -0.023463 0.031010 -0.999244
vn -0.769562 0.029296 -0.637900
vn -0.769562 0.029296 -0.637900
vn -0.769562 0.029296 -0.637900
vn -0.769562 0.029296 -0.637900
vn -0.184498 -0.180462 0.966123
vn -0.184498 -0.180462 0.966123
vn -0.184498 -0.180462 0.966123
vn -0.184498 -0.180462 0.966123
vn -0.070579 0.519029 -0.851837
vn -0.070579 0.519029 -0.851837
vn -0.070579 0.519029 -0.851837
vn -0.070579 0.519029 -0.851837
vn -0.836481 0.396925 -0.377822
vn -0.836481 0.396925 -0.377822
vn -0.836481 0.396925 -0.377822
vn -0.836481 0.396925 -0.377822
vn -0.355744 0.487179 0.797560
vn -0.355744 0.487179 0.797560
vn -0.355744 0.487179 0.797560
vn -0.355744 0.487179 0.797560
vn 0.000000 -1.000000 0.000000
vn 0.000000 -1.000000 0.000000
vn 0.000000 -1.000000 0.000000
vn -0.821499 0.569919 0.018236
vn -0.821499 0.569919 0.018236
vn -0.821499 0.569919 0.018236
vn -0.821499 0.569919 0.018236
vn -0.012553 -0.403803 -0.914760
vn -0.012553 -0.403803 -0.914760
vn -0.012553 -0.403803 -0.914760
vn -0.012553 -0.403803 -0.914760
vn -0.939114 -0.301909 -0.164061
vn -0.939114 -0.301909 -0.164061
vn -0.939114 -0.301909 -0.164061
vn -0.939114 -0.301909 -0.164061
vn -0.038031 -0.958595 0.282222
vn -0.038031 -0.958595 0.282222
vn -0.038031 -0.958595 0.282222
vn -0.038031 -0.958595 0.282222
vn 0.000000 -1.000000 0.000000
vn 0.000000 -1.000000 0.000000
vn 0.000000 -1.000000 0.000000
vn -0.850066 0.500561 0.163790
vn -0.850066 0.500561 0.163790
vn -0.850066 0.500561 0.163790
vn -0.850066 0.500561 0.163790
vn -0.882475 -0.094486 0.460772
vn -0.882475 -0.094486 0.460772
vn -0.882475 -0.094486 0.460772
vn -0.882475 -0.094486 0.460772
vn -0.900497 -0.209921 0.380839
vn -0.900497 -0.209921 0.380839
vn -0.900497 -0.209921 0.380839
vn -0.900497 -0.209921 0.380839
vn -0.963850 -0.062817 0.258936
vn -0.963850 -0.062817 0.258936
vn -0.963850 -0.062817 0.258936
vn -0.963850 -0.062817 0.258936
vn -0.953158 0.232821 0.193092
vn -0.953158 0.232821 0.193092
vn -0.953158 0.232821 0.193092
vn -0.953158 0.232821 0.193092
vn -0.979021 -0.118808 0.165539
vn -0.979021 -0.118808 0.165539
vn -0.979021 -0.118808 0.165539
vn -0.979021 -0.118808 0.165539
vn -0.543703 -0.820409 0.176962
vn -0.696074 -0.708802 0.114368
vn -0.836532 -0.546655 0.037190
vn -0.836532 -0.546655 0.037190
vn -0.696074 -0.708802 0.114368
vn -0.850057 -0.525941 0.028084
vn 0.882213 -0.469467 0.036059
vn 0.882213 -0.469467 0.036059
vn 0.882213 -0.469467 0.036059
vn 0.882213 -0.469467 0.036059
vn 0.960480 0.126671 0.247856
vn 0.960480 0.126671 0.247856
vn 0.960480 0.126671 0.247856
vn 0.960480 0.126671 0.247856
vn 0.962199 -0.223301 -0.155915
vn 0.979471 0.124102 -0.158859
vn 0.986736 -0.027533 -0.159980
vn 0.986736 -0.027533 -0.159980
vn 0.979471 0.124102 -0.158859
vn 0.732602 0.670166 -0.119045
vn 0.878443 0.253824 -0.404859
vn 0.902046 0.105851 -0.418460
vn 0.900440 0.122337 -0.417422
vn 0.900440 0.122337 -0.417422
vn 0.902046 0.105851 -0.418460
vn 0.905721 -0.032703 -0.422611
vn 0.078814 -0.248845 0.965331
vn 0.081757 -0.249887 0.964817
vn 0.080175 -0.249327 0.965095
vn 0.080175 -0.249327 0.965095
vn 0.081757 -0.249887 0.964817
vn 0.083115 -0.250366 0.964577
vn -0.896833 -0.224439 0.381206
vn -0.895554 -0.233671 0.378657
vn -0.894698 -0.239527 0.377019
vn -0.894698 -0.239527 0.377019
vn -0.895554 -0.233671 0.378657
vn -0.893294 -0.248646 0.374434
vn -0.954452 0.121224 0.272629
vn -0.966347 -0.069567 0.247658
vn -0.963705 -0.117024 0.239954
vn -0.963705 -0.117024 0.239954
vn -0.966347 -0.069567 0.247658
vn -0.961973 -0.136446 0.236624
vn -0.993341 0.076685 0.085986
vn -0.993341 0.076685 0.085986
vn -0.993341 0.076685 0.085986
vn -0.993341 0.076685 0.085986
vn -0.936290 0.343204 -0.074646
vn -0.936290 0.343204 -0.074646
vn -0.936290 0.343204 -0.074646
vn -0.936290 0.343204 -0.074646
vn -0.296686 0.920440 0.254495
vn -0.347129 0.920277 0.180533
vn -0.381445 0.915648 0.126843
vn -0.381445 0.915648 0.126843
vn -0.347129 0.920277 0.180533
vn -0.455188 0.890395 -0.000000
vn -0.483674 0.831749 0.272494
vn -0.465307 0.851396 0.242102
vn -0.464096 0.852616 0.240128
vn -0.464096 0.852616 0.240128
vn -0.465307 0.851396 0.242102
vn -0.461788 0.854914 0.236377
vn -0.799515 -0.509610 0.317920
vn -0.799515 -0.509610 0.317920
vn -0.799515 -0.509610 0.317920
vn -0.799515 -0.509610 0.317920
vn -0.855617 -0.371443 0.360486
vn -0.855617 -0.371443 0.360486
vn -0.855617 -0.371443 0.360486
vn -0.855617 -0.371443 0.360486
vn -0.917526 0.093409 0.386549
vn -0.921437 0.064514 0.383134
vn -0.949524 0.149657 0.275694
vn -0.917526 0.093409 0.386549
vn -0.293796 0.918095 0.266054
vn -0.293796 0.918095 0.266054
vn -0.293796 0.918095 0.266054
vn -0.293796 0.918095 0.266054
vn -0.089952 0.208351 -0.973909
vn -0.089952 0.208351 -0.973909
vn -0.089952 0.208351 -0.973909
vn -0.089952 0.208351 -0.973909
vn -0.841762 0.395555 -0.367388
vn -0.841762 0.395555 -0.367388
vn -0.841762 0.395555 -0.367388
vn -0.841762 0.395555 -0.367388
vn -0.823751 0.284367 0.490480
vn -0.823751 0.284367 0.490480
vn -0.823751 0.284367 0.490480
vn -0.823751 0.284367 0.490480
vn 0.006874 -0.174517 0.984630
vn 0.006874 -0.174517 0.984630
vn 0.000000 -0.174521 0.984653
vn 0.000000 -0.174521 0.984653
vn 0.965193 -0.167545 0.200824
vn 0.965193 -0.167545 0.200824
vn 0.965193 -0.167545 0.200824
vn 0.965193 -0.167545 0.200824
vn 0.903137 -0.293754 0.313132
vn 0.903137 -0.293754 0.313132
vn 0.903137 -0.293754 0.313132
vn 0.903137 -0.293754 0.313132
vn 0.835549 0.538567 0.108638
vn 0.835549 0.538567 0.108638
vn 0.835549 0.538567 0.108638
vn 0.835549 0.538567 0.108638
vn 0.924923 -0.121539 0.360202
vn 0.924923 -0.121539 0.360202
vn 0.924923 -0.121539 0.360202
vn 0.924923 -0.121539 0.360202
vn 0.882477 -0.023228 -0.469782
vn 0.882477 -0.023228 -0.469782
vn 0.882477 -0.023228 -0.469782
vn 0.882477 -0.023228 -0.469782
vn 0.867090 0.180483 -0.464308
vn 0.867090 0.180483 -0.464308
vn 0.867090 0.180483 -0.464308
vn 0.867090 0.180483 -0.464308
vn 0.841911 -0.331901 -0.425474
vn 0.841911 -0.331901 -0.425474
vn 0.841911 -0.331901 -0.425474
vn 0.841911 -0.331901 -0.425474
vn 0.000000 -1.000000 0.000000
vn 0.000000 -1.000000 0.000000
vn 0.000000 -1.000000 0.000000
vn 0.783959 0.345078 -0.516070
vn 0.783959 0.345078 -0.516070
vn 0.783959 0.345078 -0.516070
vn 0.783959 0.345078 -0.516070
vn 0.790305 0.609909 -0.058554
vn 0.790305 0.609909 -0.058554
vn 0.790305 0.609909 -0.058554
vn 0.000000 -1.000000 0.000000
vn 0.000000 -1.000000 0.000000
vn 0.000000 -1.000000 0.000000
vn -0.288734 -0.238455 -0.927239
vn -0.144182 -0.185697 -0.971971
vn -0.238924 -0.220664 -0.945634
vn -0.238924 -0.220664 -0.945634
vn -0.144182 -0.185697 -0.971971
vn -0.006288 -0.132296 -0.991190
vn 0.962200 -0.245863 -0.117146
vn 0.962200 -0.245863 -0.117146
vn 0.962200 -0.245863 -0.117146
vn 0.962200 -0.245863 -0.117146
vn 0.976244 -0.207182 0.063431
vn 0.976244 -0.207182 0.063431
vn 0.976244 -0.207182 0.063431
vn 0.976244 -0.207182 0.063431
vn -0.167047 -0.061511 0.984028
vn -0.167047 -0.061511 0.984028
vn -0.167047 -0.061511 0.984028
vn -0.167047 -0.061511 0.984028
vn -0.979731 0.017983 0.199509
vn -0.979731 0.017983 0.199509
vn -0.979731 0.017983 0.199509
vn -0.979731 0.017983 0.199509
vn -0.901924 -0.023621 -0.431248
vn -0.901924 -0.023621 -0.431248
vn -0.901924 -0.023621 -0.431248
vn -0.901924 -0.023621 -0.431248
vn -0.982936 0.182845 0.020092
vn -0.982936 0.182845 0.020092
vn -0.982936 0.182845 0.020092
vn -0.982936 0.182845 0.020092
vn -0.440523 0.075333 0.894575
vn -0.440523 0.075333 0.894575
vn -0.440523 0.075333 0.894575
vn -0.440523 0.075333 0.894575
vn 0.997966 -0.008202 -0.063214
vn 0.996607 -0.060057 -0.056291
vn 0.997343 -0.043303 -0.058577
vn 0.998786 -0.048592 0.008091
vn 0.998786 -0.048592 0.008091
vn 0.998786 -0.048592 0.008091
vn 0.998786 -0.048592 0.008091
vn 0.837232 0.060567 -0.543483
vn 0.837232 0.060567 -0.543483
vn 0.837232 0.060567 -0.543483
vn 0.837232 0.060567 -0.543483
vn -0.087722 0.176797 -0.980330
vn -0.087722 0.176797 -0.980330
vn -0.087722 0.176797 -0.980330
vn -0.087722 0.176797 -0.980330
vn -0.962777 0.143406 -0.229117
vn -0.962777 0.143406 -0.229117
vn -0.962777 0.143406 -0.229117
vn -0.962777 0.143406 -0.229117
vn -0.971622 0.230993 -0.050923
vn -0.971622 0.230993 -0.050923
vn -0.971622 0.230993 -0.050923
vn -0.971622 0.230993 -0.050923
vn -0.241098 0.132838 0.961367
vn -0.241098 0.132838 0.961367
vn -0.241098 0.132838 0.961367
vn -0.241098 0.132838 0.961367
vn -0.963497 0.176120 0.201631
vn -0.949524 0.149657 0.275694
vn -0.921437 0.064514 0.383134
vn -0.143436 0.218428 0.965254
vn -0.143436 0.218428 0.965254
vn -0.143436 0.218428 0.965254
vn -0.143436 0.218428 0.965254
vn -0.963086 0.192810 0.187858
vn -0.963086 0.192810 0.187858
vn -0.949524 0.149657 0.275694
vn -0.963497 0.176120 0.201631
vn -0.978113 0.073800 -0.194547
vn -0.977126 0.077246 -0.198134
vn -0.972051 0.093722 -0.215253
vn -0.978113 0.073800 -0.194547
vn -0.089959 0.166489 -0.981931
vn -0.089959 0.166489 -0.981931
vn -0.089959 0.166489 -0.981931
vn -0.089959 0.166489 -0.981931
vn 0.210057 -0.929078 0.304450
vn 0.210057 -0.929078 0.304450
vn 0.210057 -0.929078 0.304450
vn 0.210057 -0.929078 0.304450
vn -0.259972 0.915653 -0.306585
vn -0.259972 0.915653 -0.306585
vn -0.259972 0.915653 -0.306585
vn -0.259972 0.915653 -0.306585
vn -0.969728 -0.059421 -0.236850
vn -0.969728 -0.059421 -0.236850
vn -0.969728 -0.059421 -0.236850
vn -0.969728 -0.059421 -0.236850
vn 0.000000 -1.000000 0.000000
vn 0.000000 -1.000000 0.000000
vn 0.000000 -1.000000 0.000000
vn 0.996520 -0.061686 -0.056071
vn 0.996520 -0.061686 -0.056071
vn 0.997343 -0.043303 -0.058577
vn 0.996607 -0.060057 -0.056291
vn -0.826687 0.324521 -0.459647
vn -0.826687 0.324521 -0.459647
vn -0.826687 0.324521 -0.459647
vn -0.114787 0.965972 0.231780
vn -0.114787 0.965972 0.231780
vn -0.114787 0.965972 0.231780
vn -0.114787 0.965972 0.231780
vn -0.104785 -0.924661 0.366091
vn -0.104318 -0.924592 0.366398
vn -0.103982 -0.924542 0.366619
vn -0.104318 -0.924592 0.366398
vn -0.103516 -0.924473 0.366926
vn -0.103982 -0.924542 0.366619
vn 0.926733 0.170911 -0.334598
vn 0.921962 0.175869 -0.345046
vn 0.909946 0.187636 -0.369854
vn 0.921962 0.175869 -0.345046
vn 0.895964 0.200229 -0.396430
vn 0.909946 0.187636 -0.369854
vn 0.452359 0.772887 -0.444991
vn 0.450793 0.776817 -0.439705
vn 0.450766 0.776887 -0.439610
vn 0.450793 0.776817 -0.439705
vn 0.432742 0.816653 -0.381855
vn 0.450766 0.776887 -0.439610
vn 0.912224 -0.070249 -0.403624
vn 0.960498 -0.118596 -0.251750
vn 0.978953 -0.151839 -0.136363
vn 0.960498 -0.118596 -0.251750
vn 0.980799 -0.157796 -0.114607
vn 0.978953 -0.151839 -0.136363
vn -0.000000 -1.000000 0.000000
vn -0.000000 -1.000000 0.000000
vn -0.000000 -1.000000 0.000000
vn 0.104399 0.135782 -0.985223
vn 0.171744 0.205179 -0.963538
vn 0.163767 0.196972 -0.966635
vn 0.171744 0.205179 -0.963538
vn 0.200351 0.234570 -0.951229
vn 0.163767 0.196972 -0.966635
vn 0.100779 -0.350340 -0.931185
vn 0.099536 -0.351144 -0.931016
vn 0.100106 -0.350776 -0.931094
vn 0.099536 -0.351144 -0.931016
vn 0.098642 -0.351723 -0.930892
vn 0.100106 -0.350776 -0.931094
vn 0.045066 0.356556 -0.933186
vn -0.042767 0.275674 -0.960299
vn -0.031912 0.285931 -0.957719
vn -0.042767 0.275674 -0.960299
vn -0.071416 0.248267 -0.966055
vn -0.031912 0.285931 -0.957719
vn 0.141975 0.600764 -0.786718
vn 0.092627 0.636892 -0.765368
vn 0.095023 0.635206 -0.766475
vn 0.092627 0.636892 -0.765368
vn 0.081480 0.644647 -0.760126
vn 0.095023 0.635206 -0.766475
vn 0.220786 0.920955 -0.321084
vn 0.220786 0.920955 -0.321084
vn 0.220786 0.920955 -0.321084
vn 0.220786 0.920955 -0.321084
vn -0.004102 0.656134 0.754633
vn -0.003096 0.655368 0.755303
vn 0.000000 0.656458 0.754363
vn -0.003096 0.655368 0.755303
vn 0.000000 0.653005 0.757354
vn 0.000000 0.656458 0.754363
vn 0.078279 0.328970 0.941090
vn 0.078279 0.328970 0.941090
vn 0.078279 0.328970 0.941090
vn 0.078279 0.328970 0.941090
vn 0.073358 -0.114196 0.990746
vn 0.073358 -0.114196 0.990746
vn 0.073358 -0.114196 0.990746
vn 0.073358 -0.114196 0.990746
vn 0.040673 0.175654 0.983611
vn 0.073950 0.152130 0.985590
vn 0.068388 0.156085 0.985373
vn 0.073950 0.152130 0.985590
vn 0.105412 0.129574 0.985951
vn 0.068388 0.156085 0.985373
vn 0.949589 -0.300392 -0.089696
vn 0.930375 -0.354175 -0.094669
vn 0.580253 -0.804749 -0.125241
vn 0.930375 -0.354175 -0.094669
vn 0.279829 -0.951963 -0.124344
vn 0.580253 -0.804749 -0.125241
vn 0.832634 0.264618 0.486517
vn 0.679996 0.143323 0.719071
vn 0.482674 0.019120 0.875591
vn 0.679996 0.143323 0.719071
vn 0.146161 -0.155246 0.977003
vn 0.482674 0.019120 0.875591
vn 0.455187 0.890396 -0.000000
vn 0.304714 0.913978 -0.267943
vn 0.242347 0.900998 -0.359820
vn 0.304714 0.913978 -0.267943
vn 0.139009 0.858211 -0.494116
vn 0.242347 0.900998 -0.359820
vn 0.234459 0.103581 -0.966592
vn 0.234459 0.103581 -0.966592
vn 0.234459 0.103581 -0.966592
vn -0.826995 -0.479267 0.293909
vn -0.826995 -0.479267 0.293909
vn -0.826995 -0.479267 0.293909
vn -0.826995 -0.479267 0.293909
vn 0.290243 -0.302887 0.907755
vn 0.290243 -0.302887 0.907755
vn 0.290243 -0.302887 0.907755
vn 0.290243 -0.302887 0.907755
vn 0.946752 0.314609 -0.068426
vn 0.946752 0.314609 -0.068426
vn 0.946752 0.314609 -0.068426
vn 0.946752 0.314609 -0.068426
vn 0.102156 0.189036 -0.976642
vn 0.011826 0.126918 -0.991843
vn 0.098920 0.186836 -0.977398
vn 0.011826 0.126918 -0.991843
vn -0.081719 0.061071 -0.994783
vn 0.098920 0.186836 -0.977398
vn -0.931929 -0.159998 -0.325438
vn -0.931929 -0.159998 -0.325438
vn -0.931929 -0.159998 -0.325438
vn -0.931929 -0.159998 -0.325438
vn 0.025157 0.398661 0.916753
vn 0.025157 0.398661 0.916753
vn 0.025157 0.398661 0.916753
vn 0.025157 0.398661 0.916753
vn 0.998856 0.036436 -0.030962
vn 0.998856 0.036436 -0.030962
vn 0.998856 0.036436 -0.030962
vn 0.998856 0.036436 -0.030962
vn -0.229701 -0.439568 -0.868342
vn -0.229701 -0.439568 -0.868342
vn -0.229701 -0.439568 -0.868342
vn -0.229701 -0.439568 -0.868342
vn 0.317147 -0.190496 0.929047
vn 0.317147 -0.190496 0.929047
vn 0.317147 -0.190496 0.929047
vn 0.317147 -0.190496 0.929047
vn 0.903253 -0.323580 -0.281834
vn 0.903253 -0.323580 -0.281834
vn 0.903253 -0.323580 -0.281834
vn 0.903253 -0.323580 -0.281834
vn 0.084740 -0.462509 -0.882556
vn 0.084740 -0.462509 -0.882556
vn 0.084740 -0.462509 -0.882556
vn 0.084740 -0.462509 -0.882556
vn 0.278909 0.059476 0.958474
vn 0.278909 0.059476 0.958474
vn 0.278909 0.059476 0.958474
vn 0.278909 0.059476 0.958474
vn 0.977126 0.077246 -0.198134
vn 0.972051 0.093722 -0.215253
vn 0.911887 0.221489 -0.345550
vn -0.898617 0.419042 -0.129963
vn -0.894622 0.419810 -0.153008
vn -0.895985 0.419584 -0.145463
vn -0.894622 0.419810 -0.153008
vn -0.892078 0.420150 -0.166345
vn -0.895985 0.419584 -0.145463
vn 0.014842 0.308429 0.951132
vn 0.005031 0.304510 0.952496
vn -0.008617 0.299001 0.954214
vn 0.005031 0.304510 0.952496
vn -0.036855 0.287393 0.957104
vn -0.008617 0.299001 0.954214
vn 0.911860 -0.381548 0.151436
vn 0.913054 -0.381305 0.144701
vn 0.913725 -0.381157 0.140802
vn 0.913054 -0.381305 0.144701
vn 0.914869 -0.380882 0.133954
vn 0.913725 -0.381157 0.140802
vn -0.001298 -0.610632 -0.791914
vn -0.010658 -0.611289 -0.791336
vn -0.004422 -0.610857 -0.791728
vn -0.010658 -0.611289 -0.791336
vn -0.013999 -0.611511 -0.791112
vn -0.004422 -0.610857 -0.791728
vn -0.706605 -0.450182 -0.545935
vn -0.949309 -0.062396 -0.308088
vn -0.975774 0.178617 -0.126339
vn -0.949309 -0.062396 -0.308088
vn -0.956629 0.289280 -0.034329
vn -0.975774 0.178617 -0.126339
vn -0.132231 0.905075 0.404171
vn -0.093846 0.914941 0.392524
vn -0.068748 0.920530 0.384576
vn -0.093846 0.914941 0.392524
vn -0.049215 0.924412 0.378208
vn -0.068748 0.920530 0.384576
vn 0.968161 -0.232785 0.092058
vn 0.959710 -0.272382 0.069032
vn 0.962819 -0.258977 0.076882
vn 0.959710 -0.272382 0.069032
vn 0.956813 -0.283972 0.062199
vn 0.962819 -0.258977 0.076882
vn -0.463524 -0.212545 -0.860215
vn -0.169193 -0.191993 -0.966702
vn -0.396584 -0.209507 -0.893772
vn -0.169193 -0.191993 -0.966702
vn -0.056431 -0.179669 -0.982107
vn -0.396584 -0.209507 -0.893772
vn 0.097657 -0.397603 -0.912346
vn 0.097657 -0.397603 -0.912346
vn 0.097657 -0.397603 -0.912346
vn 0.097657 -0.397603 -0.912346
vn 0.695675 -0.322913 -0.641687
vn 0.695675 -0.322913 -0.641687
vn 0.695675 -0.322913 -0.641687
vn 0.695675 -0.322913 -0.641687
vn 0.287006 -0.001305 0.957928
vn 0.287006 -0.001305 0.957928
vn 0.287006 -0.001305 0.957928
vn 0.287006 -0.001305 0.957928
vn 0.147207 0.459863 -0.875703
vn 0.147207 0.459863 -0.875703
vn 0.147207 0.459863 -0.875703
vn 0.147207 0.459863 -0.875703
vn 0.653822 0.321008 -0.685179
vn 0.653822 0.321008 -0.685179
vn 0.653822 0.321008 -0.685179
vn 0.653822 0.321008 -0.685179
vn 0.267770 -0.431575 0.861419
vn 0.267770 -0.431575 0.861419
vn 0.267770 -0.431575 0.861419
vn 0.267770 -0.431575 0.861419
vn 0.023463 0.031010 -0.999244
vn 0.023463 0.031010 -0.999244
vn 0.023463 0.031010 -0.999244
vn 0.023463 0.031010 -0.999244
vn 0.769561 0.029296 -0.637900
vn 0.769561 0.029296 -0.637900
vn 0.769561 0.029296 -0.637900
vn 0.769561 0.029296 -0.637900
vn 0.184498 -0.180462 0.966123
vn 0.184498 -0.180462 0.966123
vn 0.184498 -0.180462 0.966123
vn 0.184498 -0.180462 0.966123
vn 0.070579 0.519029 -0.851838
vn 0.070579 0.519029 -0.851838
vn 0.070579 0.519029 -0.851838
vn 0.070579 0.519029 -0.851838
vn 0.836481 0.396925 -0.377822
vn 0.836481 0.396925 -0.377822
vn 0.836481 0.396925 -0.377822
vn 0.836481 0.396925 -0.377822
vn 0.355744 0.487179 0.797560
vn 0.355744 0.487179 0.797560
vn 0.355744 0.487179 0.797560
vn 0.355744 0.487179 0.797560
vn -0.000000 -1.000000 0.000000
vn 0.000000 -1.000000 0.000000
vn 0.000000 -1.000000 0.000000
vn 0.821499 0.569919 0.018236
vn 0.821499 0.569919 0.018236
vn 0.821499 0.569919 0.018236
vn 0.821499 0.569919 0.018236
vn 0.012553 -0.403803 -0.914760
vn 0.012553 -0.403803 -0.914760
vn 0.012553 -0.403803 -0.914760
vn 0.012553 -0.403803 -0.914760
vn 0.939114 -0.301909 -0.164061
vn 0.939114 -0.301909 -0.164061
vn 0.939114 -0.301909 -0.164061
vn 0.939114 -0.301909 -0.164061
vn 0.038032 -0.958595 0.282222
vn 0.038032 -0.958595 0.282222
vn 0.038032 -0.958595 0.282222
vn 0.038032 -0.958595 0.282222
vn -0.000000 -1.000000 0.000000
vn -0.000000 -1.000000 0.000000
vn -0.000000 -1.000000 0.000000
vn 0.850065 0.500561 0.163790
vn 0.850065 0.500561 0.163790
vn 0.850065 0.500561 0.163790
vn 0.850065 0.500561 0.163790
vn 0.882474 -0.094486 0.460772
vn 0.882474 -0.094486 0.460772
vn 0.882474 -0.094486 0.460772
vn 0.882474 -0.094486 0.460772
vn 0.900497 -0.209921 0.380839
vn 0.900497 -0.209921 0.380839
vn 0.900497 -0.209921 0.380839
vn 0.900497 -0.209921 0.380839
vn 0.963850 -0.062816 0.258936
vn 0.963850 -0.062816 0.258936
vn 0.963850 -0.062816 0.258936
vn 0.963850 -0.062816 0.258936
vn 0.953158 0.232821 0.193091
vn 0.953158 0.232821 0.193091
vn 0.953158 0.232821 0.193091
vn 0.953158 0.232821 0.193091
vn 0.979021 -0.118808 0.165539
vn 0.979021 -0.118808 0.165539
vn 0.979021 -0.118808 0.165539
vn 0.979021 -0.118808 0.165539
vn 0.543704 -0.820409 0.176962
vn 0.836532 -0.546655 0.037190
vn 0.696073 -0.708804 0.114361
vn 0.836532 -0.546655 0.037190
vn 0.850057 -0.525941 0.028085
vn 0.696073 -0.708804 0.114361
vn -0.882213 -0.469467 0.036059
vn -0.882213 -0.469467 0.036059
vn -0.882213 -0.469467 0.036059
vn -0.882213 -0.469467 0.036059
vn -0.960480 0.126671 0.247856
vn -0.960480 0.126671 0.247856
vn -0.960480 0.126671 0.247856
vn -0.960480 0.126671 0.247856
vn -0.962199 -0.223302 -0.155914
vn -0.986739 -0.027533 -0.159962
vn -0.979472 0.124102 -0.158853
vn -0.986739 -0.027533 -0.159962
vn -0.732602 0.670166 -0.119045
vn -0.979472 0.124102 -0.158853
vn -0.878443 0.253824 -0.404859
vn -0.900441 0.122337 -0.417421
vn -0.902042 0.105896 -0.418457
vn -0.900441 0.122337 -0.417421
vn -0.905722 -0.032703 -0.422609
vn -0.902042 0.105896 -0.418457
vn -0.078814 -0.248845 0.965331
vn -0.080175 -0.249327 0.965095
vn -0.081757 -0.249887 0.964817
vn -0.080175 -0.249327 0.965095
vn -0.083115 -0.250366 0.964577
vn -0.081757 -0.249887 0.964817
vn 0.896833 -0.224439 0.381206
vn 0.894698 -0.239527 0.377018
vn 0.895554 -0.233671 0.378657
vn 0.894698 -0.239527 0.377018
vn 0.893294 -0.248645 0.374434
vn 0.895554 -0.233671 0.378657
vn 0.954452 0.121224 0.272629
vn 0.963705 -0.117024 0.239953
vn 0.966346 -0.069567 0.247661
vn 0.963705 -0.117024 0.239953
vn 0.961973 -0.136447 0.236624
vn 0.966346 -0.069567 0.247661
vn 0.993341 0.076685 0.085985
vn 0.993341 0.076685 0.085985
vn 0.993341 0.076685 0.085985
vn 0.993341 0.076685 0.085985
vn 0.936290 0.343204 -0.074646
vn 0.936290 0.343204 -0.074646
vn 0.936290 0.343204 -0.074646
vn 0.936290 0.343204 -0.074646
vn 0.296685 0.920440 0.254495
vn 0.381444 0.915648 0.126842
vn 0.347129 0.920277 0.180533
vn 0.381444 0.915648 0.126842
vn 0.455188 0.890395 -0.000000
vn 0.347129 0.920277 0.180533
vn 0.483674 0.831749 0.272494
vn 0.464096 0.852615 0.240128
vn 0.465286 0.851418 0.242066
vn 0.464096 0.852615 0.240128
vn 0.461788 0.854914 0.236377
vn 0.465286 0.851418 0.242066
vn 0.799515 -0.509610 0.317920
vn 0.799515 -0.509610 0.317920
vn 0.799515 -0.509610 0.317920
vn 0.799515 -0.509610 0.317920
vn 0.855617 -0.371443 0.360486
vn 0.855617 -0.371443 0.360486
vn 0.855617 -0.371443 0.360486
vn 0.855617 -0.371443 0.360486
vn 0.917526 0.093410 0.386550
vn 0.917526 0.093410 0.386550
vn 0.949527 0.149647 0.275688
vn 0.921437 0.064513 0.383135
vn 0.293796 0.918095 0.266054
vn 0.293796 0.918095 0.266054
vn 0.293796 0.918095 0.266054
vn 0.293796 0.918095 0.266054
vn 0.089952 0.208351 -0.973909
vn 0.089952 0.208351 -0.973909
vn 0.089952 0.208351 -0.973909
vn 0.089952 0.208351 -0.973909
vn 0.841762 0.395555 -0.367388
vn 0.841762 0.395555 -0.367388
vn 0.841762 0.395555 -0.367388
vn 0.841762 0.395555 -0.367388
vn 0.823751 0.284366 0.490480
vn 0.823751 0.284366 0.490480
vn 0.823751 0.284366 0.490480
vn 0.823751 0.284366 0.490480
vn -0.006874 -0.174517 0.984630
vn 0.000000 -0.174521 0.984653
vn 0.000000 -0.174521 0.984653
vn -0.006874 -0.174517 0.984630
vn -0.965193 -0.167545 0.200824
vn -0.965193 -0.167545 0.200824
vn -0.965193 -0.167545 0.200824
vn -0.965193 -0.167545 0.200824
vn -0.903137 -0.293754 0.313132
vn -0.903137 -0.293754 0.313132
vn -0.903137 -0.293754 0.313132
vn -0.903137 -0.293754 0.313132
vn -0.835550 0.538567 0.108637
vn -0.835550 0.538567 0.108637
vn -0.835550 0.538567 0.108637
vn -0.835550 0.538567 0.108637
vn -0.924923 -0.121539 0.360202
vn -0.924923 -0.121539 0.360202
vn -0.924923 -0.121539 0.360202
vn -0.924923 -0.121539 0.360202
vn -0.882477 -0.023228 -0.469782
vn -0.882477 -0.023228 -0.469782
vn -0.882477 -0.023228 -0.469782
vn -0.882477 -0.023228 -0.469782
vn -0.867090 0.180483 -0.464308
vn -0.867090 0.180483 -0.464308
vn -0.867090 0.180483 -0.464308
vn -0.867090 0.180483 -0.464308
vn -0.841911 -0.331901 -0.425474
vn -0.841911 -0.331901 -0.425474
vn -0.841911 -0.331901 -0.425474
vn -0.841911 -0.331901 -0.425474
vn 0.000000 -1.000000 0.000000
vn -0.000000 -1.000000 0.000000
vn -0.000000 -1.000000 0.000000
vn -0.783959 0.345078 -0.516070
vn -0.783959 0.345078 -0.516070
vn -0.783959 0.345078 -0.516070
vn -0.783959 0.345078 -0.516070
vn -0.790306 0.609909 -0.058554
vn -0.790306 0.609909 -0.058554
vn -0.790306 0.609909 -0.058554
vn -0.000000 -1.000000 0.000000
vn -0.000000 -1.000000 0.000000
vn -0.000000 -1.000000 0.000000
vn 0.288734 -0.238455 -0.927239
vn 0.238923 -0.220665 -0.945634
vn 0.144182 -0.185698 -0.971971
vn 0.238923 -0.220665 -0.945634
vn 0.006288 -0.132296 -0.991190
vn 0.144182 -0.185698 -0.971971
vn -0.962200 -0.245863 -0.117146
vn -0.962200 -0.245863 -0.117146
vn -0.962200 -0.245863 -0.117146
vn -0.962200 -0.245863 -0.117146
vn -0.976244 -0.207182 0.063431
vn -0.976244 -0.207182 0.063431
vn -0.976244 -0.207182 0.063431
vn -0.976244 -0.207182 0.063431
vn 0.167047 -0.061511 0.984028
vn 0.167047 -0.061511 0.984028
vn 0.167047 -0.061511 0.984028
vn 0.167047 -0.061511 0.984028
vn 0.979731 0.017984 0.199509
vn 0.979731 0.017984 0.199509
vn 0.979731 0.017984 0.199509
vn 0.979731 0.017984 0.199509
vn 0.901924 -0.023621 -0.431248
vn 0.901924 -0.023621 -0.431248
vn 0.901924 -0.023621 -0.431248
vn 0.901924 -0.023621 -0.431248
vn 0.982936 0.182845 0.020091
vn 0.982936 0.182845 0.020091
vn 0.982936 0.182845 0.020091
vn 0.982936 0.182845 0.020091
vn 0.440523 0.075333 0.894575
vn 0.440523 0.075333 0.894575
vn 0.440523 0.075333 0.894575
vn 0.440523 0.075333 0.894575
vn -0.997966 -0.008202 -0.063214
vn -0.997345 -0.043299 -0.058548
vn -0.996609 -0.060010 -0.056298
vn -0.998786 -0.048592 0.008091
vn -0.998786 -0.048592 0.008091
vn -0.998786 -0.048592 0.008091
vn -0.998786 -0.048592 0.008091
vn -0.837232 0.060567 -0.543483
vn -0.837232 0.060567 -0.543483
vn -0.837232 0.060567 -0.543483
vn -0.837232 0.060567 -0.543483
vn 0.087722 0.176797 -0.980330
vn 0.087722 0.176797 -0.980330
vn 0.087722 0.176797 -0.980330
vn 0.087722 0.176797 -0.980330
vn 0.975736 0.095690 -0.196935
vn 0.975736 0.095690 -0.196935
vn 0.975736 0.095690 -0.196935
vn 0.975736 0.095690 -0.196935
vn 0.980566 0.180972 -0.075758
vn 0.980566 0.180972 -0.075758
vn 0.980566 0.180972 -0.075758
vn 0.980566 0.180972 -0.075758
vn 0.241097 0.132838 0.961367
vn 0.241097 0.132838 0.961367
vn 0.241097 0.132838 0.961367
vn 0.241097 0.132838 0.961367
vn 0.963497 0.176120 0.201631
vn 0.921437 0.064513 0.383135
vn 0.949527 0.149647 0.275688
vn 0.143436 0.218428 0.965254
vn 0.143436 0.218428 0.965254
vn 0.143436 0.218428 0.965254
vn 0.143436 0.218428 0.965254
vn 0.963086 0.192810 0.187857
vn 0.963497 0.176120 0.201631
vn 0.949527 0.149647 0.275688
vn 0.963086 0.192810 0.187857
vn 0.978113 0.073799 -0.194547
vn 0.978113 0.073799 -0.194547
vn 0.972051 0.093722 -0.215253
vn 0.977126 0.077246 -0.198134
vn 0.089959 0.166489 -0.981931
vn 0.089959 0.166489 -0.981931
vn 0.089959 0.166489 -0.981931
vn 0.089959 0.166489 -0.981931
vn -0.210057 -0.929078 0.304450
vn -0.210057 -0.929078 0.304450
vn -0.210057 -0.929078 0.304450
vn -0.210057 -0.929078 0.304450
vn 0.259973 0.915653 -0.306585
vn 0.259973 0.915653 -0.306585
vn 0.259973 0.915653 -0.306585
vn 0.259973 0.915653 -0.306585
vn 0.969728 -0.059421 -0.236848
vn 0.969728 -0.059421 -0.236848
vn 0.969728 -0.059421 -0.236848
vn 0.969728 -0.059421 -0.236848
vn -0.000000 -1.000000 0.000000
vn 0.000000 -1.000000 0.000000
vn -0.000000 -1.000000 0.000000
vn -0.996519 -0.061686 -0.056071
vn -0.996609 -0.060010 -0.056298
vn -0.997345 -0.043299 -0.058548
vn -0.996519 -0.061686 -0.056071
vn 0.826687 0.324521 -0.459647
vn 0.826687 0.324521 -0.459647
vn 0.826687 0.324521 -0.459647
vn 0.114787 0.965972 0.231780
vn 0.114787 0.965972 0.231780
vn 0.114787 0.965972 0.231780
vn 0.114787 0.965972 0.231780
s off
g SM_Character_Geovanni
usemtl SM_Character_GeovanniSG
f 53/226/1 93/183/2 56/224/3
f 56/224/4 93/183/5 94/181/6
f 86/235/7 87/295/8 61/244/9
f 61/244/10 87/295/11 30/297/12
f 31/285/13 99/266/14 50/274/15
f 50/274/16 99/266/17 100/264/18
f 87/295/19 88/330/20 30/297/21
f 30/297/22 88/330/23 34/328/24
f 82/270/25 28/281/26 81/272/27
f 30/290/28 1/293/29 61/243/30
f 61/243/31 1/293/32 13/210/33
f 34/326/34 2/321/35 30/290/36
f 30/290/37 2/321/38 1/293/39
f 31/353/40 3/357/41 34/326/42
f 34/326/43 3/357/44 2/321/45
f 10/368/46 3/357/47 50/364/48
f 50/364/49 3/357/50 31/353/51
f 103/251/52 17/252/53 4/279/54 27/278/55
f 32/359/56 6/358/57 49/363/58
f 49/363/59 6/358/60 9/367/61
f 32/359/62 33/322/63 7/332/64 6/358/65
f 33/322/66 29/289/67 8/294/68 7/332/69
f 62/237/70 14/211/71 29/289/72
f 29/289/73 14/211/74 8/294/75
f 34/328/76 88/330/77 37/336/78
f 37/287/79 88/260/80 89/268/81
f 33/323/82 32/360/83 38/340/84
f 38/339/85 32/359/86 39/343/87
f 98/262/88 99/266/89 40/276/90
f 40/276/91 99/266/92 31/285/93
f 31/353/94 37/335/95 40/344/96
f 37/336/97 89/333/98 90/309/99 41/302/100
f 38/339/101 39/343/102 43/317/103 42/313/104
f 97/311/105 98/347/106 40/349/107 44/306/108
f 40/344/109 37/335/110 44/305/111
f 44/305/112 37/335/113 41/301/114
f 41/302/115 90/309/116 91/195/117 45/178/118
f 42/313/119 43/317/120 47/218/121 46/214/122
f 96/205/123 97/311/124 44/306/125 48/186/126
f 48/185/127 44/305/128 41/301/129 45/177/130
f 80/389/131 16/390/132 11/401/133 51/404/134
f 79/397/135 101/394/136 102/399/137 52/408/138
f 79/393/139 52/406/140 12/410/141 15/392/142
f 124/415/143 51/404/144 11/401/145 21/421/146
f 52/408/147 102/399/148 125/411/149
f 57/144/150 92/161/151 53/122/152
f 53/122/153 92/161/154 93/130/155
f 59/201/156 55/151/157 58/197/158
f 58/197/159 55/151/160 54/157/161
f 94/126/162 95/165/163 56/118/164
f 56/118/165 95/165/166 60/148/167
f 60/147/168 57/143/169 56/117/170
f 56/117/171 57/143/172 53/121/173
f 91/195/174 92/161/175 45/178/176
f 45/178/177 92/161/178 57/144/179
f 47/249/180 59/193/181 46/241/182
f 46/241/183 59/193/184 58/189/185
f 96/205/186 48/186/187 95/165/188
f 95/165/189 48/186/190 60/148/191
f 48/185/192 45/177/193 60/147/194
f 60/147/195 45/177/196 57/143/197
f 63/87/198 64/86/199 110/113/200 111/107/201
f 64/90/202 85/88/203 115/108/204 110/114/205
f 114/99/206 65/77/207 66/82/208 113/105/209
f 68/55/210 64/86/211 63/87/212 67/56/213
f 84/53/214 85/85/215 64/86/216 68/55/217
f 65/77/218 69/54/219 70/57/220 66/82/221
f 71/35/222 72/33/223 68/55/224 67/56/225
f 68/66/226 72/47/227 83/41/228 84/64/229
f 69/54/230 73/34/231 74/36/232 70/57/233
f 72/33/234 71/35/235 121/14/236 122/13/237
f 123/19/238 83/41/239 72/47/240 122/23/241
f 78/9/242 117/3/243 118/6/244 77/31/245
f 25/230/246 76/134/247 75/155/248
f 73/39/249 116/15/250 117/4/251 78/10/252
f 104/379/253 79/393/254 15/392/255 18/380/256
f 104/385/257 105/382/258 101/394/259 79/397/260
f 80/191/261 106/232/262 19/234/263 16/169/264
f 82/270/265 81/272/266 35/254/267
f 73/39/268 83/41/269 123/19/270 116/15/271
f 84/64/272 83/41/273 73/39/274 69/60/275
f 69/60/276 65/80/277 85/88/278 84/64/279
f 85/88/280 65/80/281 114/100/282 115/108/283
f 29/291/284 87/295/285 86/235/286 62/238/287
f 33/323/288 88/330/289 87/295/290 29/291/291
f 89/268/292 88/260/293 38/228/294
f 38/340/295 88/330/296 33/323/297
f 42/314/298 90/309/299 89/333/300 38/340/301
f 46/215/302 91/195/303 90/309/304 42/314/305
f 92/161/306 91/195/307 58/198/308
f 58/198/309 91/195/310 46/215/311
f 93/130/312 92/161/313 54/158/314
f 54/158/315 92/161/316 58/198/317
f 93/129/318 54/157/319 94/125/320
f 94/125/321 54/157/322 55/151/323
f 59/202/324 95/165/325 55/152/326
f 55/152/327 95/165/328 94/126/329
f 47/219/330 96/205/331 59/202/332
f 59/202/333 96/205/334 95/165/335
f 47/219/336 43/318/337 97/311/338 96/205/339
f 43/318/340 39/345/341 98/347/342 97/311/343
f 32/207/344 99/266/345 39/222/346
f 39/222/347 99/266/348 98/262/349
f 100/264/350 99/266/351 49/247/352
f 49/247/353 99/266/354 32/207/355
f 101/394/356 105/382/357 106/376/358 80/387/359
f 51/402/360 102/399/361 101/394/362 80/387/363
f 51/402/364 124/413/365 125/411/366 102/399/367
f 103/251/368 26/174/369 5/175/370 17/252/371
f 104/379/372 18/380/373 10/368/374 50/364/375
f 104/385/376 50/372/377 100/369/378 105/382/379
f 49/365/380 106/376/381 105/382/382 100/369/383
f 106/375/384 49/363/385 9/367/386 19/381/387
f 109/75/388 112/97/389 113/103/390 66/78/391
f 109/75/392 66/78/393 70/58/394 108/62/395
f 74/37/396 119/16/397 120/21/398 107/42/399
f 108/62/400 70/58/401 74/37/402 107/42/403
f 107/42/404 71/45/405 67/68/406 108/62/407
f 108/62/408 67/68/409 63/92/410 109/75/411
f 63/92/412 111/111/413 112/97/414 109/75/415
f 36/283/416 81/272/417 28/281/418
f 120/21/419 121/26/420 71/45/421 107/42/422
f 77/29/423 119/16/424 74/37/425
f 25/230/426 82/270/427 35/254/428
f 13/210/429 111/107/430 61/243/431
f 61/243/432 111/107/433 110/113/434
f 20/212/435 112/97/436 111/111/437 13/213/438
f 14/209/439 113/103/440 112/97/441 20/212/442
f 62/237/443 114/99/444 113/105/445 14/211/446
f 86/235/447 115/108/448 114/100/449 62/238/450
f 110/114/451 115/108/452 86/235/453 61/244/454
f 117/4/455 116/15/456 25/451/457 75/448/458
f 117/3/459 75/447/460 76/450/461 118/6/462
f 76/445/463 35/453/464 118/1/465
f 81/461/466 120/21/467 119/16/468 35/453/469
f 36/466/470 121/26/471 120/21/472 81/461/473
f 121/14/474 36/458/475 28/457/476 122/13/477
f 82/459/478 123/19/479 122/23/480 28/464/481
f 25/451/482 116/15/483 123/19/484 82/459/485
f 128/428/486 127/419/487 23/439/488 24/441/489
f 126/422/490 125/411/491 124/413/492
f 26/434/493 126/424/494 22/430/495 5/442/496
f 26/431/497 103/443/498 125/411/499 126/422/500
f 27/437/501 52/408/502 125/411/503 103/443/504
f 27/433/505 4/440/506 12/410/507 52/406/508
f 127/137/509 124/170/510 21/167/511 23/133/512
f 22/168/513 126/172/514 128/139/515 24/136/516
f 126/422/517 124/413/518 127/417/519 128/426/520
f 25/230/521 35/254/522 76/134/523
f 119/16/524 77/29/525 118/1/526 35/453/527
f 31/354/528 34/328/529 37/336/530
f 77/141/531 74/256/532 73/258/533 78/163/534
f 157/227/535 160/225/536 197/184/537
f 160/225/538 198/182/539 197/184/540
f 190/236/541 165/245/542 191/296/543
f 165/245/544 134/298/545 191/296/546
f 135/286/547 154/275/548 203/267/549
f 154/275/550 204/265/551 203/267/552
f 191/296/553 134/298/554 192/331/555
f 134/298/556 138/329/557 192/331/558
f 186/271/559 185/273/560 132/282/561
f 134/300/562 165/246/563 1/293/564
f 165/246/565 13/210/566 1/293/567
f 138/327/568 134/300/569 2/321/570
f 134/300/571 1/293/572 2/321/573
f 135/356/574 138/327/575 3/357/576
f 138/327/577 2/321/578 3/357/579
f 10/368/580 154/371/581 3/357/582
f 154/371/583 135/356/584 3/357/585
f 207/253/586 131/280/587 4/279/588 17/252/589
f 136/362/590 153/374/591 6/358/592
f 153/374/593 9/367/594 6/358/595
f 136/362/596 6/358/597 7/332/598 137/325/599
f 137/325/600 7/332/601 8/294/602 133/299/603
f 166/240/604 133/299/605 14/211/606
f 133/299/607 8/294/608 14/211/609
f 138/329/610 141/337/611 192/331/612
f 141/288/613 193/269/614 192/261/615
f 137/324/616 142/341/617 136/361/618
f 142/342/619 143/351/620 136/362/621
f 202/263/622 144/277/623 203/267/624
f 144/277/625 135/286/626 203/267/627
f 135/356/628 144/352/629 141/338/630
f 141/337/631 145/303/632 194/310/633 193/334/634
f 142/342/635 146/316/636 147/320/637 143/351/638
f 201/312/639 148/307/640 144/350/641 202/348/642
f 144/352/643 148/308/644 141/338/645
f 148/308/646 145/304/647 141/338/648
f 145/303/649 149/179/650 195/196/651 194/310/652
f 146/316/653 150/217/654 151/221/655 147/320/656
f 200/206/657 152/187/658 148/307/659 201/312/660
f 152/188/661 149/180/662 145/304/663 148/308/664
f 184/391/665 155/405/666 11/401/667 16/390/668
f 183/398/669 156/409/670 206/400/671 205/395/672
f 183/396/673 15/392/674 12/410/675 156/407/676
f 228/416/677 21/421/678 11/401/679 155/405/680
f 156/409/681 229/412/682 206/400/683
f 161/145/684 157/123/685 196/162/686
f 157/123/687 197/131/688 196/162/689
f 163/204/690 162/200/691 159/154/692
f 162/200/693 158/160/694 159/154/695
f 198/127/696 160/119/697 199/166/698
f 160/119/699 164/149/700 199/166/701
f 164/150/702 160/120/703 161/146/704
f 160/120/705 157/124/706 161/146/707
f 195/196/708 149/179/709 196/162/710
f 149/179/711 161/145/712 196/162/713
f 151/250/714 150/242/715 163/194/716
f 150/242/717 162/190/718 163/194/719
f 200/206/720 199/166/721 152/187/722
f 199/166/723 164/149/724 152/187/725
f 152/188/726 164/150/727 149/180/728
f 164/150/729 161/146/730 149/180/731
f 167/94/732 215/110/733 214/116/734 168/95/735
f 168/91/736 214/115/737 219/109/738 189/89/739
f 218/102/740 217/106/741 170/83/742 169/84/743
f 172/72/744 171/70/745 167/94/746 168/95/747
f 188/74/748 172/72/749 168/95/750 189/96/751
f 169/84/752 170/83/753 174/71/754 173/73/755
f 175/49/756 171/70/757 172/72/758 176/51/759
f 172/67/760 188/65/761 187/43/762 176/48/763
f 173/73/764 174/71/765 178/50/766 177/52/767
f 176/51/768 226/28/769 225/25/770 175/49/771
f 227/20/772 226/24/773 176/48/774 187/43/775
f 182/12/776 181/32/777 222/7/778 221/8/779
f 129/231/780 179/156/781 180/135/782
f 177/40/783 182/11/784 221/5/785 220/17/786
f 208/384/787 18/380/788 15/392/789 183/396/790
f 208/386/791 183/398/792 205/395/793 209/383/794
f 184/192/795 16/169/796 19/234/797 210/233/798
f 186/271/799 139/255/800 185/273/801
f 177/40/802 220/17/803 227/20/804 187/43/805
f 188/65/806 173/61/807 177/40/808 187/43/809
f 173/61/810 188/65/811 189/89/812 169/81/813
f 189/89/814 219/109/815 218/101/816 169/81/817
f 133/292/818 166/239/819 190/236/820 191/296/821
f 137/324/822 133/292/823 191/296/824 192/331/825
f 193/269/826 142/229/827 192/261/828
f 142/341/829 137/324/830 192/331/831
f 146/315/832 142/341/833 193/334/834 194/310/835
f 150/216/836 146/315/837 194/310/838 195/196/839
f 196/162/840 162/199/841 195/196/842
f 162/199/843 150/216/844 195/196/845
f 197/131/846 158/159/847 196/162/848
f 158/159/849 162/199/850 196/162/851
f 197/132/852 198/128/853 158/160/854
f 198/128/855 159/154/856 158/160/857
f 163/203/858 159/153/859 199/166/860
f 159/153/861 198/127/862 199/166/863
f 151/220/864 163/203/865 200/206/866
f 163/203/867 199/166/868 200/206/869
f 151/220/870 200/206/871 201/312/872 147/319/873
f 147/319/874 201/312/875 202/348/876 143/346/877
f 136/208/878 143/223/879 203/267/880
f 143/223/881 202/263/882 203/267/883
f 204/265/884 153/248/885 203/267/886
f 153/248/887 136/208/888 203/267/889
f 205/395/890 184/388/891 210/377/892 209/383/893
f 155/403/894 184/388/895 205/395/896 206/400/897
f 155/403/898 206/400/899 229/412/900 228/414/901
f 207/253/902 17/252/903 5/175/904 130/176/905
f 208/384/906 154/371/907 10/368/908 18/380/909
f 208/386/910 209/383/911 204/370/912 154/373/913
f 153/366/914 204/370/915 209/383/916 210/377/917
f 210/378/918 19/381/919 9/367/920 153/374/921
f 213/76/922 170/79/923 217/104/924 216/98/925
f 213/76/926 212/63/927 174/59/928 170/79/929
f 178/38/930 211/44/931 224/22/932 223/18/933
f 212/63/934 211/44/935 178/38/936 174/59/937
f 211/44/938 212/63/939 171/69/940 175/46/941
f 212/63/942 213/76/943 167/93/944 171/69/945
f 167/93/946 213/76/947 216/98/948 215/112/949
f 140/284/950 132/282/951 185/273/952
f 224/22/953 211/44/954 175/46/955 225/27/956
f 181/30/957 178/38/958 223/18/959
f 129/231/960 139/255/961 186/271/962
f 13/210/963 165/246/964 215/110/965
f 165/246/966 214/116/967 215/110/968
f 20/212/969 13/213/970 215/112/971 216/98/972
f 14/209/973 20/212/974 216/98/975 217/104/976
f 166/240/977 14/211/978 217/106/979 218/102/980
f 190/236/981 166/239/982 218/101/983 219/109/984
f 214/115/985 165/245/986 190/236/987 219/109/988
f 221/5/989 179/449/990 129/452/991 220/17/992
f 221/8/993 222/7/994 180/455/995 179/456/996
f 180/446/997 222/2/998 139/454/999
f 185/462/1000 139/454/1001 223/18/1002 224/22/1003
f 140/467/1004 185/462/1005 224/22/1006 225/27/1007
f 225/25/1008 226/28/1009 132/468/1010 140/463/1011
f 186/460/1012 132/465/1013 226/24/1014 227/20/1015
f 129/452/1016 186/460/1017 227/20/1018 220/17/1019
f 232/429/1020 24/441/1021 23/439/1022 231/420/1023
f 230/423/1024 228/414/1025 229/412/1026
f 130/435/1027 5/442/1028 22/430/1029 230/425/1030
f 130/432/1031 230/423/1032 229/412/1033 207/444/1034
f 131/438/1035 207/444/1036 229/412/1037 156/409/1038
f 131/436/1039 156/407/1040 12/410/1041 4/440/1042
f 231/138/1043 23/133/1044 21/167/1045 228/171/1046
f 22/168/1047 24/136/1048 232/140/1049 230/173/1050
f 230/423/1051 232/427/1052 231/418/1053 228/414/1054
f 129/231/1055 180/135/1056 139/255/1057
f 223/18/1058 139/454/1059 222/2/1060 181/30/1061
f 135/355/1062 141/337/1063 138/329/1064
f 181/142/1065 182/164/1066 177/259/1067 178/257/1068
g default
v -99.999998 0.000000 594.346599
v -0.000002 0.000000 594.346599
v -99.999998 100.000000 594.346599
v -0.000002 100.000000 594.346599
v -99.999998 100.000000 494.346603
v -0.000002 100.000000 494.346603
v -99.999998 0.000000 494.346603
v -0.000002 0.000000 494.346603
v -0.000002 50.000000 494.346603
v -99.999998 50.000000 494.346603
v -99.999998 50.000000 594.346599
v -0.000002 50.000000 594.346599
v -0.000002 52.430664 494.346603
v -99.999998 52.430664 494.346603
v -99.999998 52.430664 594.346599
v -0.000002 52.430664 594.346599
v -99.999998 100.000000 484.454910
v -0.000002 100.000000 484.454910
v -0.000002 52.430664 484.454910
v -99.999998 52.430664 484.454910
v -0.000002 50.000000 484.454910
v -99.999998 50.000000 484.454910
v -0.000002 0.000000 484.454910
v -99.999998 0.000000 484.454910
v -99.999998 76.215332 484.454910
v -99.999998 76.215332 494.346603
v -99.999998 76.215332 594.346599
v -0.000002 76.215332 594.346599
v -0.000002 76.215332 494.346603
v -0.000002 76.215332 484.454910
v -99.999998 68.639671 484.454910
v -99.999998 68.639671 494.346603
v -99.999998 68.639671 594.346599
v -0.000002 68.639671 594.346599
v -0.000002 68.639671 494.346603
v -0.000002 68.639671 484.454910
v -99.999998 28.984661 484.454910
v -99.999998 28.984661 494.346603
v -99.999998 28.984661 594.346599
v -0.000002 28.984661 594.346599
v -0.000002 28.984661 494.346603
v -0.000002 28.984661 484.454910
v -99.999998 23.094303 484.454910
v -99.999998 23.094303 494.346603
v -99.999998 23.094303 594.346599
v -0.000002 23.094303 594.346599
v -0.000002 23.094303 494.346603
v -0.000002 23.094303 484.454910
v -38.753022 76.215332 484.454910
v -38.753022 100.000000 484.454910
v -38.753022 100.000000 494.346603
v -38.753022 100.000000 594.346599
v -38.753022 76.215332 594.346599
v -38.753022 68.639671 594.346599
v -38.753022 52.430664 594.346599
v -38.753022 50.000000 594.346599
v -38.753022 28.984661 594.346599
v -38.753022 23.094303 594.346599
v -38.753022 0.000000 594.346599
v -38.753022 0.000000 494.346603
v -38.753022 0.000000 484.454910
v -38.753022 23.094303 484.454910
v -38.753022 28.984661 484.454910
v -38.753022 50.000000 484.454910
v -38.753022 50.000000 494.346603
v -38.753022 52.430664 494.346603
v -38.753022 52.430664 484.454910
v -38.753022 68.639671 484.454910
v -64.046030 76.215332 484.454910
v -64.046030 100.000000 484.454910
v -64.046030 100.000000 494.346603
v -64.046030 100.000000 594.346599
v -64.046030 76.215332 594.346599
v -64.046030 68.639671 594.346599
v -64.046030 52.430664 594.346599
v -64.046030 50.000000 594.346599
v -64.046030 28.984661 594.346599
v -64.046030 23.094303 594.346599
v -64.046030 0.000000 594.346599
v -64.046030 0.000000 494.346603
v -64.046030 0.000000 484.454910
v -64.046030 23.094303 484.454910
v -64.046030 28.984661 484.454910
v -64.046030 50.000000 484.454910
v -64.046030 50.000000 494.346603
v -64.046030 52.430664 494.346603
v -64.046030 52.430664 484.454910
v -64.046030 68.639671 484.454910
v -38.753022 28.984661 496.626998
v -64.046030 28.984661 496.626998
v -38.753022 23.094303 496.626998
v -64.046030 23.094303 496.626998
v -64.046030 68.639671 496.626998
v -64.046030 76.215332 496.626998
v -38.753022 76.215332 496.626998
v -38.753022 68.639671 496.626998
vt 0.375000 0.000000
vt 0.625000 0.000000
vt 0.375000 0.250000
vt 0.625000 0.250000
vt 0.375000 0.500000
vt 0.625000 0.500000
vt 0.375000 0.750000
vt 0.625000 0.750000
vt 0.375000 1.000000
vt 0.625000 1.000000
vt 0.875000 0.000000
vt 0.875000 0.250000
vt 0.125000 0.000000
vt 0.125000 0.250000
vt 0.625000 0.625000
vt 0.875000 0.125000
vt 0.125000 0.125000
vt 0.375000 0.625000
vt 0.375000 0.125000
vt 0.625000 0.125000
vt 0.625000 0.562500
vt 0.875000 0.187500
vt 0.125000 0.187500
vt 0.375000 0.562500
vt 0.375000 0.187500
vt 0.625000 0.187500
vt 0.375000 0.500000
vt 0.625000 0.500000
vt 0.625000 0.562500
vt 0.375000 0.562500
vt 0.375000 0.625000
vt 0.625000 0.625000
vt 0.625000 0.750000
vt 0.375000 0.750000
vt 0.375000 0.531250
vt 0.125000 0.218750
vt 0.375000 0.531250
vt 0.375000 0.218750
vt 0.625000 0.218750
vt 0.625000 0.531250
vt 0.875000 0.218750
vt 0.625000 0.531250
vt 0.375000 0.546875
vt 0.125000 0.203125
vt 0.375000 0.546875
vt 0.375000 0.203125
vt 0.625000 0.203125
vt 0.625000 0.546875
vt 0.875000 0.203125
vt 0.625000 0.546875
vt 0.375000 0.687500
vt 0.125000 0.062500
vt 0.375000 0.687500
vt 0.375000 0.062500
vt 0.625000 0.062500
vt 0.625000 0.687500
vt 0.875000 0.062500
vt 0.625000 0.687500
vt 0.375000 0.718750
vt 0.125000 0.031250
vt 0.375000 0.718750
vt 0.375000 0.031250
vt 0.625000 0.031250
vt 0.625000 0.718750
vt 0.875000 0.031250
vt 0.625000 0.718750
vt 0.500000 0.531250
vt 0.500000 0.500000
vt 0.500000 0.500000
vt 0.500000 0.250000
vt 0.500000 0.218750
vt 0.500000 0.203125
vt 0.500000 0.187500
vt 0.500000 0.125000
vt 0.500000 0.062500
vt 0.500000 0.031250
vt 0.500000 0.000000
vt 0.500000 1.000000
vt 0.500000 0.750000
vt 0.500000 0.750000
vt 0.500000 0.718750
vt 0.500000 0.687500
vt 0.500000 0.625000
vt 0.500000 0.625000
vt 0.500000 0.562500
vt 0.500000 0.562500
vt 0.500000 0.546875
vt 0.437500 0.531250
vt 0.437500 0.500000
vt 0.437500 0.500000
vt 0.437500 0.250000
vt 0.437500 0.218750
vt 0.437500 0.203125
vt 0.437500 0.187500
vt 0.437500 0.125000
vt 0.437500 0.062500
vt 0.437500 0.031250
vt 0.437500 0.000000
vt 0.437500 1.000000
vt 0.437500 0.750000
vt 0.437500 0.750000
vt 0.437500 0.718750
vt 0.437500 0.687500
vt 0.437500 0.625000
vt 0.437500 0.625000
vt 0.437500 0.562500
vt 0.437500 0.562500
vt 0.437500 0.546875
vt 0.437500 0.687500
vt 0.500000 0.687500
vt 0.500000 0.718750
vt 0.437500 0.718750
vt 0.437500 0.546875
vt 0.437500 0.531250
vt 0.500000 0.531250
vt 0.500000 0.546875
vn 0.000000 0.000000 1.000000
vn 0.000000 0.000000 1.000000
vn 0.000000 0.000000 1.000000
vn 0.000000 0.000000 1.000000
vn 0.000000 1.000000 0.000000
vn 0.000000 1.000000 0.000000
vn 0.000000 1.000000 0.000000
vn 0.000000 1.000000 0.000000
vn 0.000000 0.000000 -1.000000
vn 0.000000 0.000000 -1.000000
vn 0.000000 0.000000 -1.000000
vn 0.000000 0.000000 -1.000000
vn 0.000000 -1.000000 0.000000
vn 0.000000 -1.000000 0.000000
vn 0.000000 -1.000000 0.000000
vn 0.000000 -1.000000 0.000000
vn 1.000000 0.000000 0.000000
vn 1.000000 0.000000 0.000000
vn 1.000000 0.000000 0.000000
vn 1.000000 0.000000 0.000000
vn -1.000000 0.000000 0.000000
vn -1.000000 0.000000 0.000000
vn -1.000000 0.000000 0.000000
vn -1.000000 0.000000 0.000000
vn 0.000000 0.000000 -1.000000
vn 0.000000 0.000000 -1.000000
vn 0.000000 0.000000 -1.000000
vn 0.000000 0.000000 -1.000000
vn -1.000000 0.000000 0.000000
vn -1.000000 0.000000 0.000000
vn -1.000000 0.000000 0.000000
vn -1.000000 0.000000 0.000000
vn 0.000000 0.000000 1.000000
vn 0.000000 0.000000 1.000000
vn 0.000000 0.000000 1.000000
vn 0.000000 0.000000 1.000000
vn 1.000000 0.000000 0.000000
vn 1.000000 0.000000 0.000000
vn 1.000000 0.000000 0.000000
vn 1.000000 0.000000 0.000000
vn 0.000000 0.000000 -1.000000
vn 0.000000 0.000000 -1.000000
vn 0.000000 0.000000 -1.000000
vn 0.000000 0.000000 -1.000000
vn -1.000000 0.000000 0.000000
vn -1.000000 0.000000 0.000000
vn 0.000000 0.000000 1.000000
vn 0.000000 0.000000 1.000000
vn 1.000000 0.000000 0.000000
vn 1.000000 0.000000 0.000000
vn 0.000000 1.000000 0.000000
vn 0.000000 1.000000 0.000000
vn 1.000000 0.000000 0.000000
vn 1.000000 0.000000 0.000000
vn 0.000000 -1.000000 0.000000
vn 0.000000 -1.000000 0.000000
vn 0.000000 -1.000000 0.000000
vn 0.000000 -1.000000 0.000000
vn -1.000000 0.000000 0.000000
vn -1.000000 0.000000 0.000000
vn 0.000000 1.000000 0.000000
vn 0.000000 1.000000 0.000000
vn 0.000000 1.000000 0.000000
vn 0.000000 1.000000 0.000000
vn 1.000000 0.000000 0.000000
vn 1.000000 0.000000 0.000000
vn 0.000000 -1.000000 0.000000
vn 0.000000 -1.000000 0.000000
vn -1.000000 0.000000 0.000000
vn -1.000000 0.000000 0.000000
vn -1.000000 0.000000 0.000000
vn -1.000000 0.000000 0.000000
vn -1.000000 0.000000 0.000000
vn 0.000000 0.000000 1.000000
vn 0.000000 0.000000 1.000000
vn 1.000000 0.000000 0.000000
vn 1.000000 0.000000 0.000000
vn 1.000000 0.000000 0.000000
vn 0.000000 0.000000 -1.000000
vn 0.000000 0.000000 -1.000000
vn -1.000000 0.000000 0.000000
vn 1.000000 0.000000 0.000000
vn 0.000000 0.000000 -1.000000
vn 0.000000 0.000000 -1.000000
vn -1.000000 0.000000 0.000000
vn -1.000000 0.000000 0.000000
vn -1.000000 0.000000 0.000000
vn 0.000000 0.000000 1.000000
vn 0.000000 0.000000 1.000000
vn 1.000000 0.000000 0.000000
vn 1.000000 0.000000 0.000000
vn 1.000000 0.000000 0.000000
vn 0.000000 0.000000 -1.000000
vn 0.000000 0.000000 -1.000000
vn -1.000000 0.000000 0.000000
vn -1.000000 0.000000 0.000000
vn -1.000000 0.000000 0.000000
vn 0.000000 0.000000 1.000000
vn 0.000000 0.000000 1.000000
vn 1.000000 0.000000 0.000000
vn 1.000000 0.000000 0.000000
vn 1.000000 0.000000 0.000000
vn 0.000000 0.000000 -1.000000
vn 0.000000 0.000000 -1.000000
vn 0.000000 0.000000 -1.000000
vn 0.000000 0.000000 -1.000000
vn 0.000000 1.000000 0.000000
vn 0.000000 1.000000 0.000000
vn 0.000000 1.000000 0.000000
vn 0.000000 0.000000 1.000000
vn 0.000000 0.000000 1.000000
vn 0.000000 0.000000 1.000000
vn 0.000000 0.000000 1.000000
vn 0.000000 0.000000 1.000000
vn 0.000000 0.000000 1.000000
vn 0.000000 0.000000 1.000000
vn 0.000000 0.000000 1.000000
vn 0.000000 -1.000000 0.000000
vn 0.000000 -1.000000 0.000000
vn 0.000000 -1.000000 0.000000
vn 0.000000 0.000000 -1.000000
vn 0.000000 0.000000 -1.000000
vn 0.000000 0.000000 -1.000000
vn 0.000000 0.000000 -1.000000
vn 0.000000 0.000000 -1.000000
vn 0.000000 0.000000 -1.000000
vn 0.000000 0.000000 -1.000000
vn 0.000000 0.000000 -1.000000
vn 0.000000 1.000000 0.000000
vn 0.000000 1.000000 0.000000
vn 0.000000 0.000000 -1.000000
vn 0.000000 0.000000 -1.000000
vn 0.000000 -1.000000 0.000000
vn 0.000000 -1.000000 0.000000
vn 0.000000 0.000000 -1.000000
vn 0.000000 0.000000 -1.000000
vn 0.000000 0.000000 -1.000000
vn 0.000000 0.000000 -1.000000
vn 0.000000 0.000000 -1.000000
vn 0.000000 0.000000 -1.000000
vn 0.000000 0.000000 -1.000000
vn 0.000000 0.000000 -1.000000
vn 0.000000 1.000000 0.000000
vn 0.000000 1.000000 0.000000
vn 0.000000 1.000000 0.000000
vn 0.000000 0.000000 1.000000
vn 0.000000 0.000000 1.000000
vn 0.000000 0.000000 1.000000
vn 0.000000 0.000000 1.000000
vn 0.000000 0.000000 1.000000
vn 0.000000 0.000000 1.000000
vn 0.000000 0.000000 1.000000
vn 0.000000 0.000000 1.000000
vn 0.000000 -1.000000 0.000000
vn 0.000000 -1.000000 0.000000
vn 0.000000 -1.000000 0.000000
vn 0.000000 0.000000 -1.000000
vn 0.000000 0.000000 -1.000000
vn 0.000000 0.000000 -1.000000
vn 0.000000 0.000000 -1.000000
vn 0.000000 1.000000 0.000000
vn 0.000000 1.000000 0.000000
vn 0.000000 0.000000 -1.000000
vn 0.000000 0.000000 -1.000000
vn 0.000000 -1.000000 0.000000
vn 0.000000 -1.000000 0.000000
vn 0.000000 0.000000 -1.000000
vn 0.000000 0.000000 -1.000000
vn 0.000000 -1.000000 0.000000
vn 0.000000 -1.000000 0.000000
vn 0.000000 -1.000000 0.000000
vn 0.000000 -1.000000 0.000000
vn -1.000000 0.000000 0.000000
vn -1.000000 0.000000 0.000000
vn -1.000000 0.000000 0.000000
vn -1.000000 0.000000 0.000000
vn 0.000000 1.000000 0.000000
vn 0.000000 1.000000 0.000000
vn 0.000000 1.000000 0.000000
vn 0.000000 1.000000 0.000000
vn 1.000000 0.000000 0.000000
vn 1.000000 0.000000 0.000000
vn 1.000000 0.000000 0.000000
vn 1.000000 0.000000 0.000000
vn 1.000000 0.000000 0.000000
vn 1.000000 0.000000 0.000000
vn 1.000000 0.000000 0.000000
vn 1.000000 0.000000 0.000000
vn 0.000000 -1.000000 0.000000
vn 0.000000 -1.000000 0.000000
vn 0.000000 -1.000000 0.000000
vn 0.000000 -1.000000 0.000000
vn -1.000000 0.000000 0.000000
vn -1.000000 0.000000 0.000000
vn -1.000000 0.000000 0.000000
vn -1.000000 0.000000 0.000000
vn 0.000000 1.000000 0.000000
vn 0.000000 1.000000 0.000000
vn 0.000000 1.000000 0.000000
vn 0.000000 1.000000 0.000000
s 1
g drawers
usemtl initialShadingGroup
f 285/539/1069 260/507/1070 236/472/1071 284/538/1072
s 2
f 284/538/1073 236/472/1074 238/474/1075 283/537/1076
s 3
f 282/536/1077 250/496/1078 262/510/1079 281/535/1080
s 4
f 292/547/1081 240/476/1082 234/478/1083 291/546/1084
s 5
f 260/507/1085 261/509/1086 238/480/1087 236/472/1088
s 6
f 258/504/1089 259/506/1090 235/471/1091 237/482/1092
s 7
f 296/551/1093 253/500/1094 274/526/1095 295/550/1096
s 6
f 270/520/1097 271/522/1098 243/487/1099 242/485/1100
s 1
f 289/543/1101 272/523/1102 244/488/1103 288/542/1104
s 5
f 272/523/1105 273/525/1106 241/484/1107 244/488/1108
s 11
f 298/553/1109 245/489/1110 241/483/1111 297/552/1112
s 6
f 242/485/1100 243/487/1099 247/493/1113 246/491/1114
s 1
f 288/542/1104 244/488/1103 248/494/1115 287/541/1116
s 5
f 244/488/1108 241/484/1107 245/490/1117 248/494/1118
s 2
f 283/537/1076 238/474/1075 250/496/1119 282/536/1120
s 5
f 238/474/1087 261/508/1086 262/510/1121 250/496/1122
s 12
f 245/489/1123 298/553/1124 299/554/1125 251/497/1126
s 6
f 258/505/1089 237/473/1092 249/495/1127 257/503/1128
s 13
f 297/552/1129 241/483/1130 253/500/1131 296/551/1132
s 5
f 241/483/1107 273/524/1106 274/526/1133 253/500/1134
s 4
f 240/476/1082 292/547/1081 293/548/1135 255/501/1136
s 6
f 270/521/1097 242/486/1100 254/499/1137 269/519/1138
f 264/513/1139 258/505/1089 257/503/1128 263/511/1140
f 264/512/1139 265/514/1141 259/506/1090 258/504/1089
s 1
f 286/540/1142 266/515/1143 260/507/1070 285/539/1069
s 5
f 266/515/1144 267/517/1145 261/509/1086 260/507/1085
f 262/510/1121 261/508/1086 267/516/1145 268/518/1146
s 3
f 300/555/1147 281/535/1080 262/510/1079 268/518/1148
s 6
f 246/492/1114 264/513/1139 263/511/1140 252/498/1149
f 246/491/1114 247/493/1113 265/514/1141 264/512/1139
s 1
f 287/541/1116 248/494/1115 266/515/1143 286/540/1142
s 5
f 248/494/1118 245/490/1117 267/517/1145 266/515/1144
f 268/518/1146 267/516/1145 245/489/1117 251/497/1150
s 3
f 300/555/1147 268/518/1148 251/497/1151 299/554/1152
s 6
f 276/529/1153 270/521/1097 269/519/1138 275/527/1154
f 276/528/1153 277/530/1155 271/522/1098 270/520/1097
s 1
f 290/544/1156 278/531/1157 272/523/1102 289/543/1101
s 5
f 278/531/1158 279/533/1159 273/525/1106 272/523/1105
f 274/526/1133 273/524/1106 279/532/1159 280/534/1160
s 7
f 295/550/1096 274/526/1095 280/534/1161 294/549/1162
s 6
f 239/475/1163 276/529/1153 275/527/1154 256/502/1164
f 239/481/1163 233/469/1165 277/530/1155 276/528/1153
s 1
f 291/545/1166 234/470/1167 278/531/1157 290/544/1156
s 5
f 234/470/1168 240/479/1169 279/533/1159 278/531/1158
f 280/534/1160 279/532/1159 240/476/1169 255/501/1170
s 7
f 294/549/1162 280/534/1161 255/501/1171 293/548/1172
s 3
f 302/557/1173 282/536/1077 281/535/1080 301/556/1174
s 2
f 303/558/1175 283/537/1076 282/536/1120 302/557/1176
f 304/559/1177 284/538/1073 283/537/1076 303/558/1175
s 1
f 305/560/1178 285/539/1069 284/538/1072 304/559/1179
f 306/561/1180 286/540/1142 285/539/1069 305/560/1178
f 307/562/1181 287/541/1116 286/540/1142 306/561/1180
f 308/563/1182 288/542/1104 287/541/1116 307/562/1181
f 309/564/1183 289/543/1101 288/542/1104 308/563/1182
f 310/565/1184 290/544/1156 289/543/1101 309/564/1183
f 311/566/1185 291/545/1166 290/544/1156 310/565/1184
s 4
f 312/568/1186 292/547/1081 291/546/1084 311/567/1187
f 293/548/1135 292/547/1081 312/568/1186 313/569/1188
s 7
f 314/570/1189 294/549/1162 293/548/1172 313/569/1190
s off
f 322/577/1191 321/578/1192 323/579/1193 324/580/1194
s 7
f 316/572/1195 296/551/1093 295/550/1096 315/571/1196
s 13
f 317/573/1197 297/552/1129 296/551/1132 316/572/1198
s 11
f 318/574/1199 298/553/1109 297/552/1112 317/573/1200
s 12
f 299/554/1125 298/553/1124 318/574/1201 319/575/1202
s 3
f 320/576/1203 300/555/1147 299/554/1152 319/575/1204
s off
f 325/581/1205 326/582/1206 327/583/1207 328/584/1208
s 3
f 249/495/1209 302/557/1173 301/556/1174 257/503/1210
s 2
f 237/473/1211 303/558/1175 302/557/1176 249/495/1212
f 235/471/1213 304/559/1177 303/558/1175 237/473/1211
s 1
f 259/506/1214 305/560/1178 304/559/1179 235/471/1215
f 265/514/1216 306/561/1180 305/560/1178 259/506/1214
f 247/493/1217 307/562/1181 306/561/1180 265/514/1216
f 243/487/1218 308/563/1182 307/562/1181 247/493/1217
f 271/522/1219 309/564/1183 308/563/1182 243/487/1218
f 277/530/1220 310/565/1184 309/564/1183 271/522/1219
f 233/469/1221 311/566/1185 310/565/1184 277/530/1220
s 4
f 239/475/1222 312/568/1186 311/567/1187 233/477/1223
f 313/569/1188 312/568/1186 239/475/1222 256/502/1224
s 7
f 275/527/1225 314/570/1189 313/569/1190 256/502/1226
f 269/519/1227 315/571/1196 314/570/1189 275/527/1225
f 254/499/1228 316/572/1195 315/571/1196 269/519/1227
s 13
f 242/486/1229 317/573/1197 316/572/1198 254/499/1230
s 11
f 246/492/1231 318/574/1199 317/573/1200 242/486/1232
s 12
f 319/575/1202 318/574/1201 246/492/1233 252/498/1234
s 3
f 263/511/1235 320/576/1203 319/575/1204 252/498/1236
f 257/503/1210 301/556/1174 320/576/1203 263/511/1235
s off
f 315/571/1237 295/550/1238 321/578/1239 322/577/1240
f 295/550/1241 294/549/1242 323/579/1243 321/578/1244
f 294/549/1245 314/570/1246 324/580/1247 323/579/1248
f 314/570/1249 315/571/1250 322/577/1251 324/580/1252
f 320/576/1253 301/556/1254 326/582/1255 325/581/1256
f 301/556/1257 281/535/1258 327/583/1259 326/582/1260
f 281/535/1261 300/555/1262 328/584/1263 327/583/1264
f 300/555/1265 320/576/1266 325/581/1267 328/584/1268
g default
v -7.057217 197.200768 916.970425
v 229.565220 197.200768 916.970425
v 11.254002 277.479130 916.970425
v 211.254002 277.479130 916.970425
v 11.254002 277.479130 838.234615
v 211.254002 277.479130 838.234615
v -7.057217 197.200768 816.970425
v 229.565220 197.200768 816.970425
v 229.565220 197.200768 826.159290
v -7.057217 197.200768 826.159290
v 11.254002 277.479130 847.423481
v 211.254002 277.479130 847.423481
v 229.565220 197.200768 907.785160
v -7.057217 197.200768 907.785160
v 11.254002 277.479130 907.785160
v 211.254002 277.479130 907.785160
v 221.877110 197.200768 816.970425
v 221.877110 197.200768 826.159290
v 221.877110 197.200768 907.785160
v 221.877110 197.200768 916.970425
v 205.615391 277.479130 916.970425
v 205.615391 277.479130 907.785160
v 205.615391 277.479130 847.423481
v 205.615391 277.479130 838.234615
v 6.893498 197.200768 816.970425
v 2.813084 197.200768 826.159290
v 2.813084 197.200768 907.785160
v 6.893498 197.200768 916.970425
v 23.045506 277.479130 916.970425
v 23.045506 277.479130 907.785160
v 23.045506 277.479130 847.423481
v 23.045506 277.479130 838.234615
v 15.671047 236.156438 830.950321
v 15.671047 236.156438 902.994129
v 209.019146 236.156438 830.950321
v 209.019146 236.156438 902.994129
vt 0.375000 0.000000
vt 0.625000 0.000000
vt 0.375000 0.250000
vt 0.625000 0.250000
vt 0.375000 0.500000
vt 0.625000 0.500000
vt 0.375000 0.750000
vt 0.625000 0.750000
vt 0.375000 1.000000
vt 0.625000 1.000000
vt 0.875000 0.000000
vt 0.875000 0.250000
vt 0.125000 0.000000
vt 0.125000 0.250000
vt 0.625000 0.875000
vt 0.750000 0.000000
vt 0.250000 0.000000
vt 0.375000 0.875000
vt 0.250000 0.250000
vt 0.375000 0.375000
vt 0.625000 0.375000
vt 0.750000 0.250000
vt 0.625000 0.937500
vt 0.687500 0.000000
vt 0.312500 0.000000
vt 0.375000 0.937500
vt 0.312500 0.250000
vt 0.375000 0.312500
vt 0.625000 0.312500
vt 0.687500 0.250000
vt 0.500000 0.750000
vt 0.500000 0.875000
vt 0.500000 0.937500
vt 0.500000 0.000000
vt 0.500000 1.000000
vt 0.500000 0.250000
vt 0.500000 0.312500
vt 0.500000 0.375000
vt 0.500000 0.500000
vt 0.437500 0.750000
vt 0.437500 0.875000
vt 0.437500 0.937500
vt 0.437500 0.000000
vt 0.437500 1.000000
vt 0.437500 0.250000
vt 0.437500 0.312500
vt 0.437500 0.375000
vt 0.437500 0.500000
vt 0.437500 0.937500
vt 0.437500 0.875000
vt 0.500000 0.875000
vt 0.500000 0.937500
vn 0.000000 0.000000 1.000000
vn 0.000000 0.000000 1.000000
vn 0.000000 0.000000 1.000000
vn 0.000000 0.000000 1.000000
vn 0.000000 1.000000 0.000000
vn 0.000000 1.000000 0.000000
vn 0.000000 1.000000 0.000000
vn 0.000000 1.000000 0.000000
vn 0.000000 0.256051 -0.966663
vn 0.000000 0.256051 -0.966663
vn 0.000000 0.256050 -0.966663
vn 0.000000 0.256051 -0.966663
vn 0.000000 -1.000000 0.000000
vn 0.000000 -1.000000 0.000000
vn 0.000000 -1.000000 0.000000
vn 0.000000 -1.000000 0.000000
vn 0.974959 0.222385 0.000000
vn 0.974959 0.222385 0.000000
vn 0.974959 0.222385 0.000000
vn 0.974959 0.222385 0.000000
vn -0.974959 0.222384 0.000000
vn -0.974959 0.222385 0.000000
vn -0.974959 0.222385 0.000000
vn -0.974959 0.222384 0.000000
vn 0.000000 -1.000000 0.000000
vn 0.000000 -1.000000 0.000000
vn -0.974959 0.222385 0.000000
vn -0.974959 0.222385 0.000000
vn 0.000000 1.000000 0.000000
vn 0.000000 1.000000 0.000000
vn 0.974959 0.222385 0.000000
vn 0.974959 0.222385 0.000000
vn 0.000000 -1.000000 0.000000
vn 0.000000 -1.000000 0.000000
vn -0.974959 0.222385 0.000000
vn -0.974959 0.222385 0.000000
vn 0.000000 1.000000 0.000000
vn 0.000000 1.000000 0.000000
vn 0.974959 0.222385 0.000000
vn 0.974959 0.222385 0.000000
vn 0.000000 -1.000000 0.000000
vn 0.000000 -1.000000 0.000000
vn 0.000000 -1.000000 0.000000
vn 0.000000 -1.000000 0.000000
vn 0.000000 -1.000000 0.000000
vn 0.000000 -1.000000 0.000000
vn 0.000000 -1.000000 0.000000
vn 0.000000 -1.000000 0.000000
vn 0.000000 0.000000 1.000000
vn 0.000000 0.000000 1.000000
vn 0.000000 0.000000 1.000000
vn 0.000000 0.000000 1.000000
vn 0.000000 1.000000 0.000000
vn 0.000000 1.000000 0.000000
vn 0.000000 1.000000 0.000000
vn 0.000000 1.000000 0.000000
vn 0.000000 1.000000 0.000000
vn 0.000000 1.000000 0.000000
vn 0.000000 1.000000 0.000000
vn 0.000000 1.000000 0.000000
vn 0.000000 0.256051 -0.966663
vn 0.000000 0.256050 -0.966663
vn 0.000000 0.256050 -0.966663
vn 0.000000 0.256050 -0.966663
vn 0.000000 -1.000000 0.000000
vn 0.000000 -1.000000 0.000000
vn 0.000000 -1.000000 0.000000
vn 0.000000 -1.000000 0.000000
vn 0.949610 -0.313434 0.000000
vn 0.949610 -0.313434 0.000000
vn 0.949610 -0.313434 0.000000
vn 0.949610 -0.313434 0.000000
vn 0.000000 -0.122067 0.992522
vn 0.000000 -0.122067 0.992522
vn 0.000000 -0.122067 0.992522
vn 0.000000 -0.122067 0.992522
vn -0.949610 -0.313434 0.000000
vn -0.949610 -0.313434 0.000000
vn -0.949610 -0.313434 0.000000
vn -0.949610 -0.313434 0.000000
vn 0.000000 -0.122067 -0.992522
vn 0.000000 -0.122067 -0.992522
vn 0.000000 -0.122067 -0.992522
vn 0.000000 -0.122067 -0.992522
s 1
g over_vent
usemtl initialShadingGroup
f 329/585/1269 356/627/1270 357/629/1271 331/587/1272
s 2
f 339/604/1273 359/631/1274 360/632/1275 333/589/1276
s 3
f 333/589/1277 360/632/1278 353/624/1279 335/591/1280
s 4
f 335/591/1281 353/624/1282 354/625/1283 338/602/1284
s 5
f 340/606/1285 337/600/1286 336/595/1287 334/596/1288
s 6
f 335/597/1289 338/601/1290 339/603/1291 333/598/1292
s 4
f 338/602/1284 354/625/1283 355/626/1293 342/610/1294
s 6
f 339/603/1291 338/601/1290 342/609/1295 343/611/1296
s 2
f 343/612/1297 358/630/1298 359/631/1274 339/604/1273
s 5
f 344/614/1299 341/608/1300 337/600/1286 340/606/1285
s 4
f 342/610/1294 355/626/1293 356/628/1301 329/593/1302
s 6
f 343/611/1296 342/609/1295 329/585/1303 331/587/1304
s 2
f 331/587/1305 357/629/1306 358/630/1298 343/612/1297
s 5
f 330/586/1307 341/608/1300 344/614/1299 332/588/1308
s 4
f 345/615/1309 336/592/1310 337/599/1311 346/616/1312
f 347/617/1313 346/616/1312 337/599/1311 341/607/1314
f 348/619/1315 347/617/1313 341/607/1314 330/594/1316
s 1
f 349/620/1317 348/618/1318 330/586/1319 332/588/1320
s 2
f 350/621/1321 349/620/1322 332/588/1323 344/613/1324
f 351/622/1325 350/621/1321 344/613/1324 340/605/1326
f 352/623/1327 351/622/1325 340/605/1326 334/590/1328
s 3
f 345/615/1329 352/623/1330 334/590/1331 336/592/1332
s 4
f 353/624/1282 345/615/1309 346/616/1312 354/625/1283
s off
f 362/633/1333 361/634/1334 363/635/1335 364/636/1336
s 4
f 356/628/1301 355/626/1293 347/617/1313 348/619/1315
s 1
f 357/629/1271 356/627/1270 348/618/1318 349/620/1317
s 2
f 358/630/1298 357/629/1306 349/620/1322 350/621/1321
f 359/631/1274 358/630/1298 350/621/1321 351/622/1325
f 360/632/1275 359/631/1274 351/622/1325 352/623/1327
s 3
f 353/624/1279 360/632/1278 352/623/1330 345/615/1329
s off
f 355/626/1337 354/625/1338 361/634/1339 362/633/1340
f 354/625/1341 346/616/1342 363/635/1343 361/634/1344
f 346/616/1345 347/617/1346 364/636/1347 363/635/1348
f 347/617/1349 355/626/1350 362/633/1351 364/636/1352
g default
v 296.278954 0.000000 607.343432
v 373.463740 0.000000 607.343432
v 296.278954 147.395390 607.343432
v 373.463740 147.395390 607.343432
v 296.278954 147.395390 591.346754
v 373.463740 147.395390 591.346754
v 296.278954 0.000000 591.346754
v 373.463740 0.000000 591.346754
vt 0.375000 0.000000
vt 0.625000 0.000000
vt 0.375000 0.250000
vt 0.625000 0.250000
vt 0.375000 0.500000
vt 0.625000 0.500000
vt 0.375000 0.750000
vt 0.625000 0.750000
vt 0.375000 1.000000
vt 0.625000 1.000000
vt 0.875000 0.000000
vt 0.875000 0.250000
vt 0.125000 0.000000
vt 0.125000 0.250000
vn 0.000000 0.000000 1.000000
vn 0.000000 0.000000 1.000000
vn 0.000000 0.000000 1.000000
vn 0.000000 0.000000 1.000000
vn 0.000000 1.000000 0.000000
vn 0.000000 1.000000 0.000000
vn 0.000000 1.000000 0.000000
vn 0.000000 1.000000 0.000000
vn 0.000000 0.000000 -1.000000
vn 0.000000 0.000000 -1.000000
vn 0.000000 0.000000 -1.000000
vn 0.000000 0.000000 -1.000000
vn 0.000000 -1.000000 0.000000
vn 0.000000 -1.000000 0.000000
vn 0.000000 -1.000000 0.000000
vn 0.000000 -1.000000 0.000000
vn 1.000000 0.000000 0.000000
vn 1.000000 0.000000 0.000000
vn 1.000000 0.000000 0.000000
vn 1.000000 0.000000 0.000000
vn -1.000000 0.000000 0.000000
vn -1.000000 0.000000 0.000000
vn -1.000000 0.000000 0.000000
vn -1.000000 0.000000 0.000000
s off
g pCube12 fryer
usemtl initialShadingGroup
f 365/637/1353 366/638/1354 368/640/1355 367/639/1356
f 367/639/1357 368/640/1358 370/642/1359 369/641/1360
f 369/641/1361 370/642/1362 372/644/1363 371/643/1364
f 371/643/1365 372/644/1366 366/646/1367 365/645/1368
f 366/638/1369 372/647/1370 370/648/1371 368/640/1372
f 371/649/1373 365/637/1374 367/639/1375 369/650/1376
g default
v 301.782935 0.000000 590.624749
v 369.041635 0.000000 590.624749
v 301.782935 135.445447 590.624749
v 369.041635 135.445447 590.624749
v 301.782935 135.445447 588.711424
v 369.041635 135.445447 588.711424
v 301.782935 0.000000 588.711424
v 369.041635 0.000000 588.711424
vt 0.375000 0.000000
vt 0.625000 0.000000
vt 0.375000 0.250000
vt 0.625000 0.250000
vt 0.375000 0.500000
vt 0.625000 0.500000
vt 0.375000 0.750000
vt 0.625000 0.750000
vt 0.375000 1.000000
vt 0.625000 1.000000
vt 0.875000 0.000000
vt 0.875000 0.250000
vt 0.125000 0.000000
vt 0.125000 0.250000
vn 0.000000 0.000000 1.000000
vn 0.000000 0.000000 1.000000
vn 0.000000 0.000000 1.000000
vn 0.000000 0.000000 1.000000
vn 0.000000 1.000000 0.000000
vn 0.000000 1.000000 0.000000
vn 0.000000 1.000000 0.000000
vn 0.000000 1.000000 0.000000
vn 0.000000 0.000000 -1.000000
vn 0.000000 0.000000 -1.000000
vn 0.000000 0.000000 -1.000000
vn 0.000000 0.000000 -1.000000
vn 0.000000 -1.000000 0.000000
vn 0.000000 -1.000000 0.000000
vn 0.000000 -1.000000 0.000000
vn 0.000000 -1.000000 0.000000
vn 1.000000 0.000000 0.000000
vn 1.000000 0.000000 0.000000
vn 1.000000 0.000000 0.000000
vn 1.000000 0.000000 0.000000
vn -1.000000 0.000000 0.000000
vn -1.000000 0.000000 0.000000
vn -1.000000 0.000000 0.000000
vn -1.000000 0.000000 0.000000
s off
g fryer pCube13
usemtl initialShadingGroup
f 373/651/1377 374/652/1378 376/654/1379 375/653/1380
f 375/653/1381 376/654/1382 378/656/1383 377/655/1384
f 377/655/1385 378/656/1386 380/658/1387 379/657/1388
f 379/657/1389 380/658/1390 374/660/1391 373/659/1392
f 374/652/1393 380/661/1394 378/662/1395 376/654/1396
f 379/663/1397 373/651/1398 375/653/1399 377/664/1400
g default
v 339.197199 81.391992 574.467554
v 361.028671 81.391992 574.467554
v 336.444513 105.100293 579.549983
v 363.781323 105.100293 579.549983
v 336.444513 105.100293 529.076232
v 363.781323 105.100293 529.076232
v 339.197199 81.391992 534.158661
v 361.028671 81.391992 534.158661
v 361.368396 105.100293 529.076232
v 361.368396 81.391992 534.158661
v 361.368396 81.391992 574.467554
v 361.368396 105.100293 579.549983
v 339.377681 105.100293 529.076232
v 340.754015 81.391992 534.158661
v 340.754015 81.391992 574.467554
v 339.377681 105.100293 579.549983
v 363.384869 102.704906 578.817949
v 362.265635 102.704906 578.817949
v 339.264957 102.704906 578.817949
v 336.841000 102.704906 578.817949
v 336.841000 102.704906 529.808269
v 339.264957 102.704906 529.808269
v 362.265635 102.704906 529.808269
v 363.384869 102.704906 529.808269
v 338.372729 104.804949 577.350199
v 336.444513 105.100293 574.407631
v 336.841000 102.704906 574.407631
v 339.197199 81.391992 574.407631
v 340.754015 81.391992 574.407631
v 361.368396 81.391992 574.407631
v 361.028671 81.391992 574.407631
v 363.384869 102.704906 574.407631
v 363.781323 105.100293 574.407631
v 361.519890 104.804949 577.350199
v 361.519890 104.804949 532.018866
v 338.372729 104.804949 532.018866
v 336.444513 105.100293 531.738692
v 336.841000 102.704906 532.104712
v 339.197199 81.391992 534.279908
v 340.754015 81.391992 534.279908
v 361.368396 81.391992 534.279908
v 361.028671 81.391992 534.279908
v 363.384869 102.704906 532.104712
v 363.781323 105.100293 531.738692
v 339.511936 87.370221 573.213978
v 339.511936 87.370221 534.747036
v 361.234141 87.370221 573.213978
v 361.234141 87.370221 534.747036
vt 0.375000 0.000000
vt 0.625000 0.000000
vt 0.375000 0.250000
vt 0.625000 0.250000
vt 0.375000 0.500000
vt 0.625000 0.500000
vt 0.375000 0.750000
vt 0.625000 0.750000
vt 0.375000 1.000000
vt 0.625000 1.000000
vt 0.875000 0.000000
vt 0.875000 0.250000
vt 0.125000 0.000000
vt 0.125000 0.250000
vt 0.500000 0.500000
vt 0.500000 0.750000
vt 0.500000 0.000000
vt 0.500000 1.000000
vt 0.500000 0.250000
vt 0.437500 0.500000
vt 0.437500 0.750000
vt 0.437500 0.000000
vt 0.437500 1.000000
vt 0.437500 0.250000
vt 0.625000 0.125000
vt 0.500000 0.125000
vt 0.437500 0.125000
vt 0.375000 0.125000
vt 0.125000 0.125000
vt 0.375000 0.625000
vt 0.437500 0.625000
vt 0.500000 0.625000
vt 0.625000 0.625000
vt 0.875000 0.125000
vt 0.437500 0.375000
vt 0.250000 0.250000
vt 0.375000 0.375000
vt 0.250000 0.125000
vt 0.250000 0.000000
vt 0.375000 0.875000
vt 0.437500 0.875000
vt 0.500000 0.875000
vt 0.625000 0.875000
vt 0.750000 0.000000
vt 0.750000 0.125000
vt 0.625000 0.375000
vt 0.750000 0.250000
vt 0.500000 0.375000
vt 0.500000 0.437500
vt 0.437500 0.437500
vt 0.187500 0.250000
vt 0.375000 0.437500
vt 0.187500 0.125000
vt 0.187500 0.000000
vt 0.375000 0.812500
vt 0.437500 0.812500
vt 0.500000 0.812500
vt 0.625000 0.812500
vt 0.812500 0.000000
vt 0.812500 0.125000
vt 0.625000 0.437500
vt 0.812500 0.250000
vt 0.437500 0.437500
vt 0.437500 0.375000
vt 0.500000 0.375000
vt 0.500000 0.437500
vn 0.000000 -0.199996 0.979797
vn 0.000000 -0.199996 0.979797
vn 0.000000 -0.210246 0.977648
vn 0.000000 -0.214649 0.976691
vn 0.092264 0.994343 -0.052627
vn 0.005565 0.991723 -0.128271
vn 0.095532 0.994183 -0.049741
vn 0.149277 0.988793 -0.001907
vn 0.000000 -0.214649 -0.976691
vn 0.000000 -0.210246 -0.977648
vn 0.000000 -0.199996 -0.979797
vn 0.000000 -0.199996 -0.979797
vn 0.000000 -1.000000 0.000000
vn 0.000000 -1.000000 0.000000
vn 0.000000 -1.000000 0.000000
vn 0.000000 -1.000000 0.000000
vn 0.993945 -0.109883 0.000000
vn 0.993945 -0.109883 0.000000
vn 0.993278 -0.115756 0.000000
vn 0.992533 -0.121975 0.000000
vn -0.993945 -0.109883 0.000000
vn -0.993945 -0.109883 0.000000
vn -0.992533 -0.121978 0.000000
vn -0.993277 -0.115757 0.000000
vn 0.000000 -0.208639 -0.977993
vn 0.000000 -0.235878 -0.971783
vn 0.000000 -0.199996 -0.979797
vn 0.000000 -0.199996 -0.979797
vn 0.000000 -1.000000 0.000000
vn 0.000000 -1.000000 0.000000
vn 0.000000 1.000000 0.000000
vn 0.000000 1.000000 0.000000
vn 0.000000 -0.208640 0.977993
vn 0.000000 -0.199996 0.979797
vn 0.000000 -0.199996 0.979797
vn 0.000000 -0.235877 0.971783
vn -0.075753 0.995565 -0.055789
vn -0.011320 0.992512 -0.121618
vn -0.089235 0.995130 -0.041871
vn -0.128059 0.991765 -0.001507
vn 0.000000 -0.292259 0.956339
vn 0.000000 -0.292259 0.956339
vn 0.000000 -0.292259 0.956339
vn 0.000000 -0.292259 0.956339
vn -0.986577 -0.163299 0.000000
vn -0.986577 -0.163300 0.000000
vn 0.000000 -0.292260 -0.956339
vn 0.000000 -0.292260 -0.956339
vn 0.000000 -0.292260 -0.956339
vn 0.000000 -0.292260 -0.956339
vn 0.986579 -0.163286 0.000000
vn 0.986579 -0.163286 0.000000
vn 0.099901 0.994404 0.034343
vn 0.143763 0.989599 0.005120
vn -0.993240 -0.116081 0.000000
vn -0.986577 -0.163300 0.000000
vn -0.993945 -0.109883 0.000000
vn 0.000000 -1.000000 0.000000
vn 0.000000 -1.000000 0.000000
vn 0.000000 -1.000000 0.000000
vn 0.000000 1.000000 0.000000
vn 0.993945 -0.109883 0.000000
vn 0.993240 -0.116080 0.000000
vn 0.986579 -0.163286 0.000000
vn -0.124882 0.992165 0.003608
vn -0.080369 0.996033 0.038205
vn 0.000000 1.000000 0.000000
vn 0.000000 1.000000 0.000000
vn 0.000000 1.000000 0.000000
vn 0.000000 1.000000 0.000000
vn 0.002677 0.995170 0.098128
vn -0.004809 0.995350 0.096204
vn 0.056921 0.996407 0.062708
vn -0.992579 -0.121598 0.000000
vn -0.986577 -0.163299 0.000000
vn -0.993945 -0.109883 0.000000
vn 0.000000 -1.000000 0.000000
vn 0.000000 -1.000000 0.000000
vn 0.000000 -1.000000 0.000000
vn 0.000000 1.000000 0.000000
vn 0.993945 -0.109883 0.000000
vn 0.992580 -0.121596 0.000000
vn 0.986579 -0.163286 0.000000
vn -0.059733 0.996745 0.054135
vn 0.997872 0.065202 0.000000
vn 0.997872 0.065202 0.000000
vn 0.997872 0.065202 0.000000
vn 0.997872 0.065202 0.000000
vn 0.000000 0.230833 -0.972993
vn 0.000000 0.230833 -0.972993
vn 0.000000 0.230833 -0.972993
vn 0.000000 0.230833 -0.972993
vn -0.999866 0.016387 0.000000
vn -0.999866 0.016387 0.000000
vn -0.999866 0.016387 0.000000
vn -0.999866 0.016387 0.000000
vn 0.000000 0.154598 0.987977
vn 0.000000 0.154598 0.987978
vn 0.000000 0.154598 0.987978
vn 0.000000 0.154598 0.987978
s 1
g fryer pCube14
usemtl initialShadingGroup
f 381/665/1401 395/686/1402 399/691/1403 400/692/1404
s 2
f 383/667/1405 396/688/1406 405/699/1407 406/701/1408
s 3
f 401/694/1409 402/695/1410 394/685/1411 387/671/1412
s 4
f 408/704/1413 409/705/1414 395/687/1415 381/673/1416
s 5
f 382/666/1417 411/708/1418 412/709/1419 397/689/1420
s 6
f 408/703/1421 381/665/1422 400/692/1423 407/702/1424
s 3
f 403/696/1425 404/697/1426 388/672/1427 390/680/1428
s 4
f 391/682/1429 410/706/1430 411/707/1431 382/674/1432
s 1
f 398/690/1433 391/681/1434 382/666/1435 397/689/1436
s 2
f 414/712/1437 392/683/1438 384/668/1439 413/710/1440
s 3
f 402/695/1410 403/696/1425 390/680/1428 394/685/1411
s 4
f 395/687/1415 409/705/1414 410/706/1430 391/682/1429
s 1
f 399/691/1403 395/686/1402 391/681/1434 398/690/1433
s 2
f 414/712/1437 405/699/1407 396/688/1406 392/683/1438
s 1
f 392/683/1441 398/690/1433 397/689/1436 384/668/1442
f 396/688/1443 399/691/1403 398/690/1433 392/683/1441
f 400/692/1404 399/691/1403 396/688/1443 383/667/1444
s 6
f 407/702/1424 400/692/1423 383/667/1445 406/700/1446
s 3
f 385/669/1447 393/684/1448 402/695/1410 401/694/1409
f 393/684/1448 389/679/1449 403/696/1425 402/695/1410
f 389/679/1449 386/670/1450 404/697/1426 403/696/1425
s 5
f 397/689/1420 412/709/1419 413/711/1451 384/668/1452
s 2
f 406/701/1408 405/699/1407 416/714/1453 417/716/1454
s 6
f 418/717/1455 407/702/1424 406/700/1446 417/715/1456
f 419/718/1457 408/703/1421 407/702/1424 418/717/1455
s 4
f 419/719/1458 420/720/1459 409/705/1414 408/704/1413
f 410/706/1430 409/705/1414 420/720/1459 421/721/1460
f 411/707/1431 410/706/1430 421/721/1460 422/722/1461
s 5
f 412/709/1419 411/708/1418 422/723/1462 423/724/1463
f 413/711/1451 412/709/1419 423/724/1463 424/726/1464
s 2
f 424/725/1465 415/713/1466 414/712/1437 413/710/1440
s off
f 426/727/1467 425/728/1468 427/729/1469 428/730/1470
s 2
f 393/684/1471 416/714/1453 415/713/1466 389/679/1472
f 417/716/1454 416/714/1453 393/684/1471 385/669/1473
s 6
f 401/693/1474 418/717/1455 417/715/1456 385/678/1475
f 387/677/1476 419/718/1457 418/717/1455 401/693/1474
s 4
f 387/671/1477 394/685/1478 420/720/1459 419/719/1458
f 421/721/1460 420/720/1459 394/685/1478 390/680/1479
f 422/722/1461 421/721/1460 390/680/1479 388/672/1480
s 5
f 423/724/1463 422/723/1462 388/675/1481 404/698/1482
f 424/726/1464 423/724/1463 404/698/1482 386/676/1483
s 2
f 389/679/1472 415/713/1466 424/725/1465 386/670/1484
s off
f 416/714/1485 405/699/1486 425/728/1487 426/727/1488
f 405/699/1489 414/712/1490 427/729/1491 425/728/1492
f 414/712/1493 415/713/1494 428/730/1495 427/729/1496
f 415/713/1497 416/714/1498 426/727/1499 428/730/1500
g default
v 309.421471 81.391992 574.467554
v 331.252944 81.391992 574.467554
v 306.668786 105.100293 579.549983
v 334.005596 105.100293 579.549983
v 306.668786 105.100293 529.076232
v 334.005596 105.100293 529.076232
v 309.421471 81.391992 534.158661
v 331.252944 81.391992 534.158661
v 331.592669 105.100293 529.076232
v 331.592669 81.391992 534.158661
v 331.592669 81.391992 574.467554
v 331.592669 105.100293 579.549983
v 309.601954 105.100293 529.076232
v 310.978288 81.391992 534.158661
v 310.978288 81.391992 574.467554
v 309.601954 105.100293 579.549983
v 333.609142 102.704906 578.817949
v 332.489908 102.704906 578.817949
v 309.489230 102.704906 578.817949
v 307.065273 102.704906 578.817949
v 307.065273 102.704906 529.808269
v 309.489230 102.704906 529.808269
v 332.489908 102.704906 529.808269
v 333.609142 102.704906 529.808269
v 308.597002 104.804949 577.350199
v 306.668786 105.100293 574.407631
v 307.065273 102.704906 574.407631
v 309.421471 81.391992 574.407631
v 310.978288 81.391992 574.407631
v 331.592669 81.391992 574.407631
v 331.252944 81.391992 574.407631
v 333.609142 102.704906 574.407631
v 334.005596 105.100293 574.407631
v 331.744163 104.804949 577.350199
v 331.744163 104.804949 532.018866
v 308.597002 104.804949 532.018866
v 306.668786 105.100293 531.738692
v 307.065273 102.704906 532.104712
v 309.421471 81.391992 534.279908
v 310.978288 81.391992 534.279908
v 331.592669 81.391992 534.279908
v 331.252944 81.391992 534.279908
v 333.609142 102.704906 532.104712
v 334.005596 105.100293 531.738692
v 309.736209 87.370221 573.213978
v 309.736209 87.370221 534.747036
v 331.458413 87.370221 573.213978
v 331.458413 87.370221 534.747036
vt 0.375000 0.000000
vt 0.625000 0.000000
vt 0.375000 0.250000
vt 0.625000 0.250000
vt 0.375000 0.500000
vt 0.625000 0.500000
vt 0.375000 0.750000
vt 0.625000 0.750000
vt 0.375000 1.000000
vt 0.625000 1.000000
vt 0.875000 0.000000
vt 0.875000 0.250000
vt 0.125000 0.000000
vt 0.125000 0.250000
vt 0.500000 0.500000
vt 0.500000 0.750000
vt 0.500000 0.000000
vt 0.500000 1.000000
vt 0.500000 0.250000
vt 0.437500 0.500000
vt 0.437500 0.750000
vt 0.437500 0.000000
vt 0.437500 1.000000
vt 0.437500 0.250000
vt 0.625000 0.125000
vt 0.500000 0.125000
vt 0.437500 0.125000
vt 0.375000 0.125000
vt 0.125000 0.125000
vt 0.375000 0.625000
vt 0.437500 0.625000
vt 0.500000 0.625000
vt 0.625000 0.625000
vt 0.875000 0.125000
vt 0.437500 0.375000
vt 0.250000 0.250000
vt 0.375000 0.375000
vt 0.250000 0.125000
vt 0.250000 0.000000
vt 0.375000 0.875000
vt 0.437500 0.875000
vt 0.500000 0.875000
vt 0.625000 0.875000
vt 0.750000 0.000000
vt 0.750000 0.125000
vt 0.625000 0.375000
vt 0.750000 0.250000
vt 0.500000 0.375000
vt 0.500000 0.437500
vt 0.437500 0.437500
vt 0.187500 0.250000
vt 0.375000 0.437500
vt 0.187500 0.125000
vt 0.187500 0.000000
vt 0.375000 0.812500
vt 0.437500 0.812500
vt 0.500000 0.812500
vt 0.625000 0.812500
vt 0.812500 0.000000
vt 0.812500 0.125000
vt 0.625000 0.437500
vt 0.812500 0.250000
vt 0.437500 0.437500
vt 0.437500 0.375000
vt 0.500000 0.375000
vt 0.500000 0.437500
vn 0.000000 -0.199996 0.979797
vn 0.000000 -0.199996 0.979797
vn 0.000000 -0.210246 0.977648
vn 0.000000 -0.214649 0.976691
vn 0.092264 0.994343 -0.052627
vn 0.005565 0.991723 -0.128271
vn 0.095532 0.994183 -0.049741
vn 0.149277 0.988793 -0.001907
vn 0.000000 -0.214649 -0.976691
vn 0.000000 -0.210246 -0.977648
vn 0.000000 -0.199996 -0.979797
vn 0.000000 -0.199996 -0.979797
vn 0.000000 -1.000000 0.000000
vn 0.000000 -1.000000 0.000000
vn 0.000000 -1.000000 0.000000
vn 0.000000 -1.000000 0.000000
vn 0.993945 -0.109883 0.000000
vn 0.993945 -0.109883 0.000000
vn 0.993278 -0.115756 0.000000
vn 0.992533 -0.121975 0.000000
vn -0.993945 -0.109883 0.000000
vn -0.993945 -0.109883 0.000000
vn -0.992533 -0.121978 0.000000
vn -0.993277 -0.115757 0.000000
vn 0.000000 -0.208639 -0.977993
vn 0.000000 -0.235878 -0.971783
vn 0.000000 -0.199996 -0.979797
vn 0.000000 -0.199996 -0.979797
vn 0.000000 -1.000000 0.000000
vn 0.000000 -1.000000 0.000000
vn 0.000000 1.000000 0.000000
vn 0.000000 1.000000 0.000000
vn 0.000000 -0.208640 0.977993
vn 0.000000 -0.199996 0.979797
vn 0.000000 -0.199996 0.979797
vn 0.000000 -0.235877 0.971783
vn -0.075753 0.995565 -0.055789
vn -0.011320 0.992512 -0.121618
vn -0.089235 0.995130 -0.041871
vn -0.128059 0.991765 -0.001507
vn 0.000000 -0.292259 0.956339
vn 0.000000 -0.292259 0.956339
vn 0.000000 -0.292259 0.956339
vn 0.000000 -0.292259 0.956339
vn -0.986577 -0.163299 0.000000
vn -0.986577 -0.163300 0.000000
vn 0.000000 -0.292260 -0.956339
vn 0.000000 -0.292260 -0.956339
vn 0.000000 -0.292260 -0.956339
vn 0.000000 -0.292260 -0.956339
vn 0.986579 -0.163286 0.000000
vn 0.986579 -0.163286 0.000000
vn 0.099901 0.994404 0.034343
vn 0.143763 0.989599 0.005120
vn -0.993240 -0.116081 0.000000
vn -0.986577 -0.163300 0.000000
vn -0.993945 -0.109883 0.000000
vn 0.000000 -1.000000 0.000000
vn 0.000000 -1.000000 0.000000
vn 0.000000 -1.000000 0.000000
vn 0.000000 1.000000 0.000000
vn 0.993945 -0.109883 0.000000
vn 0.993240 -0.116080 0.000000
vn 0.986579 -0.163286 0.000000
vn -0.124882 0.992165 0.003608
vn -0.080369 0.996033 0.038205
vn 0.000000 1.000000 0.000000
vn 0.000000 1.000000 0.000000
vn 0.000000 1.000000 0.000000
vn 0.000000 1.000000 0.000000
vn 0.002677 0.995170 0.098128
vn -0.004809 0.995350 0.096204
vn 0.056921 0.996407 0.062708
vn -0.992579 -0.121598 0.000000
vn -0.986577 -0.163299 0.000000
vn -0.993945 -0.109883 0.000000
vn 0.000000 -1.000000 0.000000
vn 0.000000 -1.000000 0.000000
vn 0.000000 -1.000000 0.000000
vn 0.000000 1.000000 0.000000
vn 0.993945 -0.109883 0.000000
vn 0.992580 -0.121596 0.000000
vn 0.986579 -0.163286 0.000000
vn -0.059733 0.996745 0.054135
vn 0.997872 0.065202 0.000000
vn 0.997872 0.065202 0.000000
vn 0.997872 0.065202 0.000000
vn 0.997872 0.065202 0.000000
vn 0.000000 0.230833 -0.972993
vn 0.000000 0.230833 -0.972993
vn 0.000000 0.230833 -0.972993
vn 0.000000 0.230833 -0.972993
vn -0.999866 0.016387 0.000000
vn -0.999866 0.016387 0.000000
vn -0.999866 0.016387 0.000000
vn -0.999866 0.016387 0.000000
vn 0.000000 0.154598 0.987977
vn 0.000000 0.154598 0.987978
vn 0.000000 0.154598 0.987978
vn 0.000000 0.154598 0.987978
s 1
g fryer pCube16
usemtl initialShadingGroup
f 429/731/1501 443/752/1502 447/757/1503 448/758/1504
s 2
f 431/733/1505 444/754/1506 453/765/1507 454/767/1508
s 3
f 449/760/1509 450/761/1510 442/751/1511 435/737/1512
s 4
f 456/770/1513 457/771/1514 443/753/1515 429/739/1516
s 5
f 430/732/1517 459/774/1518 460/775/1519 445/755/1520
s 6
f 456/769/1521 429/731/1522 448/758/1523 455/768/1524
s 3
f 451/762/1525 452/763/1526 436/738/1527 438/746/1528
s 4
f 439/748/1529 458/772/1530 459/773/1531 430/740/1532
s 1
f 446/756/1533 439/747/1534 430/732/1535 445/755/1536
s 2
f 462/778/1537 440/749/1538 432/734/1539 461/776/1540
s 3
f 450/761/1510 451/762/1525 438/746/1528 442/751/1511
s 4
f 443/753/1515 457/771/1514 458/772/1530 439/748/1529
s 1
f 447/757/1503 443/752/1502 439/747/1534 446/756/1533
s 2
f 462/778/1537 453/765/1507 444/754/1506 440/749/1538
s 1
f 440/749/1541 446/756/1533 445/755/1536 432/734/1542
f 444/754/1543 447/757/1503 446/756/1533 440/749/1541
f 448/758/1504 447/757/1503 444/754/1543 431/733/1544
s 6
f 455/768/1524 448/758/1523 431/733/1545 454/766/1546
s 3
f 433/735/1547 441/750/1548 450/761/1510 449/760/1509
f 441/750/1548 437/745/1549 451/762/1525 450/761/1510
f 437/745/1549 434/736/1550 452/763/1526 451/762/1525
s 5
f 445/755/1520 460/775/1519 461/777/1551 432/734/1552
s 2
f 454/767/1508 453/765/1507 464/780/1553 465/782/1554
s 6
f 466/783/1555 455/768/1524 454/766/1546 465/781/1556
f 467/784/1557 456/769/1521 455/768/1524 466/783/1555
s 4
f 467/785/1558 468/786/1559 457/771/1514 456/770/1513
f 458/772/1530 457/771/1514 468/786/1559 469/787/1560
f 459/773/1531 458/772/1530 469/787/1560 470/788/1561
s 5
f 460/775/1519 459/774/1518 470/789/1562 471/790/1563
f 461/777/1551 460/775/1519 471/790/1563 472/792/1564
s 2
f 472/791/1565 463/779/1566 462/778/1537 461/776/1540
s off
f 474/793/1567 473/794/1568 475/795/1569 476/796/1570
s 2
f 441/750/1571 464/780/1553 463/779/1566 437/745/1572
f 465/782/1554 464/780/1553 441/750/1571 433/735/1573
s 6
f 449/759/1574 466/783/1555 465/781/1556 433/744/1575
f 435/743/1576 467/784/1557 466/783/1555 449/759/1574
s 4
f 435/737/1577 442/751/1578 468/786/1559 467/785/1558
f 469/787/1560 468/786/1559 442/751/1578 438/746/1579
f 470/788/1561 469/787/1560 438/746/1579 436/738/1580
s 5
f 471/790/1563 470/789/1562 436/741/1581 452/764/1582
f 472/792/1564 471/790/1563 452/764/1582 434/742/1583
s 2
f 437/745/1572 463/779/1566 472/791/1565 434/736/1584
s off
f 464/780/1585 453/765/1586 473/794/1587 474/793/1588
f 453/765/1589 462/778/1590 475/795/1591 473/794/1592
f 462/778/1593 463/779/1594 476/796/1595 475/795/1596
f 463/779/1597 464/780/1598 474/793/1599 476/796/1600
g default
v 296.020387 100.815346 594.316010
v 373.990871 100.815346 594.316010
v 296.020387 100.815346 494.316002
v 373.990871 100.815346 494.316002
v 373.990871 17.881454 494.316002
v 296.020387 17.881454 494.316002
v 296.020387 17.881454 594.316010
v 373.990871 17.881454 594.316010
v 369.121116 17.881454 499.185745
v 300.890106 17.881454 499.185745
v 369.121116 0.000000 499.185745
v 300.890106 0.000000 499.185745
v 300.890106 0.000000 589.446259
v 300.890106 17.881454 589.446259
v 369.121116 0.000000 589.446259
v 369.121116 17.881454 589.446259
v 327.802040 100.815346 494.316002
v 327.802040 17.881454 494.316002
v 327.802040 17.881454 499.185745
v 327.802040 0.000000 499.185745
v 327.802040 0.000000 589.446259
v 327.802040 17.881454 589.446259
v 327.802040 17.881454 594.316010
v 327.802040 100.815346 594.316010
v 303.210008 100.815346 494.316002
v 303.210008 17.881454 494.316002
v 305.644874 17.881454 499.185745
v 305.644874 0.000000 499.185745
v 305.644874 0.000000 589.446259
v 305.644874 17.881454 589.446259
v 303.210008 17.881454 594.316010
v 303.210008 100.815346 594.316010
v 303.210008 61.014885 494.316002
v 296.020387 61.014885 494.316002
v 296.020387 61.014885 594.316010
v 303.210008 61.014885 594.316010
v 327.802040 61.014885 594.316010
v 373.990871 61.014885 594.316010
v 373.990871 61.014885 494.316002
v 327.802040 61.014885 494.316002
v 303.210008 51.062820 494.316002
v 296.020387 51.062820 494.316002
v 296.020387 51.062820 594.316010
v 303.210008 51.062820 594.316010
v 327.802040 51.062820 594.316010
v 373.990871 51.062820 594.316010
v 373.990871 51.062820 494.316002
v 327.802040 51.062820 494.316002
v 327.802040 61.014885 501.508648
v 303.210008 61.014885 501.508648
v 327.802040 51.062820 501.508648
v 303.210008 51.062820 501.508648
v 327.802040 100.815346 505.806198
v 303.210008 100.815346 505.806198
v 296.020387 100.815346 505.806198
v 296.020387 61.014885 505.806198
v 296.020387 51.062820 505.806198
v 296.020387 17.881454 505.806198
v 300.890106 17.881454 505.806194
v 300.890106 0.000000 505.806194
v 305.644874 0.000000 505.806194
v 327.802040 0.000000 505.806194
v 369.121116 0.000000 505.806194
v 369.121116 17.881454 505.806194
v 373.990871 17.881454 505.806198
v 373.990871 51.062820 505.806198
v 373.990871 61.014885 505.806198
v 373.990871 100.815346 505.806198
v 373.990871 94.467621 494.316002
v 327.802040 94.467621 494.316002
v 303.210008 94.467621 494.316002
v 296.020387 94.467621 494.316002
v 296.020387 94.467621 505.806198
v 296.020387 94.467621 594.316010
v 303.210008 94.467621 594.316010
v 327.802040 94.467621 594.316010
v 373.990871 94.467621 594.316010
v 373.990871 94.467621 505.806198
v 296.020387 100.815346 483.995396
v 303.210008 100.815346 483.995396
v 303.210008 94.467621 483.995396
v 296.020387 94.467621 483.995396
v 327.802040 100.815346 483.995396
v 373.990871 100.815346 483.995396
v 373.990871 94.467621 483.995396
v 327.802040 94.467621 483.995396
v 367.536031 100.815346 505.806198
v 367.536031 100.815346 594.316010
v 367.536031 94.467621 594.316010
v 367.536031 61.014885 594.316010
v 367.536031 51.062820 594.316010
v 367.536031 17.881454 594.316010
v 365.101165 17.881454 589.446259
v 365.101165 0.000000 589.446259
v 365.101165 0.000000 505.806194
v 365.101165 0.000000 499.185745
v 365.101165 17.881454 499.185745
v 367.536031 17.881454 494.316002
v 367.536031 51.062820 494.316002
v 367.536031 61.014885 494.316002
v 367.536031 94.467621 494.316002
v 367.536031 94.467621 483.995396
v 367.536031 100.815346 483.995396
v 367.536031 100.815346 494.316002
v 327.802040 100.815346 587.419380
v 303.210008 100.815346 587.419380
v 296.020387 100.815346 587.419380
v 296.020387 94.467621 587.419380
v 296.020387 61.014885 587.419380
v 296.020387 51.062820 587.419380
v 296.020387 17.881454 587.419380
v 300.890106 17.881454 584.984505
v 300.890106 0.000000 584.984505
v 305.644874 0.000000 584.984505
v 327.802040 0.000000 584.984505
v 365.101165 0.000000 584.984505
v 369.121116 0.000000 584.984505
v 369.121116 17.881454 584.984505
v 373.990871 17.881454 587.419380
v 373.990871 51.062820 587.419380
v 373.990871 61.014885 587.419380
v 373.990871 94.467621 587.419380
v 373.990871 100.815346 587.419380
v 367.536031 100.815346 587.419380
v 303.210008 71.716988 587.419380
v 303.210008 71.716988 505.806198
v 327.802040 71.716988 587.419380
v 327.802040 71.716988 505.806198
v 367.536031 71.716988 505.806198
v 367.536031 71.716988 587.419380
vt 0.375000 0.250000
vt 0.625000 0.250000
vt 0.375000 0.500000
vt 0.625000 0.500000
vt 0.875000 0.250000
vt 0.125000 0.250000
vt 0.625000 0.625000
vt 0.875000 0.125000
vt 0.125000 0.125000
vt 0.375000 0.625000
vt 0.375000 0.125000
vt 0.625000 0.125000
vt 0.375000 0.625000
vt 0.625000 0.625000
vt 0.625000 0.750000
vt 0.375000 0.750000
vt 0.125000 0.000000
vt 0.375000 0.000000
vt 0.375000 0.125000
vt 0.125000 0.125000
vt 0.625000 0.000000
vt 0.625000 0.125000
vt 0.875000 0.000000
vt 0.875000 0.125000
vt 0.500000 0.500000
vt 0.500000 0.625000
vt 0.500000 0.625000
vt 0.625000 0.375000
vt 0.500000 0.750000
vt 0.500000 0.000000
vt 0.500000 0.125000
vt 0.500000 0.125000
vt 0.500000 0.250000
vt 0.437500 0.500000
vt 0.437500 0.625000
vt 0.437500 0.625000
vt 0.500000 0.562500
vt 0.437500 0.750000
vt 0.437500 0.000000
vt 0.437500 0.125000
vt 0.437500 0.125000
vt 0.437500 0.250000
vt 0.437500 0.562500
vt 0.125000 0.187500
vt 0.375000 0.562500
vt 0.375000 0.187500
vt 0.437500 0.187500
vt 0.500000 0.187500
vt 0.625000 0.187500
vt 0.625000 0.562500
vt 0.875000 0.187500
vt 0.500000 0.562500
vt 0.437500 0.593750
vt 0.125000 0.156250
vt 0.375000 0.593750
vt 0.375000 0.156250
vt 0.437500 0.156250
vt 0.500000 0.156250
vt 0.625000 0.156250
vt 0.625000 0.593750
vt 0.875000 0.156250
vt 0.500000 0.593750
vt 0.437500 0.562500
vt 0.500000 0.562500
vt 0.500000 0.593750
vt 0.437500 0.593750
vt 0.500000 0.375000
vt 0.437500 0.375000
vt 0.250000 0.250000
vt 0.375000 0.375000
vt 0.250000 0.187500
vt 0.250000 0.156250
vt 0.250000 0.125000
vt 0.250000 0.125000
vt 0.250000 0.000000
vt 0.375000 0.375000
vt 0.468750 0.281250
vt 0.562500 0.187500
vt 0.750000 0.000000
vt 0.750000 0.125000
vt 0.750000 0.125000
vt 0.750000 0.156250
vt 0.750000 0.187500
vt 0.625000 0.375000
vt 0.750000 0.250000
vt 0.625000 0.531250
vt 0.875000 0.218750
vt 0.500000 0.531250
vt 0.437500 0.531250
vt 0.125000 0.218750
vt 0.375000 0.531250
vt 0.250000 0.218750
vt 0.375000 0.218750
vt 0.437500 0.218750
vt 0.500000 0.218750
vt 0.625000 0.218750
vt 0.750000 0.218750
vt 0.375000 0.500000
vt 0.437500 0.500000
vt 0.437500 0.531250
vt 0.375000 0.531250
vt 0.500000 0.500000
vt 0.625000 0.500000
vt 0.625000 0.531250
vt 0.500000 0.531250
vt 0.562500 0.375000
vt 0.562500 0.250000
vt 0.562500 0.218750
vt 0.562500 0.187500
vt 0.562500 0.156250
vt 0.562500 0.125000
vt 0.562500 0.125000
vt 0.562500 0.000000
vt 0.656250 0.093750
vt 0.750000 0.187500
vt 0.562500 0.750000
vt 0.562500 0.625000
vt 0.562500 0.625000
vt 0.562500 0.593750
vt 0.562500 0.562500
vt 0.562500 0.531250
vt 0.562500 0.531250
vt 0.562500 0.500000
vt 0.562500 0.500000
vt 0.500000 0.312500
vt 0.437500 0.312500
vt 0.312500 0.250000
vt 0.375000 0.312500
vt 0.312500 0.218750
vt 0.312500 0.187500
vt 0.312500 0.156250
vt 0.312500 0.125000
vt 0.312500 0.125000
vt 0.312500 0.000000
vt 0.375000 0.187500
vt 0.453125 0.140625
vt 0.531250 0.093750
vt 0.609375 0.046875
vt 0.687500 0.000000
vt 0.687500 0.125000
vt 0.687500 0.125000
vt 0.687500 0.156250
vt 0.687500 0.187500
vt 0.687500 0.218750
vt 0.625000 0.312500
vt 0.687500 0.250000
vt 0.562500 0.312500
vt 0.437500 0.375000
vt 0.437500 0.312500
vt 0.500000 0.312500
vt 0.500000 0.375000
vt 0.562500 0.375000
vt 0.562500 0.312500
vn 0.000000 0.000000 1.000000
vn 0.000000 0.000000 1.000000
vn 0.000000 0.000000 1.000000
vn 0.000000 0.000000 1.000000
vn 0.000000 1.000000 0.000000
vn 0.000000 1.000000 0.000000
vn 0.000000 1.000000 0.000000
vn 0.000000 1.000000 0.000000
vn 0.000000 0.000000 -1.000000
vn 0.000000 0.000000 -1.000000
vn 0.000000 0.000000 -1.000000
vn 0.000000 0.000000 -1.000000
vn 1.000000 0.000000 0.000000
vn 1.000000 0.000000 0.000000
vn 1.000000 0.000000 0.000000
vn 1.000000 0.000000 0.000000
vn -1.000000 0.000000 0.000000
vn -1.000000 0.000000 0.000000
vn -1.000000 0.000000 0.000000
vn -1.000000 0.000000 0.000000
vn 0.000000 0.000000 -1.000000
vn 0.000000 0.000000 -1.000000
vn 0.000000 0.000000 -1.000000
vn 0.000000 0.000000 -1.000000
vn -1.000000 0.000000 0.000000
vn -1.000000 0.000000 0.000000
vn -1.000000 0.000000 0.000000
vn -1.000000 0.000000 0.000000
vn 0.000000 0.000000 1.000000
vn 0.000000 0.000000 1.000000
vn 0.000000 0.000000 1.000000
vn 0.000000 0.000000 1.000000
vn 1.000000 0.000000 0.000000
vn 1.000000 0.000000 0.000000
vn 1.000000 0.000000 0.000000
vn 1.000000 0.000000 0.000000
vn 0.000000 -1.000000 -0.000000
vn 0.000000 -1.000000 -0.000000
vn 0.000000 -1.000000 -0.000000
vn 0.000000 -1.000000 -0.000000
vn 0.000000 -1.000000 0.000000
vn 0.000000 -1.000000 0.000000
vn 0.000000 -1.000000 0.000000
vn 0.000000 -1.000000 0.000000
vn 0.000000 -1.000000 0.000000
vn 0.000000 -1.000000 0.000000
vn 0.000000 -1.000000 0.000000
vn 0.000000 -1.000000 0.000000
vn 0.000000 -1.000000 0.000000
vn 0.000000 -1.000000 0.000000
vn 0.000000 -1.000000 0.000000
vn 0.000000 -1.000000 0.000000
vn 0.000000 -1.000000 0.000000
vn 0.000000 -1.000000 0.000000
vn 0.000000 0.000000 -1.000000
vn 0.000000 0.000000 -1.000000
vn 0.000000 0.000000 -1.000000
vn 0.000000 0.000000 -1.000000
vn 0.000000 -1.000000 -0.000000
vn 0.000000 -1.000000 -0.000000
vn 0.000000 -1.000000 0.000000
vn 0.000000 -1.000000 0.000000
vn 0.000000 0.000000 -1.000000
vn 0.000000 0.000000 -1.000000
vn 0.000000 0.000000 -1.000000
vn 0.000000 0.000000 -1.000000
vn 0.000000 -1.000000 0.000000
vn 0.000000 -1.000000 0.000000
vn 0.000000 -1.000000 0.000000
vn 0.000000 -1.000000 0.000000
vn 0.000000 0.000000 1.000000
vn 0.000000 0.000000 1.000000
vn 0.000000 0.000000 1.000000
vn 0.000000 0.000000 1.000000
vn 0.000000 -1.000000 0.000000
vn 0.000000 -1.000000 0.000000
vn 0.000000 0.000000 1.000000
vn 0.000000 0.000000 1.000000
vn 0.000000 0.000000 1.000000
vn 0.000000 0.000000 1.000000
vn 0.000000 1.000000 0.000000
vn 0.000000 1.000000 0.000000
vn 0.000000 1.000000 0.000000
vn 0.000000 1.000000 0.000000
vn 0.000000 0.000000 -1.000000
vn 0.000000 0.000000 -1.000000
vn 0.000000 -1.000000 -0.000000
vn 0.000000 -1.000000 -0.000000
vn 0.000000 0.000000 -1.000000
vn 0.000000 0.000000 -1.000000
vn 0.000000 -1.000000 0.000000
vn 0.000000 -1.000000 0.000000
vn 0.000000 0.000000 1.000000
vn 0.000000 0.000000 1.000000
vn 0.000000 -1.000000 0.000000
vn 0.000000 -1.000000 0.000000
vn 0.000000 0.000000 1.000000
vn 0.000000 0.000000 1.000000
vn 0.000000 1.000000 0.000000
vn 0.000000 1.000000 0.000000
vn 0.000000 0.000000 -1.000000
vn 0.000000 0.000000 -1.000000
vn 0.000000 0.000000 -1.000000
vn 0.000000 0.000000 -1.000000
vn -1.000000 0.000000 0.000000
vn -1.000000 0.000000 0.000000
vn -1.000000 0.000000 0.000000
vn -1.000000 0.000000 0.000000
vn 0.000000 0.000000 1.000000
vn 0.000000 0.000000 1.000000
vn 0.000000 0.000000 1.000000
vn 0.000000 0.000000 1.000000
vn 0.000000 0.000000 1.000000
vn 0.000000 0.000000 1.000000
vn 0.000000 0.000000 1.000000
vn 0.000000 0.000000 1.000000
vn 0.000000 0.000000 1.000000
vn 0.000000 0.000000 1.000000
vn 1.000000 0.000000 0.000000
vn 1.000000 0.000000 0.000000
vn 1.000000 0.000000 0.000000
vn 1.000000 0.000000 0.000000
vn 0.000000 0.000000 -1.000000
vn 0.000000 0.000000 -1.000000
vn 0.000000 0.000000 -1.000000
vn 0.000000 0.000000 -1.000000
vn 0.000000 0.000000 -1.000000
vn 0.000000 0.000000 -1.000000
vn 0.000000 0.000000 -1.000000
vn 0.000000 0.000000 -1.000000
vn 0.000000 0.000000 -1.000000
vn 0.000000 0.000000 -1.000000
vn -1.000000 0.000000 0.000000
vn -1.000000 0.000000 0.000000
vn 0.000000 0.000000 1.000000
vn 0.000000 0.000000 1.000000
vn 0.000000 0.000000 1.000000
vn 0.000000 0.000000 1.000000
vn 0.000000 0.000000 1.000000
vn 1.000000 0.000000 0.000000
vn 1.000000 0.000000 0.000000
vn 0.000000 0.000000 -1.000000
vn 0.000000 0.000000 -1.000000
vn 0.000000 0.000000 -1.000000
vn 0.000000 0.000000 -1.000000
vn 0.000000 -1.000000 0.000000
vn 0.000000 -1.000000 0.000000
vn 0.000000 -1.000000 0.000000
vn 0.000000 -1.000000 0.000000
vn -1.000000 0.000000 0.000000
vn -1.000000 0.000000 0.000000
vn -1.000000 0.000000 0.000000
vn -1.000000 0.000000 0.000000
vn 0.000000 1.000000 0.000000
vn 0.000000 1.000000 0.000000
vn 0.000000 1.000000 0.000000
vn 0.000000 1.000000 0.000000
vn 1.000000 0.000000 0.000000
vn 1.000000 0.000000 0.000000
vn 1.000000 0.000000 0.000000
vn 1.000000 0.000000 0.000000
vn 0.000000 1.000000 0.000000
vn 0.000000 1.000000 0.000000
vn 0.000000 1.000000 0.000000
vn 0.000000 1.000000 0.000000
vn 0.000000 1.000000 0.000000
vn 0.000000 1.000000 0.000000
vn -1.000000 0.000000 0.000000
vn -1.000000 0.000000 0.000000
vn -1.000000 0.000000 0.000000
vn -1.000000 0.000000 0.000000
vn -1.000000 0.000000 0.000000
vn -1.000000 0.000000 0.000000
vn -1.000000 0.000000 0.000000
vn -1.000000 0.000000 0.000000
vn -1.000000 0.000000 0.000000
vn -1.000000 0.000000 0.000000
vn 0.000000 -1.000000 0.000000
vn 0.000000 -1.000000 0.000000
vn -1.000000 0.000000 0.000000
vn -1.000000 0.000000 0.000000
vn -1.000000 0.000000 0.000000
vn -1.000000 0.000000 0.000000
vn 0.000000 -1.000000 0.000000
vn 0.000000 -1.000000 0.000000
vn 0.000000 -1.000000 0.000000
vn 0.000000 -1.000000 0.000000
vn 0.000000 -1.000000 0.000000
vn 0.000000 -1.000000 0.000000
vn 0.000000 -1.000000 0.000000
vn 0.000000 -1.000000 0.000000
vn 0.000000 -1.000000 0.000000
vn 0.000000 -1.000000 0.000000
vn 1.000000 0.000000 0.000000
vn 1.000000 0.000000 0.000000
vn 1.000000 0.000000 0.000000
vn 1.000000 0.000000 0.000000
vn 0.000000 -1.000000 0.000000
vn 0.000000 -1.000000 0.000000
vn 1.000000 0.000000 0.000000
vn 1.000000 0.000000 0.000000
vn 1.000000 0.000000 0.000000
vn 1.000000 0.000000 0.000000
vn 1.000000 0.000000 0.000000
vn 1.000000 0.000000 0.000000
vn 1.000000 0.000000 0.000000
vn 1.000000 0.000000 0.000000
vn 1.000000 0.000000 0.000000
vn 1.000000 0.000000 0.000000
vn 0.000000 1.000000 0.000000
vn 0.000000 1.000000 0.000000
vn 0.000000 1.000000 0.000000
vn 0.000000 1.000000 0.000000
vn 0.000000 0.000000 -1.000000
vn 0.000000 0.000000 -1.000000
vn 0.000000 0.000000 -1.000000
vn 0.000000 0.000000 -1.000000
vn 0.000000 0.000000 -1.000000
vn 0.000000 0.000000 -1.000000
vn 0.000000 1.000000 0.000000
vn 0.000000 1.000000 0.000000
vn 0.000000 -1.000000 0.000000
vn 0.000000 -1.000000 0.000000
vn 0.000000 -1.000000 0.000000
vn 0.000000 -1.000000 0.000000
vn -1.000000 0.000000 0.000000
vn -1.000000 0.000000 0.000000
vn 0.000000 1.000000 0.000000
vn 0.000000 1.000000 0.000000
vn 1.000000 0.000000 0.000000
vn 1.000000 0.000000 0.000000
vn 0.000000 -1.000000 0.000000
vn 0.000000 -1.000000 0.000000
vn 0.000000 -1.000000 0.000000
vn 0.000000 -1.000000 0.000000
vn 0.000000 1.000000 0.000000
vn 0.000000 -1.000000 0.000000
vn 0.000000 -1.000000 0.000000
vn 0.000000 1.000000 0.000000
vn 0.000000 1.000000 0.000000
vn 0.000000 1.000000 0.000000
vn 0.000000 1.000000 0.000000
vn 0.000000 1.000000 0.000000
vn 0.000000 1.000000 0.000000
vn 1.000000 0.000000 0.000000
vn 1.000000 0.000000 0.000000
vn 1.000000 0.000000 0.000000
vn 1.000000 0.000000 0.000000
vn 0.000000 0.000000 -1.000000
vn 0.000000 0.000000 -1.000000
vn 0.000000 0.000000 -1.000000
vn 0.000000 0.000000 -1.000000
vn 0.000000 0.000000 1.000000
vn 0.000000 0.000000 1.000000
vn 0.000000 0.000000 1.000000
vn 0.000000 0.000000 1.000000
vn 0.000000 0.000000 1.000000
vn 0.000000 0.000000 1.000000
vn 0.000000 0.000000 -1.000000
vn 0.000000 0.000000 -1.000000
vn -1.000000 0.000000 0.000000
vn -1.000000 0.000000 0.000000
vn -1.000000 0.000000 0.000000
vn -1.000000 0.000000 0.000000
s 1
g fryer pCube11
usemtl initialShadingGroup
f 550/889/1601 551/890/1602 508/838/1603 477/797/1604
s 2
f 477/797/1605 508/838/1606 582/922/1607 583/924/1608
s 3
f 555/894/1609 556/895/1610 557/896/1611 558/897/1612
s 4
f 553/892/1613 598/940/1614 599/942/1615 478/798/1616
s 5
f 584/925/1617 550/889/1618 477/797/1619 583/923/1620
s 6
f 486/809/1621 503/832/1622 504/834/1623 488/812/1624
s 7
f 589/930/1625 489/814/1626 490/815/1627 588/929/1628
s 8
f 489/814/1629 505/835/1630 506/836/1631 490/815/1632
s 9
f 491/817/1633 593/935/1634 594/936/1635 492/818/1636
s 10
f 482/806/1637 502/831/1638 503/832/1639 486/809/1640
f 483/807/1641 587/928/1642 588/929/1643 490/815/1644
f 507/837/1645 483/807/1641 490/815/1644 506/836/1646
f 595/937/1647 484/808/1648 492/818/1649 594/936/1650
s 13
f 590/932/1651 505/835/1652 489/814/1653 589/931/1654
s 3
f 579/919/1655 560/899/1656 561/900/1657 578/918/1658
s 10
f 573/913/1659 574/914/1660 481/803/1661 485/810/1662
s 6
f 572/912/1663 573/913/1664 485/810/1665 487/811/1666
s 13
f 593/935/1667 491/817/1668 570/909/1669 592/934/1670
s 8
f 569/908/1671 570/909/1672 491/817/1673 492/818/1674
s 10
f 484/808/1648 568/907/1675 569/908/1676 492/818/1649
s 1
f 564/903/1677 565/904/1678 553/892/1679 478/798/1680
s 2
f 599/941/1681 600/943/1682 564/903/1683 478/798/1684
s 3
f 556/895/1610 559/898/1685 562/901/1686 557/896/1611
s 10
f 503/832/1639 502/831/1638 494/822/1687 495/823/1688
s 6
f 504/834/1623 503/832/1622 495/823/1689 496/825/1690
s 13
f 591/933/1691 497/826/1692 505/835/1652 590/932/1651
s 8
f 506/836/1631 505/835/1630 497/826/1693 498/827/1694
s 10
f 499/828/1695 507/837/1645 506/836/1646 498/827/1696
s 1
f 508/838/1603 551/890/1602 552/891/1697 500/829/1698
s 2
f 582/922/1607 508/838/1606 500/829/1699 581/921/1700
s 21
f 510/841/1701 509/839/1702 517/849/1703 518/851/1704
s 5
f 586/927/1705 519/852/1706 511/842/1707 585/926/1708
s 1
f 519/852/1709 520/853/1710 512/843/1711 511/842/1712
f 513/844/1713 512/843/1711 520/853/1710 521/854/1714
f 514/845/1715 566/905/1716 567/906/1717 522/855/1718
s 4
f 522/855/1719 596/938/1720 597/939/1721 514/845/1722
s 21
f 576/916/1723 515/846/1724 523/856/1725 575/915/1726
s off
f 526/859/1727 525/860/1728 527/861/1729 528/862/1730
s 21
f 518/851/1704 517/849/1703 502/831/1731 482/806/1732
s 5
f 587/928/1733 483/807/1734 519/852/1706 586/927/1705
s 1
f 483/807/1735 507/837/1736 520/853/1710 519/852/1709
f 521/854/1714 520/853/1710 507/837/1736 499/828/1737
f 522/855/1718 567/906/1717 568/907/1738 484/808/1739
s 4
f 484/808/1740 595/937/1741 596/938/1720 522/855/1719
s 21
f 575/915/1726 523/856/1725 481/803/1742 574/914/1743
f 517/849/1703 524/858/1744 494/822/1745 502/831/1731
s off
f 509/839/1746 516/848/1747 525/860/1748 526/859/1749
f 516/848/1750 524/858/1751 527/861/1752 525/860/1753
f 524/858/1754 517/849/1755 528/862/1756 527/861/1757
f 517/849/1758 509/839/1759 526/859/1760 528/862/1761
s 2
f 501/830/1762 530/864/1763 529/863/1764 493/821/1765
f 531/866/1766 530/864/1763 501/830/1762 479/799/1767
s 5
f 548/886/1768 549/888/1769 531/865/1770 479/802/1771
f 518/850/1772 533/868/1773 532/867/1774 510/840/1775
f 482/805/1776 534/869/1777 533/868/1773 518/850/1772
s 10
f 535/870/1778 534/869/1779 482/805/1637 486/816/1640
s 7
f 488/813/1780 536/871/1781 535/870/1782 486/816/1783
s 13
f 504/833/1784 537/873/1785 536/872/1786 488/812/1787
f 496/824/1788 538/874/1789 537/873/1785 504/833/1784
f 487/819/1790 539/875/1791 571/910/1792 572/911/1793
s 9
f 540/876/1794 539/875/1795 487/819/1796 485/820/1797
s 10
f 481/804/1661 541/877/1798 540/876/1799 485/820/1662
s 4
f 542/878/1800 541/877/1801 481/804/1802 523/857/1803
f 543/879/1804 542/878/1800 523/857/1803 515/847/1805
f 544/881/1806 554/893/1807 545/883/1808 480/801/1809
s 2
f 580/920/1810 563/902/1811 544/880/1812 480/800/1813
s 21
f 577/917/1814 545/882/1815 515/846/1724 576/916/1723
f 547/885/1816 546/884/1817 516/848/1818 509/839/1702
f 548/887/1819 547/885/1816 509/839/1702 510/841/1701
s 5
f 510/840/1775 532/867/1774 549/888/1769 548/886/1768
f 585/926/1708 511/842/1707 550/889/1618 584/925/1617
s 1
f 511/842/1712 512/843/1711 551/890/1602 550/889/1601
f 552/891/1697 551/890/1602 512/843/1711 513/844/1713
f 553/892/1679 565/904/1678 566/905/1716 514/845/1715
s 4
f 514/845/1722 597/939/1721 598/940/1614 553/892/1613
f 545/883/1808 554/893/1807 543/879/1804 515/847/1805
s 2
f 479/799/1767 501/830/1762 556/895/1820 555/894/1821
s 30
f 547/885/1822 548/887/1823 558/897/1824 557/896/1825
s 5
f 548/887/1768 479/799/1771 555/894/1826 558/897/1827
s 2
f 580/920/1810 480/800/1813 560/899/1828 579/919/1829
s 4
f 480/800/1809 545/882/1808 561/900/1830 560/899/1831
s 30
f 545/882/1832 577/917/1833 578/918/1834 561/900/1835
s 2
f 501/830/1762 493/821/1765 559/898/1836 556/895/1820
s 30
f 546/884/1837 547/885/1822 557/896/1825 562/901/1838
s 2
f 600/943/1682 581/921/1700 500/829/1699 564/903/1683
s 1
f 500/829/1698 552/891/1697 565/904/1678 564/903/1677
f 566/905/1716 565/904/1678 552/891/1697 513/844/1713
f 567/906/1717 566/905/1716 513/844/1713 521/854/1714
f 568/907/1738 567/906/1717 521/854/1714 499/828/1737
s 10
f 569/908/1676 568/907/1675 499/828/1695 498/827/1696
s 8
f 498/827/1694 497/826/1693 570/909/1672 569/908/1671
s 13
f 592/934/1670 570/909/1669 497/826/1692 591/933/1691
f 572/911/1793 571/910/1792 538/874/1789 496/824/1788
s 6
f 496/825/1690 495/823/1689 573/913/1664 572/912/1663
s 10
f 495/823/1688 494/822/1687 574/914/1660 573/913/1659
s 21
f 524/858/1744 575/915/1726 574/914/1743 494/822/1745
f 516/848/1818 576/916/1723 575/915/1726 524/858/1744
f 546/884/1817 577/917/1814 576/916/1723 516/848/1818
s 30
f 578/918/1834 577/917/1833 546/884/1837 562/901/1838
s 3
f 559/898/1685 579/919/1655 578/918/1658 562/901/1686
s 2
f 493/821/1765 580/920/1810 579/919/1829 559/898/1836
f 493/821/1765 529/863/1764 563/902/1811 580/920/1810
s 32
f 602/944/1839 601/945/1840 603/946/1841 604/947/1842
s 2
f 583/924/1608 582/922/1607 530/864/1763 531/866/1766
s 5
f 549/888/1769 584/925/1617 583/923/1620 531/865/1770
f 532/867/1774 585/926/1708 584/925/1617 549/888/1769
f 533/868/1773 586/927/1705 585/926/1708 532/867/1774
f 534/869/1777 587/928/1733 586/927/1705 533/868/1773
s 10
f 588/929/1643 587/928/1642 534/869/1779 535/870/1778
s 7
f 536/871/1781 589/930/1625 588/929/1628 535/870/1782
s 13
f 537/873/1785 590/932/1651 589/931/1654 536/872/1786
f 538/874/1789 591/933/1691 590/932/1651 537/873/1785
f 571/910/1792 592/934/1670 591/933/1691 538/874/1789
f 539/875/1791 593/935/1667 592/934/1670 571/910/1792
s 9
f 594/936/1635 593/935/1634 539/875/1795 540/876/1794
s 10
f 541/877/1798 595/937/1647 594/936/1650 540/876/1799
s 4
f 596/938/1720 595/937/1741 541/877/1801 542/878/1800
f 597/939/1721 596/938/1720 542/878/1800 543/879/1804
f 598/940/1614 597/939/1721 543/879/1804 554/893/1807
f 599/942/1615 598/940/1614 554/893/1807 544/881/1806
s 2
f 544/880/1812 563/902/1811 600/943/1682 599/941/1681
s 32
f 605/948/1843 604/947/1842 603/946/1841 606/949/1844
s off
f 530/864/1845 582/922/1846 601/945/1847 602/944/1848
s 33
f 582/922/1849 581/921/1850 603/946/1851 601/945/1852
s 34
f 529/863/1853 530/864/1854 602/944/1855 604/947/1856
f 563/902/1857 529/863/1853 604/947/1856 605/948/1858
s 33
f 581/921/1850 600/943/1859 606/949/1860 603/946/1851
s off
f 600/943/1861 563/902/1862 605/948/1863 606/949/1864
g default
v 347.943345 84.762351 533.819315
v 352.910207 84.762351 533.819315
v 347.943345 113.451632 527.680728
v 352.910207 113.451632 527.680728
v 347.943345 113.126290 526.222689
v 352.910207 113.126290 526.222689
v 347.943345 84.436992 532.361281
v 352.910207 84.436992 532.361281
v 347.943345 115.045470 527.128666
v 352.910207 115.045470 527.128666
v 352.910207 113.926304 526.139129
v 347.943345 113.926304 526.139129
v 347.943345 115.748129 526.281751
v 352.910207 115.748129 526.281751
v 352.910207 114.383189 525.674594
v 347.943345 114.383189 525.674594
v 347.943345 116.203826 525.143757
v 352.910207 116.203826 525.143757
v 352.910207 114.713116 525.046342
v 347.943345 114.713116 525.046342
v 347.943345 117.190651 510.043262
v 352.910207 117.190651 510.043262
v 352.910207 115.699941 509.945844
v 347.943345 115.699941 509.945844
v 350.426776 117.190650 508.416742
v 350.426776 115.699939 508.319324
v 350.426776 114.713116 525.046342
v 350.426776 114.383189 525.674594
v 350.426776 113.926304 526.139129
v 350.426776 113.126290 526.222689
v 350.426776 84.436992 532.361281
v 350.426776 84.762351 533.819315
v 350.426776 113.451632 527.680728
v 350.426776 115.045470 527.128666
v 350.426776 115.748129 526.281751
v 350.426776 116.203826 525.143757
vt 0.375000 0.000000
vt 0.625000 0.000000
vt 0.375000 0.250000
vt 0.625000 0.250000
vt 0.375000 0.500000
vt 0.625000 0.500000
vt 0.375000 0.750000
vt 0.625000 0.750000
vt 0.375000 1.000000
vt 0.625000 1.000000
vt 0.875000 0.000000
vt 0.875000 0.250000
vt 0.125000 0.000000
vt 0.125000 0.250000
vt 0.375000 0.250000
vt 0.625000 0.250000
vt 0.625000 0.500000
vt 0.375000 0.500000
vt 0.375000 0.250000
vt 0.625000 0.250000
vt 0.625000 0.500000
vt 0.375000 0.500000
vt 0.375000 0.250000
vt 0.625000 0.250000
vt 0.625000 0.500000
vt 0.375000 0.500000
vt 0.375000 0.250000
vt 0.625000 0.250000
vt 0.625000 0.500000
vt 0.375000 0.500000
vt 0.500000 0.250000
vt 0.500000 0.500000
vt 0.500000 0.500000
vt 0.500000 0.500000
vt 0.500000 0.500000
vt 0.500000 0.500000
vt 0.500000 0.750000
vt 0.500000 0.000000
vt 0.500000 1.000000
vt 0.500000 0.250000
vt 0.500000 0.250000
vt 0.500000 0.250000
vt 0.500000 0.250000
vn 0.000000 0.209232 0.977866
vn 0.000000 0.209232 0.977866
vn 0.000000 0.215734 0.976452
vn 0.000000 0.215734 0.976452
vn -0.547078 0.054587 -0.835300
vn 0.000000 0.065211 -0.997871
vn 0.000000 0.065211 -0.997871
vn -0.547078 0.054587 -0.835300
vn 0.000000 -0.206451 -0.978457
vn 0.000000 -0.206451 -0.978457
vn 0.000000 -0.209232 -0.977866
vn 0.000000 -0.209232 -0.977866
vn 0.000000 -0.975995 0.217793
vn 0.000000 -0.975995 0.217793
vn 0.000000 -0.975995 0.217793
vn 0.000000 -0.975995 0.217793
vn 1.000000 0.000000 0.000000
vn 1.000000 0.000000 0.000000
vn 1.000000 0.000000 0.000000
vn 1.000000 0.000000 0.000000
vn -1.000000 0.000000 0.000000
vn -1.000000 0.000000 0.000000
vn -1.000000 0.000000 0.000000
vn -1.000000 0.000000 0.000000
vn 0.000000 0.520248 0.854015
vn 0.000000 0.520248 0.854015
vn 1.000000 0.000000 0.000000
vn 1.000000 0.000000 0.000000
vn 0.000000 -0.103884 -0.994590
vn 0.000000 -0.103884 -0.994590
vn -1.000000 0.000000 0.000000
vn -1.000000 0.000000 0.000000
vn 0.000000 0.863686 0.504031
vn 0.000000 0.863686 0.504031
vn 1.000000 0.000000 0.000000
vn 1.000000 0.000000 0.000000
vn 0.000000 -0.712952 -0.701212
vn 0.000000 -0.712952 -0.701212
vn 0.000000 -0.811532 -0.584308
vn 0.000000 -0.811532 -0.584308
vn -1.000000 0.000000 0.000000
vn -1.000000 0.000000 0.000000
vn 0.000000 0.996441 0.084296
vn 0.018881 0.996263 0.084281
vn 1.000000 0.000000 0.000000
vn 1.000000 0.000000 0.000000
vn -0.019471 -0.996658 -0.079334
vn 0.000000 -0.996847 -0.079349
vn -1.000000 0.000000 0.000000
vn -1.000000 0.000000 0.000000
vn 0.000000 0.998083 0.061892
vn 0.020264 0.997878 0.061879
vn 1.000000 0.000000 0.000000
vn 1.000000 0.000000 0.000000
vn -0.020264 -0.997878 -0.061879
vn 0.000000 -0.998083 -0.061892
vn -1.000000 0.000000 0.000000
vn -1.000000 0.000000 0.000000
vn 0.547078 0.054587 -0.835300
vn 0.547078 0.054587 -0.835300
vn 0.019471 -0.996658 -0.079334
vn 0.020264 -0.997878 -0.061879
vn 0.000000 -0.811532 -0.584308
vn 0.000000 -0.712952 -0.701212
vn 0.000000 -0.206451 -0.978457
vn 0.000000 -0.103884 -0.994590
vn 0.000000 -0.209232 -0.977866
vn 0.000000 -0.975995 0.217793
vn 0.000000 -0.975995 0.217793
vn 0.000000 0.209232 0.977866
vn 0.000000 0.215734 0.976452
vn 0.000000 0.520248 0.854015
vn 0.000000 0.863686 0.504031
vn -0.018881 0.996263 0.084281
vn -0.020264 0.997878 0.061879
s 1
g fryer pCube15
usemtl initialShadingGroup
f 607/950/1865 638/987/1866 639/989/1867 609/952/1868
s 2
f 627/976/1869 631/980/1870 632/981/1871 630/979/1872
s 3
f 611/954/1873 636/985/1874 637/986/1875 613/956/1876
s 4
f 613/956/1877 637/986/1878 638/988/1879 607/958/1880
s 5
f 608/951/1881 614/960/1882 612/961/1883 610/953/1884
s 6
f 613/962/1885 607/950/1886 609/952/1887 611/963/1888
s 1
f 609/952/1868 639/989/1867 640/990/1889 615/964/1890
s 5
f 610/953/1884 612/955/1883 617/966/1891 616/965/1892
s 3
f 636/985/1874 611/954/1873 618/967/1893 635/984/1894
s 6
f 611/954/1888 609/952/1887 615/964/1895 618/967/1896
s 1
f 615/964/1890 640/990/1889 641/991/1897 619/968/1898
s 5
f 616/965/1892 617/966/1891 621/970/1899 620/969/1900
s 7
f 635/984/1901 618/967/1902 622/971/1903 634/983/1904
s 6
f 618/967/1896 615/964/1895 619/968/1905 622/971/1906
s 1
f 619/968/1898 641/991/1897 642/992/1907 623/972/1908
s 5
f 620/969/1900 621/970/1899 625/974/1909 624/973/1910
s 7
f 634/983/1904 622/971/1903 626/975/1911 633/982/1912
s 6
f 622/971/1906 619/968/1905 623/972/1913 626/975/1914
s 1
f 623/972/1908 642/992/1907 631/980/1915 627/976/1916
s 5
f 624/973/1910 625/974/1909 629/978/1917 628/977/1918
s 7
f 633/982/1912 626/975/1911 630/979/1919 632/981/1920
s 6
f 626/975/1914 623/972/1913 627/976/1921 630/979/1922
s 2
f 631/980/1870 628/977/1923 629/978/1924 632/981/1871
s 7
f 625/974/1925 633/982/1912 632/981/1920 629/978/1926
f 621/970/1927 634/983/1904 633/982/1912 625/974/1925
f 617/966/1928 635/984/1901 634/983/1904 621/970/1927
s 3
f 612/955/1929 636/985/1874 635/984/1894 617/966/1930
f 637/986/1875 636/985/1874 612/955/1929 614/957/1931
s 4
f 638/988/1879 637/986/1878 614/957/1932 608/959/1933
s 1
f 639/989/1867 638/987/1866 608/951/1934 610/953/1935
f 640/990/1889 639/989/1867 610/953/1935 616/965/1936
f 641/991/1897 640/990/1889 616/965/1936 620/969/1937
f 642/992/1907 641/991/1897 620/969/1937 624/973/1938
f 631/980/1915 642/992/1907 624/973/1938 628/977/1939
g default
v 318.167618 84.762351 533.819315
v 323.134480 84.762351 533.819315
v 318.167618 113.451632 527.680728
v 323.134480 113.451632 527.680728
v 318.167618 113.126290 526.222689
v 323.134480 113.126290 526.222689
v 318.167618 84.436992 532.361281
v 323.134480 84.436992 532.361281
v 318.167618 115.045470 527.128666
v 323.134480 115.045470 527.128666
v 323.134480 113.926304 526.139129
v 318.167618 113.926304 526.139129
v 318.167618 115.748129 526.281751
v 323.134480 115.748129 526.281751
v 323.134480 114.383189 525.674594
v 318.167618 114.383189 525.674594
v 318.167618 116.203826 525.143757
v 323.134480 116.203826 525.143757
v 323.134480 114.713116 525.046342
v 318.167618 114.713116 525.046342
v 318.167618 117.190651 510.043262
v 323.134480 117.190651 510.043262
v 323.134480 115.699941 509.945844
v 318.167618 115.699941 509.945844
v 320.651049 117.190650 508.416742
v 320.651049 115.699939 508.319324
v 320.651049 114.713116 525.046342
v 320.651049 114.383189 525.674594
v 320.651049 113.926304 526.139129
v 320.651049 113.126290 526.222689
v 320.651049 84.436992 532.361281
v 320.651049 84.762351 533.819315
v 320.651049 113.451632 527.680728
v 320.651049 115.045470 527.128666
v 320.651049 115.748129 526.281751
v 320.651049 116.203826 525.143757
vt 0.375000 0.000000
vt 0.625000 0.000000
vt 0.375000 0.250000
vt 0.625000 0.250000
vt 0.375000 0.500000
vt 0.625000 0.500000
vt 0.375000 0.750000
vt 0.625000 0.750000
vt 0.375000 1.000000
vt 0.625000 1.000000
vt 0.875000 0.000000
vt 0.875000 0.250000
vt 0.125000 0.000000
vt 0.125000 0.250000
vt 0.375000 0.250000
vt 0.625000 0.250000
vt 0.625000 0.500000
vt 0.375000 0.500000
vt 0.375000 0.250000
vt 0.625000 0.250000
vt 0.625000 0.500000
vt 0.375000 0.500000
vt 0.375000 0.250000
vt 0.625000 0.250000
vt 0.625000 0.500000
vt 0.375000 0.500000
vt 0.375000 0.250000
vt 0.625000 0.250000
vt 0.625000 0.500000
vt 0.375000 0.500000
vt 0.500000 0.250000
vt 0.500000 0.500000
vt 0.500000 0.500000
vt 0.500000 0.500000
vt 0.500000 0.500000
vt 0.500000 0.500000
vt 0.500000 0.750000
vt 0.500000 0.000000
vt 0.500000 1.000000
vt 0.500000 0.250000
vt 0.500000 0.250000
vt 0.500000 0.250000
vt 0.500000 0.250000
vn 0.000000 0.209232 0.977866
vn 0.000000 0.209232 0.977866
vn 0.000000 0.215734 0.976452
vn 0.000000 0.215734 0.976452
vn -0.547078 0.054587 -0.835300
vn 0.000000 0.065211 -0.997871
vn 0.000000 0.065211 -0.997871
vn -0.547078 0.054587 -0.835300
vn 0.000000 -0.206451 -0.978457
vn 0.000000 -0.206451 -0.978457
vn 0.000000 -0.209232 -0.977866
vn 0.000000 -0.209232 -0.977866
vn 0.000000 -0.975995 0.217793
vn 0.000000 -0.975995 0.217793
vn 0.000000 -0.975995 0.217793
vn 0.000000 -0.975995 0.217793
vn 1.000000 0.000000 0.000000
vn 1.000000 0.000000 0.000000
vn 1.000000 0.000000 0.000000
vn 1.000000 0.000000 0.000000
vn -1.000000 0.000000 0.000000
vn -1.000000 0.000000 0.000000
vn -1.000000 0.000000 0.000000
vn -1.000000 0.000000 0.000000
vn 0.000000 0.520248 0.854015
vn 0.000000 0.520248 0.854015
vn 1.000000 0.000000 0.000000
vn 1.000000 0.000000 0.000000
vn 0.000000 -0.103884 -0.994590
vn 0.000000 -0.103884 -0.994590
vn -1.000000 0.000000 0.000000
vn -1.000000 0.000000 0.000000
vn 0.000000 0.863686 0.504031
vn 0.000000 0.863686 0.504031
vn 1.000000 0.000000 0.000000
vn 1.000000 0.000000 0.000000
vn 0.000000 -0.712952 -0.701212
vn 0.000000 -0.712952 -0.701212
vn 0.000000 -0.811532 -0.584308
vn 0.000000 -0.811532 -0.584308
vn -1.000000 0.000000 0.000000
vn -1.000000 0.000000 0.000000
vn 0.000000 0.996441 0.084296
vn 0.018881 0.996263 0.084281
vn 1.000000 0.000000 0.000000
vn 1.000000 0.000000 0.000000
vn -0.019471 -0.996658 -0.079334
vn 0.000000 -0.996847 -0.079349
vn -1.000000 0.000000 0.000000
vn -1.000000 0.000000 0.000000
vn 0.000000 0.998083 0.061892
vn 0.020264 0.997878 0.061879
vn 1.000000 0.000000 0.000000
vn 1.000000 0.000000 0.000000
vn -0.020264 -0.997878 -0.061879
vn 0.000000 -0.998083 -0.061892
vn -1.000000 0.000000 0.000000
vn -1.000000 0.000000 0.000000
vn 0.547078 0.054587 -0.835300
vn 0.547078 0.054587 -0.835300
vn 0.019471 -0.996658 -0.079334
vn 0.020264 -0.997878 -0.061879
vn 0.000000 -0.811532 -0.584308
vn 0.000000 -0.712952 -0.701212
vn 0.000000 -0.206451 -0.978457
vn 0.000000 -0.103884 -0.994590
vn 0.000000 -0.209232 -0.977866
vn 0.000000 -0.975995 0.217793
vn 0.000000 -0.975995 0.217793
vn 0.000000 0.209232 0.977866
vn 0.000000 0.215734 0.976452
vn 0.000000 0.520248 0.854015
vn 0.000000 0.863686 0.504031
vn -0.018881 0.996263 0.084281
vn -0.020264 0.997878 0.061879
s 1
g fryer pCube17
usemtl initialShadingGroup
f 643/993/1940 674/1030/1941 675/1032/1942 645/995/1943
s 2
f 663/1019/1944 667/1023/1945 668/1024/1946 666/1022/1947
s 3
f 647/997/1948 672/1028/1949 673/1029/1950 649/999/1951
s 4
f 649/999/1952 673/1029/1953 674/1031/1954 643/1001/1955
s 5
f 644/994/1956 650/1003/1957 648/1004/1958 646/996/1959
s 6
f 649/1005/1960 643/993/1961 645/995/1962 647/1006/1963
s 1
f 645/995/1943 675/1032/1942 676/1033/1964 651/1007/1965
s 5
f 646/996/1959 648/998/1958 653/1009/1966 652/1008/1967
s 3
f 672/1028/1949 647/997/1948 654/1010/1968 671/1027/1969
s 6
f 647/997/1963 645/995/1962 651/1007/1970 654/1010/1971
s 1
f 651/1007/1965 676/1033/1964 677/1034/1972 655/1011/1973
s 5
f 652/1008/1967 653/1009/1966 657/1013/1974 656/1012/1975
s 7
f 671/1027/1976 654/1010/1977 658/1014/1978 670/1026/1979
s 6
f 654/1010/1971 651/1007/1970 655/1011/1980 658/1014/1981
s 1
f 655/1011/1973 677/1034/1972 678/1035/1982 659/1015/1983
s 5
f 656/1012/1975 657/1013/1974 661/1017/1984 660/1016/1985
s 7
f 670/1026/1979 658/1014/1978 662/1018/1986 669/1025/1987
s 6
f 658/1014/1981 655/1011/1980 659/1015/1988 662/1018/1989
s 1
f 659/1015/1983 678/1035/1982 667/1023/1990 663/1019/1991
s 5
f 660/1016/1985 661/1017/1984 665/1021/1992 664/1020/1993
s 7
f 669/1025/1987 662/1018/1986 666/1022/1994 668/1024/1995
s 6
f 662/1018/1989 659/1015/1988 663/1019/1996 666/1022/1997
s 2
f 667/1023/1945 664/1020/1998 665/1021/1999 668/1024/1946
s 7
f 661/1017/2000 669/1025/1987 668/1024/1995 665/1021/2001
f 657/1013/2002 670/1026/1979 669/1025/1987 661/1017/2000
f 653/1009/2003 671/1027/1976 670/1026/1979 657/1013/2002
s 3
f 648/998/2004 672/1028/1949 671/1027/1969 653/1009/2005
f 673/1029/1950 672/1028/1949 648/998/2004 650/1000/2006
s 4
f 674/1031/1954 673/1029/1953 650/1000/2007 644/1002/2008
s 1
f 675/1032/1942 674/1030/1941 644/994/2009 646/996/2010
f 676/1033/1964 675/1032/1942 646/996/2010 652/1008/2011
f 677/1034/1972 676/1033/1964 652/1008/2011 656/1012/2012
f 678/1035/1982 677/1034/1972 656/1012/2012 660/1016/2013
f 667/1023/1990 678/1035/1982 660/1016/2013 664/1020/2014
g default
v 432.532487 7.568071 603.823455
v 532.532487 7.568071 603.823455
v 432.532487 55.486153 603.823455
v 532.532487 55.486153 603.823455
v 432.532487 55.486153 528.940722
v 532.532487 55.486153 528.940722
v 432.532487 7.568071 528.940722
v 532.532487 7.568071 528.940722
v 532.532487 51.747548 528.940722
v 432.532487 51.747548 528.940722
v 432.532487 51.747548 603.823455
v 532.532487 51.747548 603.823455
v 532.532487 14.699678 528.940722
v 432.532487 14.699678 528.940722
v 432.532487 14.699678 603.823455
v 532.532487 14.699678 603.823455
v 525.854722 14.699678 528.940722
v 525.854722 51.747548 528.940722
v 525.854722 55.486153 528.940722
v 525.854722 55.486153 603.823455
v 525.854722 51.747548 603.823455
v 525.854722 14.699678 603.823455
v 525.854722 7.568071 603.823455
v 525.854722 7.568071 528.940722
v 440.122483 51.747548 528.940722
v 440.122483 55.486153 528.940722
v 440.122483 55.486153 603.823455
v 440.122483 51.747548 603.823455
v 440.122483 14.699678 603.823455
v 440.122483 7.568071 603.823455
v 440.122483 7.568071 528.940722
v 440.122483 14.699678 528.940722
v 532.532487 14.699678 534.798345
v 532.532487 51.747548 534.798345
v 532.532487 55.486153 534.798345
v 525.854722 55.486153 534.798345
v 440.122483 55.486153 534.798345
v 432.532487 55.486153 534.798345
v 432.532487 51.747548 534.798345
v 432.532487 14.699678 534.798345
v 432.532487 7.568071 534.798345
v 440.122483 7.568071 534.798345
v 525.854722 7.568071 534.798345
v 532.532487 7.568071 534.798345
v 532.532487 51.747548 597.488531
v 532.532487 55.486153 597.488531
v 525.854722 55.486153 597.488531
v 440.122483 55.486153 597.488531
v 432.532487 55.486153 597.488531
v 432.532487 51.747548 597.488531
v 432.532487 14.699678 597.488531
v 432.532487 7.568071 597.488531
v 440.122483 7.568071 597.488531
v 525.854722 7.568071 597.488531
v 532.532487 7.568071 597.488531
v 532.532487 14.699678 597.488531
v 525.854722 0.000001 597.488531
v 532.532487 0.000001 597.488531
v 532.532487 0.000001 603.823455
v 525.854722 0.000001 603.823455
v 432.532487 0.000001 597.488531
v 440.122483 0.000001 597.488531
v 440.122483 0.000001 603.823455
v 432.532487 0.000001 603.823455
v 432.532487 0.000001 528.940722
v 440.122483 0.000001 528.940722
v 440.122483 0.000001 534.798345
v 432.532487 0.000001 534.798345
v 525.854722 0.000001 528.940722
v 532.532487 0.000001 528.940722
v 532.532487 0.000001 534.798345
v 525.854722 0.000001 534.798345
v 440.122483 14.699678 591.928486
v 440.122483 51.747548 591.928486
v 525.854722 51.747548 591.928486
v 525.854722 14.699678 591.928486
vt 0.375000 0.000000
vt 0.625000 0.000000
vt 0.375000 0.250000
vt 0.625000 0.250000
vt 0.375000 0.500000
vt 0.625000 0.500000
vt 0.375000 0.750000
vt 0.625000 0.750000
vt 0.375000 1.000000
vt 0.625000 1.000000
vt 0.875000 0.000000
vt 0.875000 0.250000
vt 0.125000 0.000000
vt 0.125000 0.250000
vt 0.625000 0.625000
vt 0.875000 0.125000
vt 0.125000 0.125000
vt 0.375000 0.625000
vt 0.375000 0.125000
vt 0.625000 0.125000
vt 0.625000 0.687500
vt 0.875000 0.062500
vt 0.125000 0.062500
vt 0.375000 0.687500
vt 0.375000 0.062500
vt 0.625000 0.062500
vt 0.500000 0.687500
vt 0.500000 0.625000
vt 0.500000 0.500000
vt 0.500000 0.250000
vt 0.500000 0.125000
vt 0.500000 0.062500
vt 0.500000 0.000000
vt 0.500000 1.000000
vt 0.500000 0.750000
vt 0.437500 0.625000
vt 0.437500 0.500000
vt 0.437500 0.250000
vt 0.437500 0.125000
vt 0.437500 0.062500
vt 0.437500 0.000000
vt 0.437500 1.000000
vt 0.437500 0.750000
vt 0.437500 0.687500
vt 0.750000 0.062500
vt 0.750000 0.125000
vt 0.625000 0.375000
vt 0.750000 0.250000
vt 0.500000 0.375000
vt 0.437500 0.375000
vt 0.250000 0.250000
vt 0.375000 0.375000
vt 0.250000 0.125000
vt 0.250000 0.062500
vt 0.250000 0.000000
vt 0.375000 0.875000
vt 0.437500 0.875000
vt 0.500000 0.875000
vt 0.625000 0.875000
vt 0.750000 0.000000
vt 0.687500 0.125000
vt 0.625000 0.312500
vt 0.687500 0.250000
vt 0.500000 0.312500
vt 0.437500 0.312500
vt 0.312500 0.250000
vt 0.375000 0.312500
vt 0.312500 0.125000
vt 0.312500 0.062500
vt 0.312500 0.000000
vt 0.375000 0.937500
vt 0.437500 0.937500
vt 0.500000 0.937500
vt 0.625000 0.937500
vt 0.687500 0.000000
vt 0.687500 0.062500
vt 0.500000 0.937500
vt 0.625000 0.937500
vt 0.625000 1.000000
vt 0.500000 1.000000
vt 0.375000 0.937500
vt 0.437500 0.937500
vt 0.437500 1.000000
vt 0.375000 1.000000
vt 0.375000 0.750000
vt 0.437500 0.750000
vt 0.437500 0.875000
vt 0.375000 0.875000
vt 0.500000 0.750000
vt 0.625000 0.750000
vt 0.625000 0.875000
vt 0.500000 0.875000
vt 0.437500 0.687500
vt 0.437500 0.625000
vt 0.500000 0.625000
vt 0.500000 0.687500
vn 0.000000 0.000000 1.000000
vn 0.000000 0.000000 1.000000
vn 0.000000 0.000000 1.000000
vn 0.000000 0.000000 1.000000
vn 0.000000 1.000000 0.000000
vn 0.000000 1.000000 0.000000
vn 0.000000 1.000000 0.000000
vn 0.000000 1.000000 0.000000
vn 0.000000 0.000000 -1.000000
vn 0.000000 0.000000 -1.000000
vn 0.000000 0.000000 -1.000000
vn 0.000000 0.000000 -1.000000
vn 0.000000 -1.000000 0.000000
vn 0.000000 -1.000000 0.000000
vn 0.000000 -1.000000 0.000000
vn 0.000000 -1.000000 0.000000
vn 1.000000 0.000000 0.000000
vn 1.000000 0.000000 0.000000
vn 1.000000 0.000000 0.000000
vn 1.000000 0.000000 0.000000
vn -1.000000 0.000000 0.000000
vn -1.000000 0.000000 0.000000
vn -1.000000 0.000000 0.000000
vn -1.000000 0.000000 0.000000
vn 0.000000 0.000000 -1.000000
vn 0.000000 0.000000 -1.000000
vn -1.000000 0.000000 0.000000
vn -1.000000 0.000000 0.000000
vn 0.000000 0.000000 1.000000
vn 0.000000 0.000000 1.000000
vn 1.000000 0.000000 0.000000
vn 1.000000 0.000000 0.000000
vn 0.000000 0.000000 -1.000000
vn 0.000000 0.000000 -1.000000
vn -1.000000 0.000000 0.000000
vn -1.000000 0.000000 0.000000
vn 0.000000 0.000000 1.000000
vn 0.000000 0.000000 1.000000
vn 1.000000 0.000000 0.000000
vn 1.000000 0.000000 0.000000
vn 0.000000 0.000000 -1.000000
vn 0.000000 0.000000 -1.000000
vn 0.000000 0.000000 -1.000000
vn 0.000000 0.000000 -1.000000
vn 0.000000 0.000000 -1.000000
vn 0.000000 0.000000 -1.000000
vn 0.000000 1.000000 0.000000
vn 0.000000 1.000000 0.000000
vn 0.000000 0.000000 1.000000
vn 0.000000 0.000000 1.000000
vn 0.000000 0.000000 1.000000
vn 0.000000 0.000000 1.000000
vn 0.000000 -1.000000 0.000000
vn 0.000000 -1.000000 0.000000
vn 0.000000 -1.000000 0.000000
vn 0.000000 -1.000000 0.000000
vn 0.000000 0.000000 -1.000000
vn 0.000000 0.000000 -1.000000
vn 0.000000 0.000000 -1.000000
vn 0.000000 0.000000 -1.000000
vn 0.000000 1.000000 0.000000
vn 0.000000 1.000000 0.000000
vn 0.000000 0.000000 1.000000
vn 0.000000 0.000000 1.000000
vn 0.000000 0.000000 1.000000
vn 0.000000 0.000000 1.000000
vn 0.000000 -1.000000 0.000000
vn 0.000000 -1.000000 0.000000
vn 0.000000 -1.000000 0.000000
vn 0.000000 -1.000000 0.000000
vn 0.000000 0.000000 -1.000000
vn 0.000000 0.000000 -1.000000
vn 1.000000 0.000000 0.000000
vn 1.000000 0.000000 0.000000
vn 1.000000 0.000000 0.000000
vn 1.000000 0.000000 0.000000
vn 1.000000 0.000000 0.000000
vn 1.000000 0.000000 0.000000
vn 0.000000 1.000000 0.000000
vn 0.000000 1.000000 0.000000
vn 0.000000 1.000000 0.000000
vn 0.000000 1.000000 0.000000
vn 0.000000 1.000000 0.000000
vn 0.000000 1.000000 0.000000
vn 0.000000 1.000000 0.000000
vn 0.000000 1.000000 0.000000
vn -1.000000 0.000000 0.000000
vn -1.000000 0.000000 0.000000
vn -1.000000 0.000000 0.000000
vn -1.000000 0.000000 0.000000
vn -1.000000 0.000000 0.000000
vn -1.000000 0.000000 0.000000
vn -1.000000 0.000000 0.000000
vn -1.000000 0.000000 0.000000
vn 0.000000 -1.000000 0.000000
vn 0.000000 -1.000000 0.000000
vn 0.000000 -1.000000 0.000000
vn 0.000000 -1.000000 0.000000
vn 0.000000 -1.000000 0.000000
vn 0.000000 -1.000000 0.000000
vn 0.000000 -1.000000 0.000000
vn 0.000000 -1.000000 0.000000
vn 0.000000 -1.000000 0.000000
vn 0.000000 -1.000000 0.000000
vn 0.000000 -1.000000 0.000000
vn 0.000000 -1.000000 0.000000
vn 1.000000 0.000000 0.000000
vn 1.000000 0.000000 0.000000
vn 0.000000 -1.000000 0.000000
vn 0.000000 -1.000000 0.000000
vn 0.000000 -1.000000 0.000000
vn 0.000000 -1.000000 0.000000
vn 0.000000 0.000000 -1.000000
vn 0.000000 0.000000 -1.000000
vn 0.000000 0.000000 -1.000000
vn 0.000000 0.000000 -1.000000
vn 1.000000 0.000000 0.000000
vn 1.000000 0.000000 0.000000
vn 0.000000 0.000000 1.000000
vn 0.000000 0.000000 1.000000
vn -1.000000 0.000000 0.000000
vn -1.000000 0.000000 0.000000
vn -1.000000 0.000000 0.000000
vn -1.000000 0.000000 0.000000
vn 0.000000 0.000000 -1.000000
vn 0.000000 0.000000 -1.000000
vn 0.000000 0.000000 -1.000000
vn 0.000000 0.000000 -1.000000
vn 1.000000 0.000000 0.000000
vn 1.000000 0.000000 0.000000
vn 1.000000 0.000000 0.000000
vn 1.000000 0.000000 0.000000
vn 0.000000 0.000000 1.000000
vn 0.000000 0.000000 1.000000
vn -1.000000 0.000000 0.000000
vn -1.000000 0.000000 0.000000
vn 0.000000 0.000000 -1.000000
vn 0.000000 0.000000 -1.000000
vn 1.000000 0.000000 0.000000
vn 1.000000 0.000000 0.000000
vn 1.000000 0.000000 0.000000
vn 1.000000 0.000000 0.000000
vn 0.000000 0.000000 1.000000
vn 0.000000 0.000000 1.000000
vn 0.000000 0.000000 1.000000
vn 0.000000 0.000000 1.000000
vn -1.000000 0.000000 0.000000
vn -1.000000 0.000000 0.000000
vn 0.000000 0.000000 -1.000000
vn 0.000000 0.000000 -1.000000
vn 1.000000 0.000000 0.000000
vn 1.000000 0.000000 0.000000
vn 0.000000 0.000000 1.000000
vn 0.000000 0.000000 1.000000
vn 0.000000 0.000000 1.000000
vn 0.000000 0.000000 1.000000
vn -1.000000 0.000000 0.000000
vn -1.000000 0.000000 0.000000
vn -1.000000 0.000000 0.000000
vn -1.000000 0.000000 0.000000
vn 1.000000 0.000000 0.000000
vn 1.000000 0.000000 0.000000
vn 1.000000 0.000000 0.000000
vn 1.000000 0.000000 0.000000
vn 0.000000 -1.000000 0.000000
vn 0.000000 -1.000000 0.000000
vn 0.000000 -1.000000 0.000000
vn 0.000000 -1.000000 0.000000
vn -1.000000 0.000000 0.000000
vn -1.000000 0.000000 0.000000
vn -1.000000 0.000000 0.000000
vn -1.000000 0.000000 0.000000
vn 0.000000 1.000000 0.000000
vn 0.000000 1.000000 0.000000
vn 0.000000 1.000000 0.000000
vn 0.000000 1.000000 0.000000
s 1
g pCube9 shelf
usemtl initialShadingGroup
f 699/1066/2015 690/1055/2016 682/1039/2017 698/1065/2018
s 2
f 698/1065/2019 682/1039/2020 724/1097/2021 725/1099/2022
s 3
f 697/1064/2023 684/1041/2024 687/1050/2025 696/1063/2026
s off
f 735/1112/2027 736/1113/2028 737/1114/2029 738/1115/2030
s 4
f 690/1055/2031 723/1096/2032 724/1098/2033 682/1039/2034
s 5
f 728/1103/2035 689/1054/2036 681/1038/2037 727/1101/2038
s 3
f 696/1063/2026 687/1050/2025 691/1056/2039 695/1062/2040
s 5
f 729/1104/2041 693/1060/2042 689/1054/2036 728/1103/2035
s 1
f 700/1067/2043 694/1061/2044 690/1055/2016 699/1066/2015
s 4
f 694/1061/2045 734/1111/2046 723/1096/2032 690/1055/2031
s 3
f 702/1070/2047 695/1062/2040 691/1056/2039 686/1043/2048
s 5
f 730/1105/2049 679/1036/2050 693/1060/2042 729/1104/2041
s 1
f 701/1068/2051 680/1037/2052 694/1061/2044 700/1067/2043
s 4
f 680/1037/2053 733/1110/2054 734/1111/2046 694/1061/2045
s off
f 751/1128/2055 752/1129/2056 753/1130/2057 754/1131/2058
s 3
f 704/1072/2059 697/1064/2023 696/1063/2026 703/1071/2060
s 2
f 705/1073/2061 698/1065/2019 725/1099/2022 726/1100/2062
s 1
f 706/1074/2063 699/1066/2015 698/1065/2018 705/1073/2064
f 707/1075/2065 700/1067/2043 699/1066/2015 706/1074/2063
f 708/1076/2066 701/1068/2051 700/1067/2043 707/1075/2065
s 6
f 731/1107/2067 732/1108/2068 701/1069/2069 708/1077/2070
s 3
f 710/1079/2071 695/1062/2040 702/1070/2047 709/1078/2072
f 683/1040/2073 704/1072/2059 703/1071/2060 688/1053/2074
s 2
f 681/1038/2075 705/1073/2061 726/1100/2062 727/1102/2076
s 1
f 689/1054/2077 706/1074/2063 705/1073/2064 681/1038/2078
f 693/1060/2079 707/1075/2065 706/1074/2063 689/1054/2077
f 679/1036/2080 708/1076/2066 707/1075/2065 693/1060/2079
s off
f 739/1116/2081 740/1117/2082 741/1118/2083 742/1119/2084
s 3
f 692/1059/2085 710/1079/2071 709/1078/2072 685/1042/2086
f 688/1053/2074 703/1071/2060 710/1079/2071 692/1059/2085
s 4
f 711/1080/2087 691/1057/2088 687/1051/2089 712/1081/2090
f 713/1083/2091 712/1081/2090 687/1051/2089 684/1047/2092
s 2
f 714/1084/2093 713/1082/2094 684/1041/2095 697/1064/2096
f 715/1085/2097 714/1084/2093 697/1064/2096 704/1072/2098
f 716/1087/2099 715/1085/2097 704/1072/2098 683/1040/2100
s 5
f 688/1052/2101 717/1088/2102 716/1086/2103 683/1049/2104
f 692/1058/2105 718/1089/2106 717/1088/2102 688/1052/2101
f 685/1048/2107 719/1090/2108 718/1089/2106 692/1058/2105
s off
f 743/1120/2109 744/1121/2110 745/1122/2111 746/1123/2112
s 6
f 709/1078/2113 702/1070/2114 721/1093/2115 720/1092/2116
s off
f 747/1124/2117 748/1125/2118 749/1126/2119 750/1127/2120
s 4
f 711/1080/2087 722/1095/2121 686/1046/2122 691/1057/2088
f 723/1096/2032 712/1081/2090 713/1083/2091 724/1098/2033
s 2
f 725/1099/2022 724/1097/2021 713/1082/2094 714/1084/2093
f 726/1100/2062 725/1099/2022 714/1084/2093 715/1085/2097
f 727/1102/2076 726/1100/2062 715/1085/2097 716/1087/2099
s 5
f 717/1088/2102 728/1103/2035 727/1101/2038 716/1086/2103
f 718/1089/2106 729/1104/2041 728/1103/2035 717/1088/2102
f 719/1090/2108 730/1105/2049 729/1104/2041 718/1089/2106
s 6
f 719/1091/2123 720/1092/2116 731/1107/2067 730/1106/2124
f 720/1092/2116 721/1093/2115 732/1108/2068 731/1107/2067
f 721/1093/2115 722/1094/2125 733/1109/2126 732/1108/2068
s 4
f 734/1111/2046 733/1110/2054 722/1095/2121 711/1080/2087
f 723/1096/2032 734/1111/2046 711/1080/2087 712/1081/2090
s off
f 732/1108/2127 733/1109/2128 736/1113/2129 735/1112/2130
s 4
f 733/1109/2054 680/1045/2053 737/1114/2131 736/1113/2132
s 1
f 680/1045/2052 701/1069/2051 738/1115/2133 737/1114/2134
s off
f 701/1069/2135 732/1108/2136 735/1112/2137 738/1115/2138
f 730/1106/2139 731/1107/2140 740/1117/2141 739/1116/2142
f 731/1107/2143 708/1077/2144 741/1118/2145 740/1117/2146
s 1
f 708/1077/2066 679/1044/2080 742/1119/2147 741/1118/2148
s 5
f 679/1044/2050 730/1106/2049 739/1116/2149 742/1119/2150
s 3
f 685/1042/2086 709/1078/2072 744/1121/2151 743/1120/2152
s off
f 709/1078/2153 720/1092/2154 745/1122/2155 744/1121/2156
f 720/1092/2157 719/1091/2158 746/1123/2159 745/1122/2160
s 5
f 719/1091/2108 685/1042/2107 743/1120/2161 746/1123/2162
s 3
f 702/1070/2047 686/1043/2048 748/1125/2163 747/1124/2164
s 4
f 686/1043/2122 722/1094/2121 749/1126/2165 748/1125/2166
s off
f 722/1094/2167 721/1093/2168 750/1127/2169 749/1126/2170
f 721/1093/2171 702/1070/2172 747/1124/2173 750/1127/2174
f 710/1079/2175 703/1071/2176 752/1129/2177 751/1128/2178
f 703/1071/2179 696/1063/2180 753/1130/2181 752/1129/2182
f 696/1063/2183 695/1062/2184 754/1131/2185 753/1130/2186
f 695/1062/2187 710/1079/2188 751/1128/2189 754/1131/2190
g default
v 432.532487 96.272626 603.823455
v 532.532487 96.272626 603.823455
v 432.532487 96.272626 528.940722
v 532.532487 96.272626 528.940722
v 532.532487 92.534021 528.940722
v 432.532487 92.534021 528.940722
v 432.532487 92.534021 603.823455
v 532.532487 92.534021 603.823455
v 532.532487 55.486151 528.940722
v 432.532487 55.486151 528.940722
v 432.532487 55.486151 603.823455
v 532.532487 55.486151 603.823455
v 525.854722 55.486151 528.940722
v 525.854722 92.534021 528.940722
v 525.854722 96.272626 528.940722
v 525.854722 96.272626 603.823455
v 525.854722 92.534021 603.823455
v 525.854722 55.486151 603.823455
v 440.122483 92.534021 528.940722
v 440.122483 96.272626 528.940722
v 440.122483 96.272626 603.823455
v 440.122483 92.534021 603.823455
v 440.122483 55.486151 603.823455
v 440.122483 55.486151 528.940722
v 440.122483 55.486151 591.928486
v 440.122483 92.534021 591.928486
v 525.854722 92.534021 591.928486
v 525.854722 55.486151 591.928486
vt 0.375000 0.250000
vt 0.625000 0.250000
vt 0.375000 0.500000
vt 0.625000 0.500000
vt 0.875000 0.250000
vt 0.125000 0.250000
vt 0.625000 0.625000
vt 0.875000 0.125000
vt 0.125000 0.125000
vt 0.375000 0.625000
vt 0.375000 0.125000
vt 0.625000 0.125000
vt 0.625000 0.687500
vt 0.875000 0.062500
vt 0.125000 0.062500
vt 0.375000 0.687500
vt 0.375000 0.062500
vt 0.625000 0.062500
vt 0.500000 0.687500
vt 0.500000 0.625000
vt 0.500000 0.500000
vt 0.500000 0.250000
vt 0.500000 0.125000
vt 0.500000 0.062500
vt 0.437500 0.625000
vt 0.437500 0.500000
vt 0.437500 0.250000
vt 0.437500 0.125000
vt 0.437500 0.062500
vt 0.437500 0.687500
vt 0.437500 0.687500
vt 0.437500 0.625000
vt 0.500000 0.625000
vt 0.500000 0.687500
vn 0.000000 0.000000 1.000000
vn 0.000000 0.000000 1.000000
vn 0.000000 0.000000 1.000000
vn 0.000000 0.000000 1.000000
vn 0.000000 1.000000 0.000000
vn 0.000000 1.000000 0.000000
vn 0.000000 1.000000 0.000000
vn 0.000000 1.000000 0.000000
vn 0.000000 0.000000 -1.000000
vn 0.000000 0.000000 -1.000000
vn 0.000000 0.000000 -1.000000
vn 0.000000 0.000000 -1.000000
vn 1.000000 0.000000 0.000000
vn 1.000000 0.000000 0.000000
vn 1.000000 0.000000 0.000000
vn 1.000000 0.000000 0.000000
vn -1.000000 0.000000 0.000000
vn -1.000000 0.000000 0.000000
vn -1.000000 0.000000 0.000000
vn -1.000000 0.000000 0.000000
vn 0.000000 0.000000 -1.000000
vn 0.000000 0.000000 -1.000000
vn -1.000000 0.000000 0.000000
vn -1.000000 0.000000 0.000000
vn 0.000000 0.000000 1.000000
vn 0.000000 0.000000 1.000000
vn 1.000000 0.000000 0.000000
vn 1.000000 0.000000 0.000000
vn 0.000000 0.000000 -1.000000
vn 0.000000 0.000000 -1.000000
vn 0.000000 0.000000 -1.000000
vn 0.000000 0.000000 -1.000000
vn 0.000000 0.000000 -1.000000
vn 0.000000 0.000000 -1.000000
vn 0.000000 1.000000 0.000000
vn 0.000000 1.000000 0.000000
vn 0.000000 0.000000 1.000000
vn 0.000000 0.000000 1.000000
vn 0.000000 0.000000 1.000000
vn 0.000000 0.000000 -1.000000
vn 0.000000 0.000000 -1.000000
vn 0.000000 1.000000 0.000000
vn 0.000000 1.000000 0.000000
vn 0.000000 0.000000 1.000000
vn 0.000000 0.000000 1.000000
vn 0.000000 0.000000 1.000000
vn 0.000000 0.000000 -1.000000
vn 0.000000 0.000000 -1.000000
vn 1.000000 0.000000 0.000000
vn 1.000000 0.000000 0.000000
vn 1.000000 0.000000 0.000000
vn 1.000000 0.000000 0.000000
vn 0.000000 -1.000000 0.000000
vn 0.000000 -1.000000 0.000000
vn 0.000000 -1.000000 0.000000
vn 0.000000 -1.000000 0.000000
vn -1.000000 0.000000 0.000000
vn -1.000000 0.000000 0.000000
vn -1.000000 0.000000 0.000000
vn -1.000000 0.000000 0.000000
vn 0.000000 -1.000000 0.000000
vn 0.000000 -1.000000 0.000000
vn 0.000000 -1.000000 0.000000
vn 0.000000 -1.000000 0.000000
vn 0.000000 -1.000000 0.000000
vn 0.000000 -1.000000 0.000000
vn 0.000000 -1.000000 0.000000
vn 0.000000 -1.000000 0.000000
vn 0.000000 -1.000000 0.000000
vn 0.000000 -1.000000 0.000000
vn 0.000000 -1.000000 0.000000
vn 0.000000 -1.000000 0.000000
s 1
g shelf pCube10
usemtl initialShadingGroup
f 771/1154/2191 762/1143/2192 756/1133/2193 770/1153/2194
s 2
f 770/1153/2195 756/1133/2196 758/1135/2197 769/1152/2198
s 3
f 769/1152/2199 758/1135/2200 759/1138/2201 768/1151/2202
s 4
f 756/1133/2203 762/1143/2204 759/1139/2205 758/1136/2206
s 5
f 761/1142/2207 755/1132/2208 757/1137/2209 760/1140/2210
s 3
f 768/1151/2202 759/1138/2201 763/1144/2211 767/1150/2212
s 5
f 764/1146/2213 765/1148/2214 761/1142/2207 760/1140/2210
s 1
f 772/1155/2215 766/1149/2216 762/1143/2192 771/1154/2191
s 4
f 759/1139/2205 762/1143/2204 766/1149/2217 763/1145/2218
s off
f 779/1162/2219 780/1163/2220 781/1164/2221 782/1165/2222
s 3
f 774/1157/2223 769/1152/2199 768/1151/2202 773/1156/2224
s 2
f 775/1158/2225 770/1153/2195 769/1152/2198 774/1157/2226
s 1
f 776/1159/2227 771/1154/2191 770/1153/2194 775/1158/2228
f 777/1160/2229 772/1155/2215 771/1154/2191 776/1159/2227
s 3
f 757/1134/2230 774/1157/2223 773/1156/2224 760/1141/2231
s 2
f 755/1132/2232 775/1158/2225 774/1157/2226 757/1134/2233
s 1
f 761/1142/2234 776/1159/2227 775/1158/2228 755/1132/2235
f 765/1148/2236 777/1160/2229 776/1159/2227 761/1142/2234
s 3
f 760/1141/2231 773/1156/2224 778/1161/2237 764/1147/2238
s off
f 778/1161/2239 773/1156/2240 780/1163/2241 779/1162/2242
f 773/1156/2243 768/1151/2244 781/1164/2245 780/1163/2246
f 768/1151/2247 767/1150/2248 782/1165/2249 781/1164/2250
s 6
f 779/1162/2251 777/1160/2252 765/1148/2253 764/1147/2254 778/1161/2255
s off
f 767/1150/2256 763/1145/2257 766/1149/2258 772/1155/2259 782/1165/2260
s 6
f 782/1165/2261 772/1155/2262 777/1160/2252 779/1162/2251
g default
v 556.641089 9.976252 572.546781
v 656.641089 9.976252 572.546781
v 556.641089 86.882103 572.546781
v 656.641089 86.882103 572.546781
v 556.641089 86.882103 497.664048
v 656.641089 86.882103 497.664048
v 556.641089 9.976252 497.664048
v 656.641089 9.976252 497.664048
v 656.641089 68.213758 497.664048
v 556.641089 68.213758 497.664048
v 556.641089 68.213758 572.546781
v 656.641089 68.213758 572.546781
v 656.641089 19.377155 497.664048
v 556.641089 19.377155 497.664048
v 556.641089 19.377155 572.546781
v 656.641089 19.377155 572.546781
v 649.963324 19.377155 497.664048
v 649.963324 68.213758 497.664048
v 649.963324 86.882103 497.664048
v 649.963324 86.882103 572.546781
v 649.963324 68.213758 572.546781
v 649.963324 19.377155 572.546781
v 649.963324 9.976252 572.546781
v 649.963324 9.976252 497.664048
v 564.231085 68.213758 497.664048
v 564.231085 86.882103 497.664048
v 564.231085 86.882103 572.546781
v 564.231085 68.213758 572.546781
v 564.231085 19.377155 572.546781
v 564.231085 9.976252 572.546781
v 564.231085 9.976252 497.664048
v 564.231085 19.377155 497.664048
v 656.641089 19.377155 503.521671
v 656.641089 68.213758 503.521671
v 656.641089 86.882103 503.521671
v 649.963324 86.882103 503.521671
v 564.231085 86.882103 503.521671
v 556.641089 86.882103 503.521671
v 556.641089 68.213758 503.521671
v 556.641089 19.377155 503.521671
v 556.641089 9.976252 503.521671
v 564.231085 9.976252 503.521671
v 649.963324 9.976252 503.521671
v 656.641089 9.976252 503.521671
v 656.641089 68.213758 566.211857
v 656.641089 86.882103 566.211857
v 649.963324 86.882103 566.211857
v 564.231085 86.882103 566.211857
v 556.641089 86.882103 566.211857
v 556.641089 68.213758 566.211857
v 556.641089 19.377155 566.211857
v 556.641089 9.976252 566.211857
v 564.231085 9.976252 566.211857
v 649.963324 9.976252 566.211857
v 656.641089 9.976252 566.211857
v 656.641089 19.377155 566.211857
v 649.963324 0.000001 566.211857
v 656.641089 0.000001 566.211857
v 656.641089 0.000001 572.546781
v 649.963324 0.000001 572.546781
v 556.641089 0.000001 566.211857
v 564.231085 0.000001 566.211857
v 564.231085 0.000001 572.546781
v 556.641089 0.000001 572.546781
v 556.641089 0.000001 497.664048
v 564.231085 0.000001 497.664048
v 564.231085 0.000001 503.521671
v 556.641089 0.000001 503.521671
v 649.963324 0.000001 497.664048
v 656.641089 0.000001 497.664048
v 656.641089 0.000001 503.521671
v 649.963324 0.000001 503.521671
v 564.231085 19.377155 560.651812
v 564.231085 68.213758 560.651812
v 649.963324 68.213758 560.651812
v 649.963324 19.377155 560.651812
vt 0.375000 0.000000
vt 0.625000 0.000000
vt 0.375000 0.250000
vt 0.625000 0.250000
vt 0.375000 0.500000
vt 0.625000 0.500000
vt 0.375000 0.750000
vt 0.625000 0.750000
vt 0.375000 1.000000
vt 0.625000 1.000000
vt 0.875000 0.000000
vt 0.875000 0.250000
vt 0.125000 0.000000
vt 0.125000 0.250000
vt 0.625000 0.625000
vt 0.875000 0.125000
vt 0.125000 0.125000
vt 0.375000 0.625000
vt 0.375000 0.125000
vt 0.625000 0.125000
vt 0.625000 0.687500
vt 0.875000 0.062500
vt 0.125000 0.062500
vt 0.375000 0.687500
vt 0.375000 0.062500
vt 0.625000 0.062500
vt 0.500000 0.687500
vt 0.500000 0.625000
vt 0.500000 0.500000
vt 0.500000 0.250000
vt 0.500000 0.125000
vt 0.500000 0.062500
vt 0.500000 0.000000
vt 0.500000 1.000000
vt 0.500000 0.750000
vt 0.437500 0.625000
vt 0.437500 0.500000
vt 0.437500 0.250000
vt 0.437500 0.125000
vt 0.437500 0.062500
vt 0.437500 0.000000
vt 0.437500 1.000000
vt 0.437500 0.750000
vt 0.437500 0.687500
vt 0.750000 0.062500
vt 0.750000 0.125000
vt 0.625000 0.375000
vt 0.750000 0.250000
vt 0.500000 0.375000
vt 0.437500 0.375000
vt 0.250000 0.250000
vt 0.375000 0.375000
vt 0.250000 0.125000
vt 0.250000 0.062500
vt 0.250000 0.000000
vt 0.375000 0.875000
vt 0.437500 0.875000
vt 0.500000 0.875000
vt 0.625000 0.875000
vt 0.750000 0.000000
vt 0.687500 0.125000
vt 0.625000 0.312500
vt 0.687500 0.250000
vt 0.500000 0.312500
vt 0.437500 0.312500
vt 0.312500 0.250000
vt 0.375000 0.312500
vt 0.312500 0.125000
vt 0.312500 0.062500
vt 0.312500 0.000000
vt 0.375000 0.937500
vt 0.437500 0.937500
vt 0.500000 0.937500
vt 0.625000 0.937500
vt 0.687500 0.000000
vt 0.687500 0.062500
vt 0.500000 0.937500
vt 0.625000 0.937500
vt 0.625000 1.000000
vt 0.500000 1.000000
vt 0.375000 0.937500
vt 0.437500 0.937500
vt 0.437500 1.000000
vt 0.375000 1.000000
vt 0.375000 0.750000
vt 0.437500 0.750000
vt 0.437500 0.875000
vt 0.375000 0.875000
vt 0.500000 0.750000
vt 0.625000 0.750000
vt 0.625000 0.875000
vt 0.500000 0.875000
vt 0.437500 0.687500
vt 0.437500 0.625000
vt 0.500000 0.625000
vt 0.500000 0.687500
vn 0.000000 0.000000 1.000000
vn 0.000000 0.000000 1.000000
vn 0.000000 0.000000 1.000000
vn 0.000000 0.000000 1.000000
vn 0.000000 1.000000 0.000000
vn 0.000000 1.000000 0.000000
vn 0.000000 1.000000 0.000000
vn 0.000000 1.000000 0.000000
vn 0.000000 0.000000 -1.000000
vn 0.000000 0.000000 -1.000000
vn 0.000000 0.000000 -1.000000
vn 0.000000 0.000000 -1.000000
vn 0.000000 -1.000000 0.000000
vn 0.000000 -1.000000 0.000000
vn 0.000000 -1.000000 0.000000
vn 0.000000 -1.000000 0.000000
vn 1.000000 0.000000 0.000000
vn 1.000000 0.000000 0.000000
vn 1.000000 0.000000 0.000000
vn 1.000000 0.000000 0.000000
vn -1.000000 0.000000 0.000000
vn -1.000000 0.000000 0.000000
vn -1.000000 0.000000 0.000000
vn -1.000000 0.000000 0.000000
vn 0.000000 0.000000 -1.000000
vn 0.000000 0.000000 -1.000000
vn -1.000000 0.000000 0.000000
vn -1.000000 0.000000 0.000000
vn 0.000000 0.000000 1.000000
vn 0.000000 0.000000 1.000000
vn 1.000000 0.000000 0.000000
vn 1.000000 0.000000 0.000000
vn 0.000000 0.000000 -1.000000
vn 0.000000 0.000000 -1.000000
vn -1.000000 0.000000 0.000000
vn -1.000000 0.000000 0.000000
vn 0.000000 0.000000 1.000000
vn 0.000000 0.000000 1.000000
vn 1.000000 0.000000 0.000000
vn 1.000000 0.000000 0.000000
vn 0.000000 0.000000 -1.000000
vn 0.000000 0.000000 -1.000000
vn 0.000000 0.000000 -1.000000
vn 0.000000 0.000000 -1.000000
vn 0.000000 0.000000 -1.000000
vn 0.000000 0.000000 -1.000000
vn 0.000000 1.000000 0.000000
vn 0.000000 1.000000 0.000000
vn 0.000000 0.000000 1.000000
vn 0.000000 0.000000 1.000000
vn 0.000000 0.000000 1.000000
vn 0.000000 0.000000 1.000000
vn 0.000000 -1.000000 0.000000
vn 0.000000 -1.000000 0.000000
vn 0.000000 -1.000000 0.000000
vn 0.000000 -1.000000 0.000000
vn 0.000000 0.000000 -1.000000
vn 0.000000 0.000000 -1.000000
vn 0.000000 0.000000 -1.000000
vn 0.000000 0.000000 -1.000000
vn 0.000000 1.000000 0.000000
vn 0.000000 1.000000 0.000000
vn 0.000000 0.000000 1.000000
vn 0.000000 0.000000 1.000000
vn 0.000000 0.000000 1.000000
vn 0.000000 0.000000 1.000000
vn 0.000000 -1.000000 0.000000
vn 0.000000 -1.000000 0.000000
vn 0.000000 -1.000000 0.000000
vn 0.000000 -1.000000 0.000000
vn 0.000000 0.000000 -1.000000
vn 0.000000 0.000000 -1.000000
vn 1.000000 0.000000 0.000000
vn 1.000000 0.000000 0.000000
vn 1.000000 0.000000 0.000000
vn 1.000000 0.000000 0.000000
vn 1.000000 0.000000 0.000000
vn 1.000000 0.000000 0.000000
vn 0.000000 1.000000 0.000000
vn 0.000000 1.000000 0.000000
vn 0.000000 1.000000 0.000000
vn 0.000000 1.000000 0.000000
vn 0.000000 1.000000 0.000000
vn 0.000000 1.000000 0.000000
vn 0.000000 1.000000 0.000000
vn 0.000000 1.000000 0.000000
vn -1.000000 0.000000 0.000000
vn -1.000000 0.000000 0.000000
vn -1.000000 0.000000 0.000000
vn -1.000000 0.000000 0.000000
vn -1.000000 0.000000 0.000000
vn -1.000000 0.000000 0.000000
vn -1.000000 0.000000 0.000000
vn -1.000000 0.000000 0.000000
vn 0.000000 -1.000000 0.000000
vn 0.000000 -1.000000 0.000000
vn 0.000000 -1.000000 0.000000
vn 0.000000 -1.000000 0.000000
vn 0.000000 -1.000000 0.000000
vn 0.000000 -1.000000 0.000000
vn 0.000000 -1.000000 0.000000
vn 0.000000 -1.000000 0.000000
vn 0.000000 -1.000000 0.000000
vn 0.000000 -1.000000 0.000000
vn 0.000000 -1.000000 0.000000
vn 0.000000 -1.000000 0.000000
vn 1.000000 0.000000 0.000000
vn 1.000000 0.000000 0.000000
vn 0.000000 -1.000000 0.000000
vn 0.000000 -1.000000 0.000000
vn 0.000000 -1.000000 0.000000
vn 0.000000 -1.000000 0.000000
vn 0.000000 0.000000 -1.000000
vn 0.000000 0.000000 -1.000000
vn 0.000000 0.000000 -1.000000
vn 0.000000 0.000000 -1.000000
vn 1.000000 0.000000 0.000000
vn 1.000000 0.000000 0.000000
vn 0.000000 0.000000 1.000000
vn 0.000000 0.000000 1.000000
vn -1.000000 0.000000 0.000000
vn -1.000000 0.000000 0.000000
vn -1.000000 0.000000 0.000000
vn -1.000000 0.000000 0.000000
vn 0.000000 0.000000 -1.000000
vn 0.000000 0.000000 -1.000000
vn 0.000000 0.000000 -1.000000
vn 0.000000 0.000000 -1.000000
vn 1.000000 0.000000 0.000000
vn 1.000000 0.000000 0.000000
vn 1.000000 0.000000 0.000000
vn 1.000000 0.000000 0.000000
vn 0.000000 0.000000 1.000000
vn 0.000000 0.000000 1.000000
vn -1.000000 0.000000 0.000000
vn -1.000000 0.000000 0.000000
vn 0.000000 0.000000 -1.000000
vn 0.000000 0.000000 -1.000000
vn 1.000000 0.000000 0.000000
vn 1.000000 0.000000 0.000000
vn 1.000000 0.000000 0.000000
vn 1.000000 0.000000 0.000000
vn 0.000000 0.000000 1.000000
vn 0.000000 0.000000 1.000000
vn 0.000000 0.000000 1.000000
vn 0.000000 0.000000 1.000000
vn -1.000000 0.000000 0.000000
vn -1.000000 0.000000 0.000000
vn 0.000000 0.000000 -1.000000
vn 0.000000 0.000000 -1.000000
vn 1.000000 0.000000 0.000000
vn 1.000000 0.000000 0.000000
vn 0.000000 0.000000 1.000000
vn 0.000000 0.000000 1.000000
vn 0.000000 0.000000 1.000000
vn 0.000000 0.000000 1.000000
vn -1.000000 0.000000 0.000000
vn -1.000000 0.000000 0.000000
vn -1.000000 0.000000 0.000000
vn -1.000000 0.000000 0.000000
vn 1.000000 0.000000 0.000000
vn 1.000000 0.000000 0.000000
vn 1.000000 0.000000 0.000000
vn 1.000000 0.000000 0.000000
vn 0.000000 -1.000000 0.000000
vn 0.000000 -1.000000 0.000000
vn 0.000000 -1.000000 0.000000
vn 0.000000 -1.000000 0.000000
vn -1.000000 0.000000 0.000000
vn -1.000000 0.000000 0.000000
vn -1.000000 0.000000 0.000000
vn -1.000000 0.000000 0.000000
vn 0.000000 1.000000 0.000000
vn 0.000000 1.000000 0.000000
vn 0.000000 1.000000 0.000000
vn 0.000000 1.000000 0.000000
s 1
g pCube3 work_table
usemtl initialShadingGroup
f 803/1196/2263 794/1185/2264 786/1169/2265 802/1195/2266
s 2
f 802/1195/2267 786/1169/2268 828/1227/2269 829/1229/2270
s 3
f 801/1194/2271 788/1171/2272 791/1180/2273 800/1193/2274
s off
f 839/1242/2275 840/1243/2276 841/1244/2277 842/1245/2278
s 4
f 794/1185/2279 827/1226/2280 828/1228/2281 786/1169/2282
s 5
f 832/1233/2283 793/1184/2284 785/1168/2285 831/1231/2286
s 3
f 800/1193/2274 791/1180/2273 795/1186/2287 799/1192/2288
s 5
f 833/1234/2289 797/1190/2290 793/1184/2284 832/1233/2283
s 1
f 804/1197/2291 798/1191/2292 794/1185/2264 803/1196/2263
s 4
f 798/1191/2293 838/1241/2294 827/1226/2280 794/1185/2279
s 3
f 806/1200/2295 799/1192/2288 795/1186/2287 790/1173/2296
s 5
f 834/1235/2297 783/1166/2298 797/1190/2290 833/1234/2289
s 1
f 805/1198/2299 784/1167/2300 798/1191/2292 804/1197/2291
s 4
f 784/1167/2301 837/1240/2302 838/1241/2294 798/1191/2293
s off
f 855/1258/2303 856/1259/2304 857/1260/2305 858/1261/2306
s 3
f 808/1202/2307 801/1194/2271 800/1193/2274 807/1201/2308
s 2
f 809/1203/2309 802/1195/2267 829/1229/2270 830/1230/2310
s 1
f 810/1204/2311 803/1196/2263 802/1195/2266 809/1203/2312
f 811/1205/2313 804/1197/2291 803/1196/2263 810/1204/2311
f 812/1206/2314 805/1198/2299 804/1197/2291 811/1205/2313
s 6
f 835/1237/2315 836/1238/2316 805/1199/2317 812/1207/2318
s 3
f 814/1209/2319 799/1192/2288 806/1200/2295 813/1208/2320
f 787/1170/2321 808/1202/2307 807/1201/2308 792/1183/2322
s 2
f 785/1168/2323 809/1203/2309 830/1230/2310 831/1232/2324
s 1
f 793/1184/2325 810/1204/2311 809/1203/2312 785/1168/2326
f 797/1190/2327 811/1205/2313 810/1204/2311 793/1184/2325
f 783/1166/2328 812/1206/2314 811/1205/2313 797/1190/2327
s off
f 843/1246/2329 844/1247/2330 845/1248/2331 846/1249/2332
s 3
f 796/1189/2333 814/1209/2319 813/1208/2320 789/1172/2334
f 792/1183/2322 807/1201/2308 814/1209/2319 796/1189/2333
s 4
f 815/1210/2335 795/1187/2336 791/1181/2337 816/1211/2338
f 817/1213/2339 816/1211/2338 791/1181/2337 788/1177/2340
s 2
f 818/1214/2341 817/1212/2342 788/1171/2343 801/1194/2344
f 819/1215/2345 818/1214/2341 801/1194/2344 808/1202/2346
f 820/1217/2347 819/1215/2345 808/1202/2346 787/1170/2348
s 5
f 792/1182/2349 821/1218/2350 820/1216/2351 787/1179/2352
f 796/1188/2353 822/1219/2354 821/1218/2350 792/1182/2349
f 789/1178/2355 823/1220/2356 822/1219/2354 796/1188/2353
s off
f 847/1250/2357 848/1251/2358 849/1252/2359 850/1253/2360
s 6
f 813/1208/2361 806/1200/2362 825/1223/2363 824/1222/2364
s off
f 851/1254/2365 852/1255/2366 853/1256/2367 854/1257/2368
s 4
f 815/1210/2335 826/1225/2369 790/1176/2370 795/1187/2336
f 827/1226/2280 816/1211/2338 817/1213/2339 828/1228/2281
s 2
f 829/1229/2270 828/1227/2269 817/1212/2342 818/1214/2341
f 830/1230/2310 829/1229/2270 818/1214/2341 819/1215/2345
f 831/1232/2324 830/1230/2310 819/1215/2345 820/1217/2347
s 5
f 821/1218/2350 832/1233/2283 831/1231/2286 820/1216/2351
f 822/1219/2354 833/1234/2289 832/1233/2283 821/1218/2350
f 823/1220/2356 834/1235/2297 833/1234/2289 822/1219/2354
s 6
f 823/1221/2371 824/1222/2364 835/1237/2315 834/1236/2372
f 824/1222/2364 825/1223/2363 836/1238/2316 835/1237/2315
f 825/1223/2363 826/1224/2373 837/1239/2374 836/1238/2316
s 4
f 838/1241/2294 837/1240/2302 826/1225/2369 815/1210/2335
f 827/1226/2280 838/1241/2294 815/1210/2335 816/1211/2338
s off
f 836/1238/2375 837/1239/2376 840/1243/2377 839/1242/2378
s 4
f 837/1239/2302 784/1175/2301 841/1244/2379 840/1243/2380
s 1
f 784/1175/2300 805/1199/2299 842/1245/2381 841/1244/2382
s off
f 805/1199/2383 836/1238/2384 839/1242/2385 842/1245/2386
f 834/1236/2387 835/1237/2388 844/1247/2389 843/1246/2390
f 835/1237/2391 812/1207/2392 845/1248/2393 844/1247/2394
s 1
f 812/1207/2314 783/1174/2328 846/1249/2395 845/1248/2396
s 5
f 783/1174/2298 834/1236/2297 843/1246/2397 846/1249/2398
s 3
f 789/1172/2334 813/1208/2320 848/1251/2399 847/1250/2400
s off
f 813/1208/2401 824/1222/2402 849/1252/2403 848/1251/2404
f 824/1222/2405 823/1221/2406 850/1253/2407 849/1252/2408
s 5
f 823/1221/2356 789/1172/2355 847/1250/2409 850/1253/2410
s 3
f 806/1200/2295 790/1173/2296 852/1255/2411 851/1254/2412
s 4
f 790/1173/2370 826/1224/2369 853/1256/2413 852/1255/2414
s off
f 826/1224/2415 825/1223/2416 854/1257/2417 853/1256/2418
f 825/1223/2419 806/1200/2420 851/1254/2421 854/1257/2422
f 814/1209/2423 807/1201/2424 856/1259/2425 855/1258/2426
f 807/1201/2427 800/1193/2428 857/1260/2429 856/1259/2430
f 800/1193/2431 799/1192/2432 858/1261/2433 857/1260/2434
f 799/1192/2435 814/1209/2436 855/1258/2437 858/1261/2438
g default
v 556.641089 86.503964 572.546781
v 656.641089 86.503964 572.546781
v 556.641089 96.719872 572.546781
v 656.641089 96.719872 572.546781
v 556.641089 96.719872 481.593317
v 656.641089 96.719872 481.593317
v 556.641089 86.503964 481.593317
v 656.641089 86.503964 481.593317
vt 0.375000 0.000000
vt 0.625000 0.000000
vt 0.375000 0.250000
vt 0.625000 0.250000
vt 0.375000 0.500000
vt 0.625000 0.500000
vt 0.375000 0.750000
vt 0.625000 0.750000
vt 0.375000 1.000000
vt 0.625000 1.000000
vt 0.875000 0.000000
vt 0.875000 0.250000
vt 0.125000 0.000000
vt 0.125000 0.250000
vn 0.000000 0.000000 1.000000
vn 0.000000 0.000000 1.000000
vn 0.000000 0.000000 1.000000
vn 0.000000 0.000000 1.000000
vn 0.000000 1.000000 0.000000
vn 0.000000 1.000000 0.000000
vn 0.000000 1.000000 0.000000
vn 0.000000 1.000000 0.000000
vn 0.000000 0.000000 -1.000000
vn 0.000000 0.000000 -1.000000
vn 0.000000 0.000000 -1.000000
vn 0.000000 0.000000 -1.000000
vn 0.000000 -1.000000 0.000000
vn 0.000000 -1.000000 0.000000
vn 0.000000 -1.000000 0.000000
vn 0.000000 -1.000000 0.000000
vn 1.000000 0.000000 0.000000
vn 1.000000 0.000000 0.000000
vn 1.000000 0.000000 0.000000
vn 1.000000 0.000000 0.000000
vn -1.000000 0.000000 0.000000
vn -1.000000 0.000000 0.000000
vn -1.000000 0.000000 0.000000
vn -1.000000 0.000000 0.000000
s off
g work_table pCube4
usemtl initialShadingGroup
f 859/1262/2439 860/1263/2440 862/1265/2441 861/1264/2442
f 861/1264/2443 862/1265/2444 864/1267/2445 863/1266/2446
f 863/1266/2447 864/1267/2448 866/1269/2449 865/1268/2450
f 865/1268/2451 866/1269/2452 860/1271/2453 859/1270/2454
f 860/1263/2455 866/1272/2456 864/1273/2457 862/1265/2458
f 865/1274/2459 859/1262/2460 861/1264/2461 863/1275/2462
g default
v -199.999994 0.000000 56.755732
v -99.999994 0.000000 56.755732
v -199.999994 100.000000 56.755732
v -99.999994 100.000000 56.755732
v -199.999994 100.000000 -0.000001
v -99.999994 100.000000 -0.000001
v -199.999994 0.000000 -0.000001
v -99.999994 0.000000 -0.000001
vt 0.375000 0.000000
vt 0.625000 0.000000
vt 0.375000 0.250000
vt 0.625000 0.250000
vt 0.375000 0.500000
vt 0.625000 0.500000
vt 0.375000 0.750000
vt 0.625000 0.750000
vt 0.375000 1.000000
vt 0.625000 1.000000
vt 0.875000 0.000000
vt 0.875000 0.250000
vt 0.125000 0.000000
vt 0.125000 0.250000
vn 0.000000 0.000000 1.000000
vn 0.000000 0.000000 1.000000
vn 0.000000 0.000000 1.000000
vn 0.000000 0.000000 1.000000
vn 0.000000 1.000000 0.000000
vn 0.000000 1.000000 0.000000
vn 0.000000 1.000000 0.000000
vn 0.000000 1.000000 0.000000
vn 0.000000 0.000000 -1.000000
vn 0.000000 0.000000 -1.000000
vn 0.000000 0.000000 -1.000000
vn 0.000000 0.000000 -1.000000
vn 0.000000 -1.000000 0.000000
vn 0.000000 -1.000000 0.000000
vn 0.000000 -1.000000 0.000000
vn 0.000000 -1.000000 0.000000
vn 1.000000 0.000000 0.000000
vn 1.000000 0.000000 0.000000
vn 1.000000 0.000000 0.000000
vn 1.000000 0.000000 0.000000
vn -1.000000 0.000000 0.000000
vn -1.000000 0.000000 0.000000
vn -1.000000 0.000000 0.000000
vn -1.000000 0.000000 0.000000
s off
g pCube5 back_shelf
usemtl initialShadingGroup
f 867/1276/2463 868/1277/2464 870/1279/2465 869/1278/2466
f 869/1278/2467 870/1279/2468 872/1281/2469 871/1280/2470
f 871/1280/2471 872/1281/2472 874/1283/2473 873/1282/2474
f 873/1282/2475 874/1283/2476 868/1285/2477 867/1284/2478
f 868/1277/2479 874/1286/2480 872/1287/2481 870/1279/2482
f 873/1288/2483 867/1276/2484 869/1278/2485 871/1289/2486
g default
v -104.986176 100.000000 62.582108
v -100.000000 100.000000 62.582108
v -104.986176 142.317717 62.582108
v -100.000000 142.317717 62.582108
v -104.986176 142.317717 21.258285
v -100.000000 142.317717 21.258285
v -104.986176 100.000000 21.258285
v -100.000000 100.000000 21.258285
vt 0.375000 0.000000
vt 0.625000 0.000000
vt 0.375000 0.250000
vt 0.625000 0.250000
vt 0.375000 0.500000
vt 0.625000 0.500000
vt 0.375000 0.750000
vt 0.625000 0.750000
vt 0.375000 1.000000
vt 0.625000 1.000000
vt 0.875000 0.000000
vt 0.875000 0.250000
vt 0.125000 0.000000
vt 0.125000 0.250000
vn 0.000000 0.000000 1.000000
vn 0.000000 0.000000 1.000000
vn 0.000000 0.000000 1.000000
vn 0.000000 0.000000 1.000000
vn 0.000000 1.000000 0.000000
vn 0.000000 1.000000 0.000000
vn 0.000000 1.000000 0.000000
vn 0.000000 1.000000 0.000000
vn 0.000000 0.000000 -1.000000
vn 0.000000 0.000000 -1.000000
vn 0.000000 0.000000 -1.000000
vn 0.000000 0.000000 -1.000000
vn 0.000000 -1.000000 0.000000
vn 0.000000 -1.000000 0.000000
vn 0.000000 -1.000000 0.000000
vn 0.000000 -1.000000 0.000000
vn 1.000000 0.000000 0.000000
vn 1.000000 0.000000 0.000000
vn 1.000000 0.000000 0.000000
vn 1.000000 0.000000 0.000000
vn -1.000000 0.000000 0.000000
vn -1.000000 0.000000 0.000000
vn -1.000000 0.000000 0.000000
vn -1.000000 0.000000 0.000000
s off
g back_shelf pCube6
usemtl initialShadingGroup
f 875/1290/2487 876/1291/2488 878/1293/2489 877/1292/2490
f 877/1292/2491 878/1293/2492 880/1295/2493 879/1294/2494
f 879/1294/2495 880/1295/2496 882/1297/2497 881/1296/2498
f 881/1296/2499 882/1297/2500 876/1299/2501 875/1298/2502
f 876/1291/2503 882/1300/2504 880/1301/2505 878/1293/2506
f 881/1302/2507 875/1290/2508 877/1292/2509 879/1303/2510
g default
v -202.537574 142.317719 62.582108
v -99.999994 142.317719 62.582108
v -202.537574 148.925637 62.582108
v -99.999994 148.925637 62.582108
v -202.537574 148.925637 11.147239
v -99.999994 148.925637 11.147239
v -202.537574 142.317719 11.147239
v -99.999994 142.317719 11.147239
vt 0.375000 0.000000
vt 0.625000 0.000000
vt 0.375000 0.250000
vt 0.625000 0.250000
vt 0.375000 0.500000
vt 0.625000 0.500000
vt 0.375000 0.750000
vt 0.625000 0.750000
vt 0.375000 1.000000
vt 0.625000 1.000000
vt 0.875000 0.000000
vt 0.875000 0.250000
vt 0.125000 0.000000
vt 0.125000 0.250000
vn 0.000000 0.000000 1.000000
vn 0.000000 0.000000 1.000000
vn 0.000000 0.000000 1.000000
vn 0.000000 0.000000 1.000000
vn 0.000000 1.000000 0.000000
vn 0.000000 1.000000 0.000000
vn 0.000000 1.000000 0.000000
vn 0.000000 1.000000 0.000000
vn 0.000000 0.000000 -1.000000
vn 0.000000 0.000000 -1.000000
vn 0.000000 0.000000 -1.000000
vn 0.000000 0.000000 -1.000000
vn 0.000000 -1.000000 0.000000
vn 0.000000 -1.000000 0.000000
vn 0.000000 -1.000000 0.000000
vn 0.000000 -1.000000 0.000000
vn 1.000000 0.000000 0.000000
vn 1.000000 0.000000 0.000000
vn 1.000000 0.000000 0.000000
vn 1.000000 0.000000 0.000000
vn -1.000000 0.000000 0.000000
vn -1.000000 0.000000 0.000000
vn -1.000000 0.000000 0.000000
vn -1.000000 0.000000 0.000000
s off
g back_shelf pCube7
usemtl initialShadingGroup
f 883/1304/2511 884/1305/2512 886/1307/2513 885/1306/2514
f 885/1306/2515 886/1307/2516 888/1309/2517 887/1308/2518
f 887/1308/2519 888/1309/2520 890/1311/2521 889/1310/2522
f 889/1310/2523 890/1311/2524 884/1313/2525 883/1312/2526
f 884/1305/2527 890/1314/2528 888/1315/2529 886/1307/2530
f 889/1316/2531 883/1304/2532 885/1306/2533 887/1317/2534
g default
v -274.436947 -0.000002 93.793012
v -275.803988 -0.000002 92.425971
v -277.671402 -0.000002 91.925599
v -279.538815 -0.000002 92.425971
v -280.905856 -0.000002 93.793012
v -281.406228 -0.000002 95.660425
v -280.905856 -0.000002 97.527838
v -279.538815 -0.000002 98.894880
v -277.671402 -0.000002 99.395251
v -275.803988 -0.000002 98.894880
v -274.436947 -0.000002 97.527838
v -273.936575 -0.000002 95.660425
v -274.436947 261.513942 93.793012
v -275.803988 261.513942 92.425971
v -277.671402 261.513942 91.925599
v -279.538815 261.513942 92.425971
v -280.905856 261.513942 93.793012
v -281.406228 261.513942 95.660425
v -280.905856 261.513942 97.527838
v -279.538815 261.513942 98.894880
v -277.671402 261.513942 99.395251
v -275.803988 261.513942 98.894880
v -274.436947 261.513942 97.527838
v -273.936575 261.513942 95.660425
v -277.671402 -0.000002 95.660425
v -277.671402 261.513942 95.660425
vt 0.635316 0.078125
vt 0.578125 0.020934
vt 0.500000 0.000000
vt 0.421875 0.020934
vt 0.364684 0.078125
vt 0.343750 0.156250
vt 0.364684 0.234375
vt 0.421875 0.291566
vt 0.500000 0.312500
vt 0.578125 0.291566
vt 0.635316 0.234375
vt 0.656250 0.156250
vt 0.375000 0.312500
vt 0.395833 0.312500
vt 0.416667 0.312500
vt 0.437500 0.312500
vt 0.458333 0.312500
vt 0.479167 0.312500
vt 0.500000 0.312500
vt 0.520833 0.312500
vt 0.541667 0.312500
vt 0.562500 0.312500
vt 0.583333 0.312500
vt 0.604167 0.312500
vt 0.625000 0.312500
vt 0.375000 0.687500
vt 0.395833 0.687500
vt 0.416667 0.687500
vt 0.437500 0.687500
vt 0.458333 0.687500
vt 0.479167 0.687500
vt 0.500000 0.687500
vt 0.520833 0.687500
vt 0.541667 0.687500
vt 0.562500 0.687500
vt 0.583333 0.687500
vt 0.604167 0.687500
vt 0.625000 0.687500
vt 0.635316 0.765625
vt 0.578125 0.708434
vt 0.500000 0.687500
vt 0.421875 0.708434
vt 0.364684 0.765625
vt 0.343750 0.843750
vt 0.364684 0.921875
vt 0.421875 0.979066
vt 0.500000 1.000000
vt 0.578125 0.979066
vt 0.635316 0.921875
vt 0.656250 0.843750
vt 0.500000 0.156250
vt 0.500000 0.843750
vn 0.707107 0.000000 -0.707107
vn 0.707107 0.000000 -0.707107
vn 0.707107 0.000000 -0.707107
vn 0.707107 0.000000 -0.707107
vn 0.258819 0.000000 -0.965926
vn 0.258819 0.000000 -0.965926
vn 0.258819 0.000000 -0.965926
vn 0.258819 0.000000 -0.965926
vn -0.258819 0.000000 -0.965926
vn -0.258819 0.000000 -0.965926
vn -0.258819 0.000000 -0.965926
vn -0.258819 0.000000 -0.965926
vn -0.707107 0.000000 -0.707107
vn -0.707107 0.000000 -0.707107
vn -0.707107 0.000000 -0.707107
vn -0.707107 0.000000 -0.707107
vn -0.965926 0.000000 -0.258819
vn -0.965926 0.000000 -0.258819
vn -0.965926 0.000000 -0.258819
vn -0.965926 0.000000 -0.258819
vn -0.965926 0.000000 0.258819
vn -0.965926 0.000000 0.258819
vn -0.965926 0.000000 0.258819
vn -0.965926 0.000000 0.258819
vn -0.707107 0.000000 0.707107
vn -0.707107 0.000000 0.707107
vn -0.707107 0.000000 0.707107
vn -0.707107 0.000000 0.707107
vn -0.258819 0.000000 0.965926
vn -0.258819 0.000000 0.965926
vn -0.258819 0.000000 0.965926
vn -0.258819 0.000000 0.965926
vn 0.258819 0.000000 0.965926
vn 0.258819 0.000000 0.965926
vn 0.258819 0.000000 0.965926
vn 0.258819 0.000000 0.965926
vn 0.707107 0.000000 0.707107
vn 0.707107 0.000000 0.707107
vn 0.707107 0.000000 0.707107
vn 0.707107 0.000000 0.707107
vn 0.965926 0.000000 0.258819
vn 0.965926 0.000000 0.258819
vn 0.965926 0.000000 0.258819
vn 0.965926 0.000000 0.258819
vn 0.965926 0.000000 -0.258819
vn 0.965926 0.000000 -0.258819
vn 0.965926 0.000000 -0.258819
vn 0.965926 0.000000 -0.258819
vn 0.000000 -1.000000 0.000000
vn 0.000000 -1.000000 0.000000
vn 0.000000 -1.000000 0.000000
vn 0.000000 -1.000000 0.000000
vn 0.000000 -1.000000 0.000000
vn 0.000000 -1.000000 0.000000
vn 0.000000 -1.000000 0.000000
vn 0.000000 -1.000000 0.000000
vn 0.000000 -1.000000 0.000000
vn 0.000000 -1.000000 0.000000
vn 0.000000 -1.000000 0.000000
vn 0.000000 -1.000000 0.000000
vn 0.000000 -1.000000 0.000000
vn 0.000000 1.000000 0.000000
vn 0.000000 1.000000 0.000000
vn 0.000000 1.000000 0.000000
vn 0.000000 1.000000 0.000000
vn 0.000000 1.000000 0.000000
vn 0.000000 1.000000 0.000000
vn 0.000000 1.000000 0.000000
vn 0.000000 1.000000 0.000000
vn 0.000000 1.000000 0.000000
vn 0.000000 1.000000 0.000000
vn 0.000000 1.000000 0.000000
vn 0.000000 1.000000 0.000000
vn 0.000000 1.000000 0.000000
s off
g pCylinder23 storage_shelf
usemtl initialShadingGroup
f 891/1330/2535 892/1331/2536 904/1344/2537 903/1343/2538
f 892/1331/2539 893/1332/2540 905/1345/2541 904/1344/2542
f 893/1332/2543 894/1333/2544 906/1346/2545 905/1345/2546
f 894/1333/2547 895/1334/2548 907/1347/2549 906/1346/2550
f 895/1334/2551 896/1335/2552 908/1348/2553 907/1347/2554
f 896/1335/2555 897/1336/2556 909/1349/2557 908/1348/2558
f 897/1336/2559 898/1337/2560 910/1350/2561 909/1349/2562
f 898/1337/2563 899/1338/2564 911/1351/2565 910/1350/2566
f 899/1338/2567 900/1339/2568 912/1352/2569 911/1351/2570
f 900/1339/2571 901/1340/2572 913/1353/2573 912/1352/2574
f 901/1340/2575 902/1341/2576 914/1354/2577 913/1353/2578
f 902/1341/2579 891/1342/2580 903/1355/2581 914/1354/2582
s 1
f 892/1319/2583 891/1318/2584 915/1368/2585
f 893/1320/2586 892/1319/2583 915/1368/2585
f 894/1321/2587 893/1320/2586 915/1368/2585
f 895/1322/2588 894/1321/2587 915/1368/2585
f 896/1323/2589 895/1322/2588 915/1368/2585
f 897/1324/2590 896/1323/2589 915/1368/2585
f 898/1325/2591 897/1324/2590 915/1368/2585
f 899/1326/2592 898/1325/2591 915/1368/2585
f 900/1327/2593 899/1326/2592 915/1368/2585
f 901/1328/2594 900/1327/2593 915/1368/2585
f 902/1329/2595 901/1328/2594 915/1368/2585
f 891/1318/2584 902/1329/2595 915/1368/2585
s 2
f 903/1366/2596 904/1365/2597 916/1369/2598
f 904/1365/2597 905/1364/2599 916/1369/2598
f 905/1364/2599 906/1363/2600 916/1369/2598
f 906/1363/2600 907/1362/2601 916/1369/2598
f 907/1362/2601 908/1361/2602 916/1369/2598
f 908/1361/2602 909/1360/2603 916/1369/2598
f 909/1360/2603 910/1359/2604 916/1369/2598
f 910/1359/2604 911/1358/2605 916/1369/2598
f 911/1358/2605 912/1357/2606 916/1369/2598
f 912/1357/2606 913/1356/2607 916/1369/2598
f 913/1356/2607 914/1367/2608 916/1369/2598
f 914/1367/2608 903/1366/2596 916/1369/2598
g default
v -439.728451 -0.000002 93.793012
v -441.095492 -0.000002 92.425971
v -442.962905 -0.000002 91.925599
v -444.830318 -0.000002 92.425971
v -446.197359 -0.000002 93.793012
v -446.697731 -0.000002 95.660425
v -446.197359 -0.000002 97.527838
v -444.830318 -0.000002 98.894880
v -442.962905 -0.000002 99.395251
v -441.095492 -0.000002 98.894880
v -439.728451 -0.000002 97.527838
v -439.228079 -0.000002 95.660425
v -439.728451 261.513942 93.793012
v -441.095492 261.513942 92.425971
v -442.962905 261.513942 91.925599
v -444.830318 261.513942 92.425971
v -446.197359 261.513942 93.793012
v -446.697731 261.513942 95.660425
v -446.197359 261.513942 97.527838
v -444.830318 261.513942 98.894880
v -442.962905 261.513942 99.395251
v -441.095492 261.513942 98.894880
v -439.728451 261.513942 97.527838
v -439.228079 261.513942 95.660425
v -442.962905 -0.000002 95.660425
v -442.962905 261.513942 95.660425
vt 0.635316 0.078125
vt 0.578125 0.020934
vt 0.500000 0.000000
vt 0.421875 0.020934
vt 0.364684 0.078125
vt 0.343750 0.156250
vt 0.364684 0.234375
vt 0.421875 0.291566
vt 0.500000 0.312500
vt 0.578125 0.291566
vt 0.635316 0.234375
vt 0.656250 0.156250
vt 0.375000 0.312500
vt 0.395833 0.312500
vt 0.416667 0.312500
vt 0.437500 0.312500
vt 0.458333 0.312500
vt 0.479167 0.312500
vt 0.500000 0.312500
vt 0.520833 0.312500
vt 0.541667 0.312500
vt 0.562500 0.312500
vt 0.583333 0.312500
vt 0.604167 0.312500
vt 0.625000 0.312500
vt 0.375000 0.687500
vt 0.395833 0.687500
vt 0.416667 0.687500
vt 0.437500 0.687500
vt 0.458333 0.687500
vt 0.479167 0.687500
vt 0.500000 0.687500
vt 0.520833 0.687500
vt 0.541667 0.687500
vt 0.562500 0.687500
vt 0.583333 0.687500
vt 0.604167 0.687500
vt 0.625000 0.687500
vt 0.635316 0.765625
vt 0.578125 0.708434
vt 0.500000 0.687500
vt 0.421875 0.708434
vt 0.364684 0.765625
vt 0.343750 0.843750
vt 0.364684 0.921875
vt 0.421875 0.979066
vt 0.500000 1.000000
vt 0.578125 0.979066
vt 0.635316 0.921875
vt 0.656250 0.843750
vt 0.500000 0.156250
vt 0.500000 0.843750
vn 0.707107 0.000000 -0.707107
vn 0.707107 0.000000 -0.707107
vn 0.707107 0.000000 -0.707107
vn 0.707107 0.000000 -0.707107
vn 0.258819 0.000000 -0.965926
vn 0.258819 0.000000 -0.965926
vn 0.258819 0.000000 -0.965926
vn 0.258819 0.000000 -0.965926
vn -0.258819 0.000000 -0.965926
vn -0.258819 0.000000 -0.965926
vn -0.258819 0.000000 -0.965926
vn -0.258819 0.000000 -0.965926
vn -0.707107 0.000000 -0.707107
vn -0.707107 0.000000 -0.707107
vn -0.707107 0.000000 -0.707107
vn -0.707107 0.000000 -0.707107
vn -0.965926 0.000000 -0.258819
vn -0.965926 0.000000 -0.258819
vn -0.965926 0.000000 -0.258819
vn -0.965926 0.000000 -0.258819
vn -0.965926 0.000000 0.258819
vn -0.965926 0.000000 0.258819
vn -0.965926 0.000000 0.258819
vn -0.965926 0.000000 0.258819
vn -0.707107 0.000000 0.707107
vn -0.707107 0.000000 0.707107
vn -0.707107 0.000000 0.707107
vn -0.707107 0.000000 0.707107
vn -0.258819 0.000000 0.965926
vn -0.258819 0.000000 0.965926
vn -0.258819 0.000000 0.965926
vn -0.258819 0.000000 0.965926
vn 0.258819 0.000000 0.965926
vn 0.258819 0.000000 0.965926
vn 0.258819 0.000000 0.965926
vn 0.258819 0.000000 0.965926
vn 0.707107 0.000000 0.707107
vn 0.707107 0.000000 0.707107
vn 0.707107 0.000000 0.707107
vn 0.707107 0.000000 0.707107
vn 0.965926 0.000000 0.258819
vn 0.965926 0.000000 0.258819
vn 0.965926 0.000000 0.258819
vn 0.965926 0.000000 0.258819
vn 0.965926 0.000000 -0.258819
vn 0.965926 0.000000 -0.258819
vn 0.965926 0.000000 -0.258819
vn 0.965926 0.000000 -0.258819
vn 0.000000 -1.000000 0.000000
vn 0.000000 -1.000000 0.000000
vn 0.000000 -1.000000 0.000000
vn 0.000000 -1.000000 0.000000
vn 0.000000 -1.000000 0.000000
vn 0.000000 -1.000000 0.000000
vn 0.000000 -1.000000 0.000000
vn 0.000000 -1.000000 0.000000
vn 0.000000 -1.000000 0.000000
vn 0.000000 -1.000000 0.000000
vn 0.000000 -1.000000 0.000000
vn 0.000000 -1.000000 0.000000
vn 0.000000 -1.000000 0.000000
vn 0.000000 1.000000 0.000000
vn 0.000000 1.000000 0.000000
vn 0.000000 1.000000 0.000000
vn 0.000000 1.000000 0.000000
vn 0.000000 1.000000 0.000000
vn 0.000000 1.000000 0.000000
vn 0.000000 1.000000 0.000000
vn 0.000000 1.000000 0.000000
vn 0.000000 1.000000 0.000000
vn 0.000000 1.000000 0.000000
vn 0.000000 1.000000 0.000000
vn 0.000000 1.000000 0.000000
vn 0.000000 1.000000 0.000000
s off
g storage_shelf pCylinder24
usemtl initialShadingGroup
f 917/1382/2609 918/1383/2610 930/1396/2611 929/1395/2612
f 918/1383/2613 919/1384/2614 931/1397/2615 930/1396/2616
f 919/1384/2617 920/1385/2618 932/1398/2619 931/1397/2620
f 920/1385/2621 921/1386/2622 933/1399/2623 932/1398/2624
f 921/1386/2625 922/1387/2626 934/1400/2627 933/1399/2628
f 922/1387/2629 923/1388/2630 935/1401/2631 934/1400/2632
f 923/1388/2633 924/1389/2634 936/1402/2635 935/1401/2636
f 924/1389/2637 925/1390/2638 937/1403/2639 936/1402/2640
f 925/1390/2641 926/1391/2642 938/1404/2643 937/1403/2644
f 926/1391/2645 927/1392/2646 939/1405/2647 938/1404/2648
f 927/1392/2649 928/1393/2650 940/1406/2651 939/1405/2652
f 928/1393/2653 917/1394/2654 929/1407/2655 940/1406/2656
s 1
f 918/1371/2657 917/1370/2658 941/1420/2659
f 919/1372/2660 918/1371/2657 941/1420/2659
f 920/1373/2661 919/1372/2660 941/1420/2659
f 921/1374/2662 920/1373/2661 941/1420/2659
f 922/1375/2663 921/1374/2662 941/1420/2659
f 923/1376/2664 922/1375/2663 941/1420/2659
f 924/1377/2665 923/1376/2664 941/1420/2659
f 925/1378/2666 924/1377/2665 941/1420/2659
f 926/1379/2667 925/1378/2666 941/1420/2659
f 927/1380/2668 926/1379/2667 941/1420/2659
f 928/1381/2669 927/1380/2668 941/1420/2659
f 917/1370/2658 928/1381/2669 941/1420/2659
s 2
f 929/1418/2670 930/1417/2671 942/1421/2672
f 930/1417/2671 931/1416/2673 942/1421/2672
f 931/1416/2673 932/1415/2674 942/1421/2672
f 932/1415/2674 933/1414/2675 942/1421/2672
f 933/1414/2675 934/1413/2676 942/1421/2672
f 934/1413/2676 935/1412/2677 942/1421/2672
f 935/1412/2677 936/1411/2678 942/1421/2672
f 936/1411/2678 937/1410/2679 942/1421/2672
f 937/1410/2679 938/1409/2680 942/1421/2672
f 938/1409/2680 939/1408/2681 942/1421/2672
f 939/1408/2681 940/1419/2682 942/1421/2672
f 940/1419/2682 929/1418/2670 942/1421/2672
g default
v -439.728451 -0.000002 5.885688
v -441.095492 -0.000002 4.518647
v -442.962905 -0.000002 4.018275
v -444.830318 -0.000002 4.518647
v -446.197359 -0.000002 5.885688
v -446.697731 -0.000002 7.753101
v -446.197359 -0.000002 9.620514
v -444.830318 -0.000002 10.987555
v -442.962905 -0.000002 11.487927
v -441.095492 -0.000002 10.987555
v -439.728451 -0.000002 9.620514
v -439.228079 -0.000002 7.753101
v -439.728451 261.513942 5.885688
v -441.095492 261.513942 4.518647
v -442.962905 261.513942 4.018275
v -444.830318 261.513942 4.518647
v -446.197359 261.513942 5.885688
v -446.697731 261.513942 7.753101
v -446.197359 261.513942 9.620514
v -444.830318 261.513942 10.987555
v -442.962905 261.513942 11.487927
v -441.095492 261.513942 10.987555
v -439.728451 261.513942 9.620514
v -439.228079 261.513942 7.753101
v -442.962905 -0.000002 7.753101
v -442.962905 261.513942 7.753101
vt 0.635316 0.078125
vt 0.578125 0.020934
vt 0.500000 0.000000
vt 0.421875 0.020934
vt 0.364684 0.078125
vt 0.343750 0.156250
vt 0.364684 0.234375
vt 0.421875 0.291566
vt 0.500000 0.312500
vt 0.578125 0.291566
vt 0.635316 0.234375
vt 0.656250 0.156250
vt 0.375000 0.312500
vt 0.395833 0.312500
vt 0.416667 0.312500
vt 0.437500 0.312500
vt 0.458333 0.312500
vt 0.479167 0.312500
vt 0.500000 0.312500
vt 0.520833 0.312500
vt 0.541667 0.312500
vt 0.562500 0.312500
vt 0.583333 0.312500
vt 0.604167 0.312500
vt 0.625000 0.312500
vt 0.375000 0.687500
vt 0.395833 0.687500
vt 0.416667 0.687500
vt 0.437500 0.687500
vt 0.458333 0.687500
vt 0.479167 0.687500
vt 0.500000 0.687500
vt 0.520833 0.687500
vt 0.541667 0.687500
vt 0.562500 0.687500
vt 0.583333 0.687500
vt 0.604167 0.687500
vt 0.625000 0.687500
vt 0.635316 0.765625
vt 0.578125 0.708434
vt 0.500000 0.687500
vt 0.421875 0.708434
vt 0.364684 0.765625
vt 0.343750 0.843750
vt 0.364684 0.921875
vt 0.421875 0.979066
vt 0.500000 1.000000
vt 0.578125 0.979066
vt 0.635316 0.921875
vt 0.656250 0.843750
vt 0.500000 0.156250
vt 0.500000 0.843750
vn 0.707107 0.000000 -0.707107
vn 0.707107 0.000000 -0.707107
vn 0.707107 0.000000 -0.707107
vn 0.707107 0.000000 -0.707107
vn 0.258819 0.000000 -0.965926
vn 0.258819 0.000000 -0.965926
vn 0.258819 0.000000 -0.965926
vn 0.258819 0.000000 -0.965926
vn -0.258819 0.000000 -0.965926
vn -0.258819 0.000000 -0.965926
vn -0.258819 0.000000 -0.965926
vn -0.258819 0.000000 -0.965926
vn -0.707107 0.000000 -0.707107
vn -0.707107 0.000000 -0.707107
vn -0.707107 0.000000 -0.707107
vn -0.707107 0.000000 -0.707107
vn -0.965926 0.000000 -0.258819
vn -0.965926 0.000000 -0.258819
vn -0.965926 0.000000 -0.258819
vn -0.965926 0.000000 -0.258819
vn -0.965926 0.000000 0.258819
vn -0.965926 0.000000 0.258819
vn -0.965926 0.000000 0.258819
vn -0.965926 0.000000 0.258819
vn -0.707107 0.000000 0.707107
vn -0.707107 0.000000 0.707107
vn -0.707107 0.000000 0.707107
vn -0.707107 0.000000 0.707107
vn -0.258819 0.000000 0.965926
vn -0.258819 0.000000 0.965926
vn -0.258819 0.000000 0.965926
vn -0.258819 0.000000 0.965926
vn 0.258819 0.000000 0.965926
vn 0.258819 0.000000 0.965926
vn 0.258819 0.000000 0.965926
vn 0.258819 0.000000 0.965926
vn 0.707107 0.000000 0.707107
vn 0.707107 0.000000 0.707107
vn 0.707107 0.000000 0.707107
vn 0.707107 0.000000 0.707107
vn 0.965926 0.000000 0.258819
vn 0.965926 0.000000 0.258819
vn 0.965926 0.000000 0.258819
vn 0.965926 0.000000 0.258819
vn 0.965926 0.000000 -0.258819
vn 0.965926 0.000000 -0.258819
vn 0.965926 0.000000 -0.258819
vn 0.965926 0.000000 -0.258819
vn 0.000000 -1.000000 0.000000
vn 0.000000 -1.000000 0.000000
vn 0.000000 -1.000000 0.000000
vn 0.000000 -1.000000 0.000000
vn 0.000000 -1.000000 0.000000
vn 0.000000 -1.000000 0.000000
vn 0.000000 -1.000000 0.000000
vn 0.000000 -1.000000 0.000000
vn 0.000000 -1.000000 0.000000
vn 0.000000 -1.000000 0.000000
vn 0.000000 -1.000000 0.000000
vn 0.000000 -1.000000 0.000000
vn 0.000000 -1.000000 0.000000
vn 0.000000 1.000000 0.000000
vn 0.000000 1.000000 0.000000
vn 0.000000 1.000000 0.000000
vn 0.000000 1.000000 0.000000
vn 0.000000 1.000000 0.000000
vn 0.000000 1.000000 0.000000
vn 0.000000 1.000000 0.000000
vn 0.000000 1.000000 0.000000
vn 0.000000 1.000000 0.000000
vn 0.000000 1.000000 0.000000
vn 0.000000 1.000000 0.000000
vn 0.000000 1.000000 0.000000
vn 0.000000 1.000000 0.000000
s off
g storage_shelf pCylinder25
usemtl initialShadingGroup
f 943/1434/2683 944/1435/2684 956/1448/2685 955/1447/2686
f 944/1435/2687 945/1436/2688 957/1449/2689 956/1448/2690
f 945/1436/2691 946/1437/2692 958/1450/2693 957/1449/2694
f 946/1437/2695 947/1438/2696 959/1451/2697 958/1450/2698
f 947/1438/2699 948/1439/2700 960/1452/2701 959/1451/2702
f 948/1439/2703 949/1440/2704 961/1453/2705 960/1452/2706
f 949/1440/2707 950/1441/2708 962/1454/2709 961/1453/2710
f 950/1441/2711 951/1442/2712 963/1455/2713 962/1454/2714
f 951/1442/2715 952/1443/2716 964/1456/2717 963/1455/2718
f 952/1443/2719 953/1444/2720 965/1457/2721 964/1456/2722
f 953/1444/2723 954/1445/2724 966/1458/2725 965/1457/2726
f 954/1445/2727 943/1446/2728 955/1459/2729 966/1458/2730
s 1
f 944/1423/2731 943/1422/2732 967/1472/2733
f 945/1424/2734 944/1423/2731 967/1472/2733
f 946/1425/2735 945/1424/2734 967/1472/2733
f 947/1426/2736 946/1425/2735 967/1472/2733
f 948/1427/2737 947/1426/2736 967/1472/2733
f 949/1428/2738 948/1427/2737 967/1472/2733
f 950/1429/2739 949/1428/2738 967/1472/2733
f 951/1430/2740 950/1429/2739 967/1472/2733
f 952/1431/2741 951/1430/2740 967/1472/2733
f 953/1432/2742 952/1431/2741 967/1472/2733
f 954/1433/2743 953/1432/2742 967/1472/2733
f 943/1422/2732 954/1433/2743 967/1472/2733
s 2
f 955/1470/2744 956/1469/2745 968/1473/2746
f 956/1469/2745 957/1468/2747 968/1473/2746
f 957/1468/2747 958/1467/2748 968/1473/2746
f 958/1467/2748 959/1466/2749 968/1473/2746
f 959/1466/2749 960/1465/2750 968/1473/2746
f 960/1465/2750 961/1464/2751 968/1473/2746
f 961/1464/2751 962/1463/2752 968/1473/2746
f 962/1463/2752 963/1462/2753 968/1473/2746
f 963/1462/2753 964/1461/2754 968/1473/2746
f 964/1461/2754 965/1460/2755 968/1473/2746
f 965/1460/2755 966/1471/2756 968/1473/2746
f 966/1471/2756 955/1470/2744 968/1473/2746
g default
v -443.310243 180.028060 95.224624
v -275.243642 180.028060 95.224624
v -443.310243 183.675343 95.224624
v -275.243642 183.675343 95.224624
v -443.310243 183.675343 6.206634
v -275.243642 183.675343 6.206634
v -443.310243 180.028060 6.206634
v -275.243642 180.028060 6.206634
vt 0.375000 0.000000
vt 0.625000 0.000000
vt 0.375000 0.250000
vt 0.625000 0.250000
vt 0.375000 0.500000
vt 0.625000 0.500000
vt 0.375000 0.750000
vt 0.625000 0.750000
vt 0.375000 1.000000
vt 0.625000 1.000000
vt 0.875000 0.000000
vt 0.875000 0.250000
vt 0.125000 0.000000
vt 0.125000 0.250000
vn 0.000000 0.000000 1.000000
vn 0.000000 0.000000 1.000000
vn 0.000000 0.000000 1.000000
vn 0.000000 0.000000 1.000000
vn 0.000000 1.000000 0.000000
vn 0.000000 1.000000 0.000000
vn 0.000000 1.000000 0.000000
vn 0.000000 1.000000 0.000000
vn 0.000000 0.000000 -1.000000
vn 0.000000 0.000000 -1.000000
vn 0.000000 0.000000 -1.000000
vn 0.000000 0.000000 -1.000000
vn 0.000000 -1.000000 0.000000
vn 0.000000 -1.000000 0.000000
vn 0.000000 -1.000000 0.000000
vn 0.000000 -1.000000 0.000000
vn 1.000000 0.000000 0.000000
vn 1.000000 0.000000 0.000000
vn 1.000000 0.000000 0.000000
vn 1.000000 0.000000 0.000000
vn -1.000000 0.000000 0.000000
vn -1.000000 0.000000 0.000000
vn -1.000000 0.000000 0.000000
vn -1.000000 0.000000 0.000000
s off
g storage_shelf pCube21
usemtl initialShadingGroup
f 969/1474/2757 970/1475/2758 972/1477/2759 971/1476/2760
f 971/1476/2761 972/1477/2762 974/1479/2763 973/1478/2764
f 973/1478/2765 974/1479/2766 976/1481/2767 975/1480/2768
f 975/1480/2769 976/1481/2770 970/1483/2771 969/1482/2772
f 970/1475/2773 976/1484/2774 974/1485/2775 972/1477/2776
f 975/1486/2777 969/1474/2778 971/1476/2779 973/1487/2780
g default
v -443.310243 128.892203 95.224624
v -275.243642 128.892203 95.224624
v -443.310243 132.539486 95.224624
v -275.243642 132.539486 95.224624
v -443.310243 132.539486 6.206634
v -275.243642 132.539486 6.206634
v -443.310243 128.892203 6.206634
v -275.243642 128.892203 6.206634
vt 0.375000 0.000000
vt 0.625000 0.000000
vt 0.375000 0.250000
vt 0.625000 0.250000
vt 0.375000 0.500000
vt 0.625000 0.500000
vt 0.375000 0.750000
vt 0.625000 0.750000
vt 0.375000 1.000000
vt 0.625000 1.000000
vt 0.875000 0.000000
vt 0.875000 0.250000
vt 0.125000 0.000000
vt 0.125000 0.250000
vn 0.000000 0.000000 1.000000
vn 0.000000 0.000000 1.000000
vn 0.000000 0.000000 1.000000
vn 0.000000 0.000000 1.000000
vn 0.000000 1.000000 0.000000
vn 0.000000 1.000000 0.000000
vn 0.000000 1.000000 0.000000
vn 0.000000 1.000000 0.000000
vn 0.000000 0.000000 -1.000000
vn 0.000000 0.000000 -1.000000
vn 0.000000 0.000000 -1.000000
vn 0.000000 0.000000 -1.000000
vn 0.000000 -1.000000 0.000000
vn 0.000000 -1.000000 0.000000
vn 0.000000 -1.000000 0.000000
vn 0.000000 -1.000000 0.000000
vn 1.000000 0.000000 0.000000
vn 1.000000 0.000000 0.000000
vn 1.000000 0.000000 0.000000
vn 1.000000 0.000000 0.000000
vn -1.000000 0.000000 0.000000
vn -1.000000 0.000000 0.000000
vn -1.000000 0.000000 0.000000
vn -1.000000 0.000000 0.000000
s off
g storage_shelf pCube20
usemtl initialShadingGroup
f 977/1488/2781 978/1489/2782 980/1491/2783 979/1490/2784
f 979/1490/2785 980/1491/2786 982/1493/2787 981/1492/2788
f 981/1492/2789 982/1493/2790 984/1495/2791 983/1494/2792
f 983/1494/2793 984/1495/2794 978/1497/2795 977/1496/2796
f 978/1489/2797 984/1498/2798 982/1499/2799 980/1491/2800
f 983/1500/2801 977/1488/2802 979/1490/2803 981/1501/2804
g default
v -443.310243 71.622870 95.224624
v -275.243642 71.622870 95.224624
v -443.310243 75.270153 95.224624
v -275.243642 75.270153 95.224624
v -443.310243 75.270153 6.206634
v -275.243642 75.270153 6.206634
v -443.310243 71.622870 6.206634
v -275.243642 71.622870 6.206634
vt 0.375000 0.000000
vt 0.625000 0.000000
vt 0.375000 0.250000
vt 0.625000 0.250000
vt 0.375000 0.500000
vt 0.625000 0.500000
vt 0.375000 0.750000
vt 0.625000 0.750000
vt 0.375000 1.000000
vt 0.625000 1.000000
vt 0.875000 0.000000
vt 0.875000 0.250000
vt 0.125000 0.000000
vt 0.125000 0.250000
vn 0.000000 0.000000 1.000000
vn 0.000000 0.000000 1.000000
vn 0.000000 0.000000 1.000000
vn 0.000000 0.000000 1.000000
vn 0.000000 1.000000 0.000000
vn 0.000000 1.000000 0.000000
vn 0.000000 1.000000 0.000000
vn 0.000000 1.000000 0.000000
vn 0.000000 0.000000 -1.000000
vn 0.000000 0.000000 -1.000000
vn 0.000000 0.000000 -1.000000
vn 0.000000 0.000000 -1.000000
vn 0.000000 -1.000000 0.000000
vn 0.000000 -1.000000 0.000000
vn 0.000000 -1.000000 0.000000
vn 0.000000 -1.000000 0.000000
vn 1.000000 0.000000 0.000000
vn 1.000000 0.000000 0.000000
vn 1.000000 0.000000 0.000000
vn 1.000000 0.000000 0.000000
vn -1.000000 0.000000 0.000000
vn -1.000000 0.000000 0.000000
vn -1.000000 0.000000 0.000000
vn -1.000000 0.000000 0.000000
s off
g storage_shelf pCube19
usemtl initialShadingGroup
f 985/1502/2805 986/1503/2806 988/1505/2807 987/1504/2808
f 987/1504/2809 988/1505/2810 990/1507/2811 989/1506/2812
f 989/1506/2813 990/1507/2814 992/1509/2815 991/1508/2816
f 991/1508/2817 992/1509/2818 986/1511/2819 985/1510/2820
f 986/1503/2821 992/1512/2822 990/1513/2823 988/1505/2824
f 991/1514/2825 985/1502/2826 987/1504/2827 989/1515/2828
g default
v -274.436947 -0.000002 4.403537
v -275.803988 -0.000002 3.036496
v -277.671402 -0.000002 2.536124
v -279.538815 -0.000002 3.036496
v -280.905856 -0.000002 4.403537
v -281.406228 -0.000002 6.270950
v -280.905856 -0.000002 8.138363
v -279.538815 -0.000002 9.505404
v -277.671402 -0.000002 10.005776
v -275.803988 -0.000002 9.505404
v -274.436947 -0.000002 8.138363
v -273.936575 -0.000002 6.270950
v -274.436947 261.513942 4.403537
v -275.803988 261.513942 3.036496
v -277.671402 261.513942 2.536124
v -279.538815 261.513942 3.036496
v -280.905856 261.513942 4.403537
v -281.406228 261.513942 6.270950
v -280.905856 261.513942 8.138363
v -279.538815 261.513942 9.505404
v -277.671402 261.513942 10.005776
v -275.803988 261.513942 9.505404
v -274.436947 261.513942 8.138363
v -273.936575 261.513942 6.270950
v -277.671402 -0.000002 6.270950
v -277.671402 261.513942 6.270950
vt 0.635316 0.078125
vt 0.578125 0.020934
vt 0.500000 0.000000
vt 0.421875 0.020934
vt 0.364684 0.078125
vt 0.343750 0.156250
vt 0.364684 0.234375
vt 0.421875 0.291566
vt 0.500000 0.312500
vt 0.578125 0.291566
vt 0.635316 0.234375
vt 0.656250 0.156250
vt 0.375000 0.312500
vt 0.395833 0.312500
vt 0.416667 0.312500
vt 0.437500 0.312500
vt 0.458333 0.312500
vt 0.479167 0.312500
vt 0.500000 0.312500
vt 0.520833 0.312500
vt 0.541667 0.312500
vt 0.562500 0.312500
vt 0.583333 0.312500
vt 0.604167 0.312500
vt 0.625000 0.312500
vt 0.375000 0.687500
vt 0.395833 0.687500
vt 0.416667 0.687500
vt 0.437500 0.687500
vt 0.458333 0.687500
vt 0.479167 0.687500
vt 0.500000 0.687500
vt 0.520833 0.687500
vt 0.541667 0.687500
vt 0.562500 0.687500
vt 0.583333 0.687500
vt 0.604167 0.687500
vt 0.625000 0.687500
vt 0.635316 0.765625
vt 0.578125 0.708434
vt 0.500000 0.687500
vt 0.421875 0.708434
vt 0.364684 0.765625
vt 0.343750 0.843750
vt 0.364684 0.921875
vt 0.421875 0.979066
vt 0.500000 1.000000
vt 0.578125 0.979066
vt 0.635316 0.921875
vt 0.656250 0.843750
vt 0.500000 0.156250
vt 0.500000 0.843750
vn 0.707107 0.000000 -0.707107
vn 0.707107 0.000000 -0.707107
vn 0.707107 0.000000 -0.707107
vn 0.707107 0.000000 -0.707107
vn 0.258819 0.000000 -0.965926
vn 0.258819 0.000000 -0.965926
vn 0.258819 0.000000 -0.965926
vn 0.258819 0.000000 -0.965926
vn -0.258819 0.000000 -0.965926
vn -0.258819 0.000000 -0.965926
vn -0.258819 0.000000 -0.965926
vn -0.258819 0.000000 -0.965926
vn -0.707107 0.000000 -0.707107
vn -0.707107 0.000000 -0.707107
vn -0.707107 0.000000 -0.707107
vn -0.707107 0.000000 -0.707107
vn -0.965926 0.000000 -0.258819
vn -0.965926 0.000000 -0.258819
vn -0.965926 0.000000 -0.258819
vn -0.965926 0.000000 -0.258819
vn -0.965926 0.000000 0.258819
vn -0.965926 0.000000 0.258819
vn -0.965926 0.000000 0.258819
vn -0.965926 0.000000 0.258819
vn -0.707107 0.000000 0.707107
vn -0.707107 0.000000 0.707107
vn -0.707107 0.000000 0.707107
vn -0.707107 0.000000 0.707107
vn -0.258819 0.000000 0.965926
vn -0.258819 0.000000 0.965926
vn -0.258819 0.000000 0.965926
vn -0.258819 0.000000 0.965926
vn 0.258819 0.000000 0.965926
vn 0.258819 0.000000 0.965926
vn 0.258819 0.000000 0.965926
vn 0.258819 0.000000 0.965926
vn 0.707107 0.000000 0.707107
vn 0.707107 0.000000 0.707107
vn 0.707107 0.000000 0.707107
vn 0.707107 0.000000 0.707107
vn 0.965926 0.000000 0.258819
vn 0.965926 0.000000 0.258819
vn 0.965926 0.000000 0.258819
vn 0.965926 0.000000 0.258819
vn 0.965926 0.000000 -0.258819
vn 0.965926 0.000000 -0.258819
vn 0.965926 0.000000 -0.258819
vn 0.965926 0.000000 -0.258819
vn 0.000000 -1.000000 0.000000
vn 0.000000 -1.000000 0.000000
vn 0.000000 -1.000000 0.000000
vn 0.000000 -1.000000 0.000000
vn 0.000000 -1.000000 0.000000
vn 0.000000 -1.000000 0.000000
vn 0.000000 -1.000000 0.000000
vn 0.000000 -1.000000 0.000000
vn 0.000000 -1.000000 0.000000
vn 0.000000 -1.000000 0.000000
vn 0.000000 -1.000000 0.000000
vn 0.000000 -1.000000 0.000000
vn 0.000000 -1.000000 0.000000
vn 0.000000 1.000000 0.000000
vn 0.000000 1.000000 0.000000
vn 0.000000 1.000000 0.000000
vn 0.000000 1.000000 0.000000
vn 0.000000 1.000000 0.000000
vn 0.000000 1.000000 0.000000
vn 0.000000 1.000000 0.000000
vn 0.000000 1.000000 0.000000
vn 0.000000 1.000000 0.000000
vn 0.000000 1.000000 0.000000
vn 0.000000 1.000000 0.000000
vn 0.000000 1.000000 0.000000
vn 0.000000 1.000000 0.000000
s off
g storage_shelf pCylinder1
usemtl initialShadingGroup
f 993/1528/2829 994/1529/2830 1006/1542/2831 1005/1541/2832
f 994/1529/2833 995/1530/2834 1007/1543/2835 1006/1542/2836
f 995/1530/2837 996/1531/2838 1008/1544/2839 1007/1543/2840
f 996/1531/2841 997/1532/2842 1009/1545/2843 1008/1544/2844
f 997/1532/2845 998/1533/2846 1010/1546/2847 1009/1545/2848
f 998/1533/2849 999/1534/2850 1011/1547/2851 1010/1546/2852
f 999/1534/2853 1000/1535/2854 1012/1548/2855 1011/1547/2856
f 1000/1535/2857 1001/1536/2858 1013/1549/2859 1012/1548/2860
f 1001/1536/2861 1002/1537/2862 1014/1550/2863 1013/1549/2864
f 1002/1537/2865 1003/1538/2866 1015/1551/2867 1014/1550/2868
f 1003/1538/2869 1004/1539/2870 1016/1552/2871 1015/1551/2872
f 1004/1539/2873 993/1540/2874 1005/1553/2875 1016/1552/2876
s 1
f 994/1517/2877 993/1516/2878 1017/1566/2879
f 995/1518/2880 994/1517/2877 1017/1566/2879
f 996/1519/2881 995/1518/2880 1017/1566/2879
f 997/1520/2882 996/1519/2881 1017/1566/2879
f 998/1521/2883 997/1520/2882 1017/1566/2879
f 999/1522/2884 998/1521/2883 1017/1566/2879
f 1000/1523/2885 999/1522/2884 1017/1566/2879
f 1001/1524/2886 1000/1523/2885 1017/1566/2879
f 1002/1525/2887 1001/1524/2886 1017/1566/2879
f 1003/1526/2888 1002/1525/2887 1017/1566/2879
f 1004/1527/2889 1003/1526/2888 1017/1566/2879
f 993/1516/2878 1004/1527/2889 1017/1566/2879
s 2
f 1005/1564/2890 1006/1563/2891 1018/1567/2892
f 1006/1563/2891 1007/1562/2893 1018/1567/2892
f 1007/1562/2893 1008/1561/2894 1018/1567/2892
f 1008/1561/2894 1009/1560/2895 1018/1567/2892
f 1009/1560/2895 1010/1559/2896 1018/1567/2892
f 1010/1559/2896 1011/1558/2897 1018/1567/2892
f 1011/1558/2897 1012/1557/2898 1018/1567/2892
f 1012/1557/2898 1013/1556/2899 1018/1567/2892
f 1013/1556/2899 1014/1555/2900 1018/1567/2892
f 1014/1555/2900 1015/1554/2901 1018/1567/2892
f 1015/1554/2901 1016/1565/2902 1018/1567/2892
f 1016/1565/2902 1005/1564/2890 1018/1567/2892
g default
v -443.310243 236.251611 95.224624
v -275.243642 236.251611 95.224624
v -443.310243 239.898894 95.224624
v -275.243642 239.898894 95.224624
v -443.310243 239.898894 6.206634
v -275.243642 239.898894 6.206634
v -443.310243 236.251611 6.206634
v -275.243642 236.251611 6.206634
vt 0.375000 0.000000
vt 0.625000 0.000000
vt 0.375000 0.250000
vt 0.625000 0.250000
vt 0.375000 0.500000
vt 0.625000 0.500000
vt 0.375000 0.750000
vt 0.625000 0.750000
vt 0.375000 1.000000
vt 0.625000 1.000000
vt 0.875000 0.000000
vt 0.875000 0.250000
vt 0.125000 0.000000
vt 0.125000 0.250000
vn 0.000000 0.000000 1.000000
vn 0.000000 0.000000 1.000000
vn 0.000000 0.000000 1.000000
vn 0.000000 0.000000 1.000000
vn 0.000000 1.000000 0.000000
vn 0.000000 1.000000 0.000000
vn 0.000000 1.000000 0.000000
vn 0.000000 1.000000 0.000000
vn 0.000000 0.000000 -1.000000
vn 0.000000 0.000000 -1.000000
vn 0.000000 0.000000 -1.000000
vn 0.000000 0.000000 -1.000000
vn 0.000000 -1.000000 0.000000
vn 0.000000 -1.000000 0.000000
vn 0.000000 -1.000000 0.000000
vn 0.000000 -1.000000 0.000000
vn 1.000000 0.000000 0.000000
vn 1.000000 0.000000 0.000000
vn 1.000000 0.000000 0.000000
vn 1.000000 0.000000 0.000000
vn -1.000000 0.000000 0.000000
vn -1.000000 0.000000 0.000000
vn -1.000000 0.000000 0.000000
vn -1.000000 0.000000 0.000000
s off
g storage_shelf pCube22
usemtl initialShadingGroup
f 1019/1568/2903 1020/1569/2904 1022/1571/2905 1021/1570/2906
f 1021/1570/2907 1022/1571/2908 1024/1573/2909 1023/1572/2910
f 1023/1572/2911 1024/1573/2912 1026/1575/2913 1025/1574/2914
f 1025/1574/2915 1026/1575/2916 1020/1577/2917 1019/1576/2918
f 1020/1569/2919 1026/1578/2920 1024/1579/2921 1022/1571/2922
f 1025/1580/2923 1019/1568/2924 1021/1570/2925 1023/1581/2926
g default
v -443.310243 17.712812 95.224624
v -275.243642 17.712812 95.224624
v -443.310243 21.360095 95.224624
v -275.243642 21.360095 95.224624
v -443.310243 21.360095 6.206634
v -275.243642 21.360095 6.206634
v -443.310243 17.712812 6.206634
v -275.243642 17.712812 6.206634
vt 0.375000 0.000000
vt 0.625000 0.000000
vt 0.375000 0.250000
vt 0.625000 0.250000
vt 0.375000 0.500000
vt 0.625000 0.500000
vt 0.375000 0.750000
vt 0.625000 0.750000
vt 0.375000 1.000000
vt 0.625000 1.000000
vt 0.875000 0.000000
vt 0.875000 0.250000
vt 0.125000 0.000000
vt 0.125000 0.250000
vn 0.000000 0.000000 1.000000
vn 0.000000 0.000000 1.000000
vn 0.000000 0.000000 1.000000
vn 0.000000 0.000000 1.000000
vn 0.000000 1.000000 0.000000
vn 0.000000 1.000000 0.000000
vn 0.000000 1.000000 0.000000
vn 0.000000 1.000000 0.000000
vn 0.000000 0.000000 -1.000000
vn 0.000000 0.000000 -1.000000
vn 0.000000 0.000000 -1.000000
vn 0.000000 0.000000 -1.000000
vn 0.000000 -1.000000 0.000000
vn 0.000000 -1.000000 0.000000
vn 0.000000 -1.000000 0.000000
vn 0.000000 -1.000000 0.000000
vn 1.000000 0.000000 0.000000
vn 1.000000 0.000000 0.000000
vn 1.000000 0.000000 0.000000
vn 1.000000 0.000000 0.000000
vn -1.000000 0.000000 0.000000
vn -1.000000 0.000000 0.000000
vn -1.000000 0.000000 0.000000
vn -1.000000 0.000000 0.000000
s off
g storage_shelf pCube18
usemtl initialShadingGroup
f 1027/1582/2927 1028/1583/2928 1030/1585/2929 1029/1584/2930
f 1029/1584/2931 1030/1585/2932 1032/1587/2933 1031/1586/2934
f 1031/1586/2935 1032/1587/2936 1034/1589/2937 1033/1588/2938
f 1033/1588/2939 1034/1589/2940 1028/1591/2941 1027/1590/2942
f 1028/1583/2943 1034/1592/2944 1032/1593/2945 1030/1585/2946
f 1033/1594/2947 1027/1582/2948 1029/1584/2949 1031/1595/2950
g default
v -560.601426 115.867258 -8.082021
v -529.170119 115.867258 -8.082021
v -560.601426 120.728925 -8.082021
v -529.170119 120.728925 -8.082021
v -560.601426 120.728925 -14.235702
v -529.170119 120.728925 -14.235702
v -560.601426 115.867258 -14.235702
v -529.170119 115.867258 -14.235702
vt 0.375000 0.000000
vt 0.625000 0.000000
vt 0.375000 0.250000
vt 0.625000 0.250000
vt 0.375000 0.500000
vt 0.625000 0.500000
vt 0.375000 0.750000
vt 0.625000 0.750000
vt 0.375000 1.000000
vt 0.625000 1.000000
vt 0.875000 0.000000
vt 0.875000 0.250000
vt 0.125000 0.000000
vt 0.125000 0.250000
vn 0.000000 0.000000 1.000000
vn 0.000000 0.000000 1.000000
vn 0.000000 0.000000 1.000000
vn 0.000000 0.000000 1.000000
vn 0.000000 1.000000 0.000000
vn 0.000000 1.000000 0.000000
vn 0.000000 1.000000 0.000000
vn 0.000000 1.000000 0.000000
vn 0.000000 0.000000 -1.000000
vn 0.000000 0.000000 -1.000000
vn 0.000000 0.000000 -1.000000
vn 0.000000 0.000000 -1.000000
vn 0.000000 -1.000000 0.000000
vn 0.000000 -1.000000 0.000000
vn 0.000000 -1.000000 0.000000
vn 0.000000 -1.000000 0.000000
vn 1.000000 0.000000 0.000000
vn 1.000000 0.000000 0.000000
vn 1.000000 0.000000 0.000000
vn 1.000000 0.000000 0.000000
vn -1.000000 0.000000 0.000000
vn -1.000000 0.000000 0.000000
vn -1.000000 0.000000 0.000000
vn -1.000000 0.000000 0.000000
s off
g pCube24 fridge
usemtl initialShadingGroup
f 1035/1596/2951 1036/1597/2952 1038/1599/2953 1037/1598/2954
f 1037/1598/2955 1038/1599/2956 1040/1601/2957 1039/1600/2958
f 1039/1600/2959 1040/1601/2960 1042/1603/2961 1041/1602/2962
f 1041/1602/2963 1042/1603/2964 1036/1605/2965 1035/1604/2966
f 1036/1597/2967 1042/1606/2968 1040/1607/2969 1038/1599/2970
f 1041/1608/2971 1035/1596/2972 1037/1598/2973 1039/1609/2974
g default
v -622.137665 115.867258 -8.082021
v -590.706358 115.867258 -8.082021
v -622.137665 120.728925 -8.082021
v -590.706358 120.728925 -8.082021
v -622.137665 120.728925 -14.235702
v -590.706358 120.728925 -14.235702
v -622.137665 115.867258 -14.235702
v -590.706358 115.867258 -14.235702
vt 0.375000 0.000000
vt 0.625000 0.000000
vt 0.375000 0.250000
vt 0.625000 0.250000
vt 0.375000 0.500000
vt 0.625000 0.500000
vt 0.375000 0.750000
vt 0.625000 0.750000
vt 0.375000 1.000000
vt 0.625000 1.000000
vt 0.875000 0.000000
vt 0.875000 0.250000
vt 0.125000 0.000000
vt 0.125000 0.250000
vn 0.000000 0.000000 1.000000
vn 0.000000 0.000000 1.000000
vn 0.000000 0.000000 1.000000
vn 0.000000 0.000000 1.000000
vn 0.000000 1.000000 0.000000
vn 0.000000 1.000000 0.000000
vn 0.000000 1.000000 0.000000
vn 0.000000 1.000000 0.000000
vn 0.000000 0.000000 -1.000000
vn 0.000000 0.000000 -1.000000
vn 0.000000 0.000000 -1.000000
vn 0.000000 0.000000 -1.000000
vn 0.000000 -1.000000 0.000000
vn 0.000000 -1.000000 0.000000
vn 0.000000 -1.000000 0.000000
vn 0.000000 -1.000000 0.000000
vn 1.000000 0.000000 0.000000
vn 1.000000 0.000000 0.000000
vn 1.000000 0.000000 0.000000
vn 1.000000 0.000000 0.000000
vn -1.000000 0.000000 0.000000
vn -1.000000 0.000000 0.000000
vn -1.000000 0.000000 0.000000
vn -1.000000 0.000000 0.000000
s off
g fridge pCube25
usemtl initialShadingGroup
f 1043/1610/2975 1044/1611/2976 1046/1613/2977 1045/1612/2978
f 1045/1612/2979 1046/1613/2980 1048/1615/2981 1047/1614/2982
f 1047/1614/2983 1048/1615/2984 1050/1617/2985 1049/1616/2986
f 1049/1616/2987 1050/1617/2988 1044/1619/2989 1043/1618/2990
f 1044/1611/2991 1050/1620/2992 1048/1621/2993 1046/1613/2994
f 1049/1622/2995 1043/1610/2996 1045/1612/2997 1047/1623/2998
g default
v -666.958301 0.000000 100.000000
v -486.096582 0.000000 100.000000
v -666.958301 233.631162 100.000000
v -486.096582 233.631162 100.000000
v -666.958301 233.631162 0.000000
v -486.096582 233.631162 0.000000
v -666.958301 0.000000 0.000000
v -486.096582 0.000000 0.000000
v -573.900122 233.631162 0.000000
v -573.900122 0.000000 0.000000
v -573.900122 0.000000 100.000000
v -573.900122 233.631162 100.000000
v -578.069413 233.631162 0.000000
v -578.069413 0.000000 0.000000
v -578.069413 0.000000 100.000000
v -578.069413 233.631162 100.000000
v -666.958301 233.631162 -9.115089
v -578.069413 233.631162 -9.115089
v -578.069413 0.000000 -9.115089
v -666.958301 0.000000 -9.115089
v -573.900122 233.631162 -9.115089
v -486.096582 233.631162 -9.115089
v -486.096582 0.000000 -9.115089
v -573.900122 0.000000 -9.115089
vt 0.375000 0.000000
vt 0.625000 0.000000
vt 0.375000 0.250000
vt 0.625000 0.250000
vt 0.375000 0.500000
vt 0.625000 0.500000
vt 0.375000 0.750000
vt 0.625000 0.750000
vt 0.375000 1.000000
vt 0.625000 1.000000
vt 0.875000 0.000000
vt 0.875000 0.250000
vt 0.125000 0.000000
vt 0.125000 0.250000
vt 0.500000 0.500000
vt 0.500000 0.750000
vt 0.500000 0.000000
vt 0.500000 1.000000
vt 0.500000 0.250000
vt 0.437500 0.500000
vt 0.437500 0.750000
vt 0.437500 0.000000
vt 0.437500 1.000000
vt 0.437500 0.250000
vt 0.375000 0.500000
vt 0.437500 0.500000
vt 0.437500 0.750000
vt 0.375000 0.750000
vt 0.500000 0.500000
vt 0.625000 0.500000
vt 0.625000 0.750000
vt 0.500000 0.750000
vn 0.000000 0.000000 1.000000
vn 0.000000 0.000000 1.000000
vn 0.000000 0.000000 1.000000
vn 0.000000 0.000000 1.000000
vn 0.000000 1.000000 0.000000
vn 0.000000 1.000000 0.000000
vn 0.000000 1.000000 0.000000
vn 0.000000 1.000000 0.000000
vn 0.000000 0.000000 -1.000000
vn 0.000000 0.000000 -1.000000
vn 0.000000 0.000000 -1.000000
vn 0.000000 0.000000 -1.000000
vn 0.000000 -1.000000 0.000000
vn 0.000000 -1.000000 0.000000
vn 0.000000 -1.000000 0.000000
vn 0.000000 -1.000000 0.000000
vn 1.000000 0.000000 0.000000
vn 1.000000 0.000000 0.000000
vn 1.000000 0.000000 0.000000
vn 1.000000 0.000000 0.000000
vn -1.000000 0.000000 0.000000
vn -1.000000 0.000000 0.000000
vn -1.000000 0.000000 0.000000
vn -1.000000 0.000000 0.000000
vn 0.000000 0.000000 -1.000000
vn 0.000000 0.000000 -1.000000
vn 0.000000 0.000000 -1.000000
vn 0.000000 0.000000 -1.000000
vn 0.000000 -1.000000 0.000000
vn 0.000000 -1.000000 0.000000
vn 0.000000 -1.000000 0.000000
vn 0.000000 -1.000000 0.000000
vn 0.000000 0.000000 1.000000
vn 0.000000 0.000000 1.000000
vn 0.000000 0.000000 1.000000
vn 0.000000 0.000000 1.000000
vn 0.000000 1.000000 0.000000
vn 0.000000 1.000000 0.000000
vn 0.000000 1.000000 0.000000
vn 0.000000 1.000000 0.000000
vn 0.000000 0.000000 -1.000000
vn 0.000000 0.000000 -1.000000
vn 0.000000 0.000000 -1.000000
vn 0.000000 0.000000 -1.000000
vn 0.000000 1.000000 0.000000
vn 0.000000 1.000000 0.000000
vn 1.000000 0.000000 0.000000
vn 1.000000 0.000000 0.000000
vn 1.000000 0.000000 0.000000
vn 1.000000 0.000000 0.000000
vn 0.000000 -1.000000 0.000000
vn 0.000000 -1.000000 0.000000
vn -1.000000 0.000000 0.000000
vn -1.000000 0.000000 0.000000
vn 0.000000 1.000000 0.000000
vn 0.000000 1.000000 0.000000
vn 1.000000 0.000000 0.000000
vn 1.000000 0.000000 0.000000
vn 0.000000 -1.000000 0.000000
vn 0.000000 -1.000000 0.000000
vn -1.000000 0.000000 0.000000
vn -1.000000 0.000000 0.000000
vn -1.000000 0.000000 0.000000
vn -1.000000 0.000000 0.000000
s 1
g fridge pCube23
usemtl initialShadingGroup
f 1051/1624/2999 1065/1645/3000 1066/1647/3001 1053/1626/3002
s 2
f 1053/1626/3003 1066/1647/3004 1063/1643/3005 1055/1628/3006
s off
f 1067/1648/3007 1068/1649/3008 1069/1650/3009 1070/1651/3010
s 3
f 1057/1630/3011 1064/1644/3012 1065/1646/3013 1051/1632/3014
s 4
f 1052/1625/3015 1058/1634/3016 1056/1635/3017 1054/1627/3018
s 5
f 1057/1636/3019 1051/1624/3020 1053/1626/3021 1055/1637/3022
s off
f 1071/1652/3023 1072/1653/3024 1073/1654/3025 1074/1655/3026
s 3
f 1061/1641/3027 1060/1639/3028 1058/1631/3029 1052/1633/3030
s 1
f 1062/1642/3031 1061/1640/3032 1052/1625/3033 1054/1627/3034
s 2
f 1059/1638/3035 1062/1642/3036 1054/1627/3037 1056/1629/3038
s off
f 1063/1643/3039 1059/1638/3040 1060/1639/3041 1064/1644/3042
s 3
f 1065/1646/3013 1064/1644/3012 1060/1639/3028 1061/1641/3027
s 1
f 1066/1647/3001 1065/1645/3000 1061/1640/3032 1062/1642/3031
s 2
f 1063/1643/3005 1066/1647/3004 1062/1642/3036 1059/1638/3035
f 1055/1628/3006 1063/1643/3005 1068/1649/3043 1067/1648/3044
s off
f 1063/1643/3045 1064/1644/3046 1069/1650/3047 1068/1649/3048
s 3
f 1064/1644/3012 1057/1630/3011 1070/1651/3049 1069/1650/3050
s 5
f 1057/1630/3019 1055/1628/3022 1067/1648/3051 1070/1651/3052
s 2
f 1059/1638/3035 1056/1629/3038 1072/1653/3053 1071/1652/3054
s 4
f 1056/1629/3017 1058/1631/3016 1073/1654/3055 1072/1653/3056
s 3
f 1058/1631/3029 1060/1639/3028 1074/1655/3057 1073/1654/3058
s off
f 1060/1639/3059 1059/1638/3060 1071/1652/3061 1074/1655/3062
g default
v -335.380872 53.925067 537.079289
v -161.013515 53.925067 537.079289
v -335.380872 58.746902 537.079289
v -161.013515 58.746902 537.079289
v -335.380872 58.746902 459.385732
v -161.013515 58.746902 459.385732
v -335.380872 53.925067 459.385732
v -161.013515 53.925067 459.385732
vt 0.375000 0.000000
vt 0.625000 0.000000
vt 0.375000 0.250000
vt 0.625000 0.250000
vt 0.375000 0.500000
vt 0.625000 0.500000
vt 0.375000 0.750000
vt 0.625000 0.750000
vt 0.375000 1.000000
vt 0.625000 1.000000
vt 0.875000 0.000000
vt 0.875000 0.250000
vt 0.125000 0.000000
vt 0.125000 0.250000
vn 0.000000 0.000000 1.000000
vn 0.000000 0.000000 1.000000
vn 0.000000 0.000000 1.000000
vn 0.000000 0.000000 1.000000
vn 0.000000 1.000000 0.000000
vn 0.000000 1.000000 0.000000
vn 0.000000 1.000000 0.000000
vn 0.000000 1.000000 0.000000
vn 0.000000 0.000000 -1.000000
vn 0.000000 0.000000 -1.000000
vn 0.000000 0.000000 -1.000000
vn 0.000000 0.000000 -1.000000
vn 0.000000 -1.000000 0.000000
vn 0.000000 -1.000000 0.000000
vn 0.000000 -1.000000 0.000000
vn 0.000000 -1.000000 0.000000
vn 1.000000 0.000000 0.000000
vn 1.000000 0.000000 0.000000
vn 1.000000 0.000000 0.000000
vn 1.000000 0.000000 0.000000
vn -1.000000 0.000000 0.000000
vn -1.000000 0.000000 0.000000
vn -1.000000 0.000000 0.000000
vn -1.000000 0.000000 0.000000
s off
g pCube28 group2 table
usemtl initialShadingGroup
f 1075/1656/3063 1076/1657/3064 1078/1659/3065 1077/1658/3066
f 1077/1658/3067 1078/1659/3068 1080/1661/3069 1079/1660/3070
f 1079/1660/3071 1080/1661/3072 1082/1663/3073 1081/1662/3074
f 1081/1662/3075 1082/1663/3076 1076/1665/3077 1075/1664/3078
f 1076/1657/3079 1082/1666/3080 1080/1667/3081 1078/1659/3082
f 1081/1668/3083 1075/1656/3084 1077/1658/3085 1079/1669/3086
g default
v -156.667386 0.000003 460.662528
v -157.237580 0.000003 459.543458
v -158.125679 0.000003 458.655360
v -159.244749 0.000003 458.085165
v -160.485247 0.000003 457.888690
v -161.725744 0.000003 458.085166
v -162.844814 0.000003 458.655360
v -163.732912 0.000003 459.543459
v -164.303106 0.000003 460.662528
v -164.499581 0.000003 461.903026
v -164.303106 0.000003 463.143523
v -163.732911 0.000003 464.262592
v -162.844813 0.000003 465.150690
v -161.725744 0.000003 465.720884
v -160.485247 0.000003 465.917360
v -159.244749 0.000003 465.720884
v -158.125680 0.000003 465.150690
v -157.237582 0.000003 464.262592
v -156.667388 0.000003 463.143523
v -156.470913 0.000003 461.903026
v -156.667386 115.624784 460.662528
v -157.237580 115.624784 459.543458
v -158.125679 115.624784 458.655360
v -159.244749 115.624784 458.085165
v -160.485247 115.624784 457.888690
v -161.725744 115.624784 458.085166
v -162.844814 115.624784 458.655360
v -163.732912 115.624784 459.543459
v -164.303106 115.624784 460.662528
v -164.499581 115.624784 461.903026
v -164.303106 115.624784 463.143523
v -163.732911 115.624784 464.262592
v -162.844813 115.624784 465.150690
v -161.725744 115.624784 465.720884
v -160.485247 115.624784 465.917360
v -159.244749 115.624784 465.720884
v -158.125680 115.624784 465.150690
v -157.237582 115.624784 464.262592
v -156.667388 115.624784 463.143523
v -156.470913 115.624784 461.903026
v -160.485247 0.000003 461.903026
v -160.485247 115.624784 461.903026
vt 0.648603 0.107966
vt 0.626409 0.064408
vt 0.591842 0.029841
vt 0.548284 0.007647
vt 0.500000 -0.000000
vt 0.451716 0.007647
vt 0.408159 0.029841
vt 0.373591 0.064409
vt 0.351397 0.107966
vt 0.343750 0.156250
vt 0.351397 0.204534
vt 0.373591 0.248091
vt 0.408159 0.282659
vt 0.451716 0.304853
vt 0.500000 0.312500
vt 0.548284 0.304853
vt 0.591841 0.282659
vt 0.626409 0.248091
vt 0.648603 0.204534
vt 0.656250 0.156250
vt 0.375000 0.312500
vt 0.387500 0.312500
vt 0.400000 0.312500
vt 0.412500 0.312500
vt 0.425000 0.312500
vt 0.437500 0.312500
vt 0.450000 0.312500
vt 0.462500 0.312500
vt 0.475000 0.312500
vt 0.487500 0.312500
vt 0.500000 0.312500
vt 0.512500 0.312500
vt 0.525000 0.312500
vt 0.537500 0.312500
vt 0.550000 0.312500
vt 0.562500 0.312500
vt 0.575000 0.312500
vt 0.587500 0.312500
vt 0.600000 0.312500
vt 0.612500 0.312500
vt 0.625000 0.312500
vt 0.375000 0.687500
vt 0.387500 0.687500
vt 0.400000 0.687500
vt 0.412500 0.687500
vt 0.425000 0.687500
vt 0.437500 0.687500
vt 0.450000 0.687500
vt 0.462500 0.687500
vt 0.475000 0.687500
vt 0.487500 0.687500
vt 0.500000 0.687500
vt 0.512500 0.687500
vt 0.525000 0.687500
vt 0.537500 0.687500
vt 0.550000 0.687500
vt 0.562500 0.687500
vt 0.575000 0.687500
vt 0.587500 0.687500
vt 0.600000 0.687500
vt 0.612500 0.687500
vt 0.625000 0.687500
vt 0.648603 0.795466
vt 0.626409 0.751908
vt 0.591842 0.717341
vt 0.548284 0.695147
vt 0.500000 0.687500
vt 0.451716 0.695147
vt 0.408159 0.717341
vt 0.373591 0.751909
vt 0.351397 0.795466
vt 0.343750 0.843750
vt 0.351397 0.892034
vt 0.373591 0.935591
vt 0.408159 0.970159
vt 0.451716 0.992353
vt 0.500000 1.000000
vt 0.548284 0.992353
vt 0.591841 0.970159
vt 0.626409 0.935591
vt 0.648603 0.892034
vt 0.656250 0.843750
vt 0.500000 0.156250
vt 0.500000 0.843750
vn 0.951057 0.000000 -0.309016
vn 0.809017 0.000000 -0.587785
vn 0.809017 0.000000 -0.587785
vn 0.951057 0.000000 -0.309016
vn 0.587785 0.000000 -0.809017
vn 0.587785 0.000000 -0.809017
vn 0.309017 0.000000 -0.951057
vn 0.309017 0.000000 -0.951057
vn -0.000000 0.000000 -1.000000
vn -0.000000 0.000000 -1.000000
vn -0.309017 0.000000 -0.951056
vn -0.309017 0.000000 -0.951056
vn -0.587785 0.000000 -0.809017
vn -0.587785 0.000000 -0.809017
vn -0.809017 0.000000 -0.587785
vn -0.809017 0.000000 -0.587785
vn -0.951057 0.000000 -0.309017
vn -0.951057 0.000000 -0.309017
vn -1.000000 0.000000 0.000000
vn -1.000000 0.000000 0.000000
vn -0.951057 0.000000 0.309017
vn -0.951057 0.000000 0.309017
vn -0.809017 0.000000 0.587785
vn -0.809017 0.000000 0.587785
vn -0.587785 0.000000 0.809017
vn -0.587785 0.000000 0.809017
vn -0.309017 0.000000 0.951056
vn -0.309017 0.000000 0.951056
vn -0.000000 0.000000 1.000000
vn -0.000000 0.000000 1.000000
vn 0.309017 0.000000 0.951056
vn 0.309017 0.000000 0.951056
vn 0.587785 0.000000 0.809017
vn 0.587785 0.000000 0.809017
vn 0.809017 0.000000 0.587785
vn 0.809017 0.000000 0.587785
vn 0.951057 0.000000 0.309017
vn 0.951057 0.000000 0.309017
vn 1.000000 0.000000 0.000001
vn 1.000000 0.000000 0.000001
vn 0.000000 -1.000000 -0.000002
vn 0.000000 -1.000000 0.000000
vn 0.000000 -1.000000 -0.000000
vn 0.000000 -1.000000 -0.000002
vn 0.000000 -1.000000 0.000000
vn 0.000000 -1.000000 0.000000
vn 0.000000 -1.000000 0.000000
vn 0.000000 -1.000000 0.000002
vn 0.000000 -1.000000 0.000002
vn 0.000000 -1.000000 0.000000
vn 0.000000 -1.000000 0.000000
vn 0.000000 -1.000000 0.000000
vn 0.000000 -1.000000 -0.000002
vn 0.000000 -1.000000 -0.000001
vn 0.000000 -1.000000 0.000001
vn 0.000000 -1.000000 -0.000001
vn 0.000000 -1.000000 -0.000001
vn 0.000000 -1.000000 0.000002
vn 0.000000 -1.000000 0.000002
vn 0.000000 -1.000000 0.000000
vn 0.000000 -1.000000 0.000000
vn 0.000000 1.000000 0.000000
vn 0.000000 1.000000 0.000000
vn 0.000000 1.000000 0.000000
vn 0.000000 1.000000 0.000000
vn 0.000000 1.000000 0.000000
vn 0.000000 1.000000 0.000000
vn 0.000000 1.000000 0.000000
vn 0.000000 1.000000 0.000002
vn 0.000000 1.000000 0.000002
vn 0.000000 1.000000 0.000000
vn 0.000000 1.000000 0.000000
vn 0.000000 1.000000 0.000000
vn 0.000000 1.000000 0.000000
vn 0.000000 1.000000 0.000002
vn 0.000000 1.000000 0.000002
vn 0.000000 1.000000 -0.000001
vn 0.000000 1.000000 -0.000001
vn 0.000000 1.000000 0.000000
vn 0.000000 1.000000 0.000000
vn 0.000000 1.000000 0.000000
vn 0.000000 1.000000 0.000000
s 1
g group2 table pCylinder10
usemtl initialShadingGroup
f 1083/1690/3087 1084/1691/3088 1104/1712/3089 1103/1711/3090
f 1084/1691/3088 1085/1692/3091 1105/1713/3092 1104/1712/3089
f 1085/1692/3091 1086/1693/3093 1106/1714/3094 1105/1713/3092
f 1086/1693/3093 1087/1694/3095 1107/1715/3096 1106/1714/3094
f 1087/1694/3095 1088/1695/3097 1108/1716/3098 1107/1715/3096
f 1088/1695/3097 1089/1696/3099 1109/1717/3100 1108/1716/3098
f 1089/1696/3099 1090/1697/3101 1110/1718/3102 1109/1717/3100
f 1090/1697/3101 1091/1698/3103 1111/1719/3104 1110/1718/3102
f 1091/1698/3103 1092/1699/3105 1112/1720/3106 1111/1719/3104
f 1092/1699/3105 1093/1700/3107 1113/1721/3108 1112/1720/3106
f 1093/1700/3107 1094/1701/3109 1114/1722/3110 1113/1721/3108
f 1094/1701/3109 1095/1702/3111 1115/1723/3112 1114/1722/3110
f 1095/1702/3111 1096/1703/3113 1116/1724/3114 1115/1723/3112
f 1096/1703/3113 1097/1704/3115 1117/1725/3116 1116/1724/3114
f 1097/1704/3115 1098/1705/3117 1118/1726/3118 1117/1725/3116
f 1098/1705/3117 1099/1706/3119 1119/1727/3120 1118/1726/3118
f 1099/1706/3119 1100/1707/3121 1120/1728/3122 1119/1727/3120
f 1100/1707/3121 1101/1708/3123 1121/1729/3124 1120/1728/3122
f 1101/1708/3123 1102/1709/3125 1122/1730/3126 1121/1729/3124
f 1102/1709/3125 1083/1710/3087 1103/1731/3090 1122/1730/3126
s 2
f 1084/1671/3127 1083/1670/3128 1123/1752/3129
f 1085/1672/3130 1084/1671/3127 1123/1752/3129
f 1086/1673/3131 1085/1672/3130 1123/1752/3129
f 1087/1674/3132 1086/1673/3131 1123/1752/3129
f 1088/1675/3133 1087/1674/3132 1123/1752/3129
f 1089/1676/3134 1088/1675/3133 1123/1752/3129
f 1090/1677/3135 1089/1676/3134 1123/1752/3129
f 1091/1678/3136 1090/1677/3135 1123/1752/3129
f 1092/1679/3137 1091/1678/3136 1123/1752/3129
f 1093/1680/3138 1092/1679/3137 1123/1752/3129
f 1094/1681/3139 1093/1680/3138 1123/1752/3129
f 1095/1682/3140 1094/1681/3139 1123/1752/3129
f 1096/1683/3141 1095/1682/3140 1123/1752/3129
f 1097/1684/3142 1096/1683/3141 1123/1752/3129
f 1098/1685/3143 1097/1684/3142 1123/1752/3129
f 1099/1686/3144 1098/1685/3143 1123/1752/3129
f 1100/1687/3145 1099/1686/3144 1123/1752/3129
f 1101/1688/3146 1100/1687/3145 1123/1752/3129
f 1102/1689/3147 1101/1688/3146 1123/1752/3129
f 1083/1670/3128 1102/1689/3147 1123/1752/3129
s 3
f 1103/1750/3148 1104/1749/3149 1124/1753/3150
f 1104/1749/3149 1105/1748/3151 1124/1753/3150
f 1105/1748/3151 1106/1747/3152 1124/1753/3150
f 1106/1747/3152 1107/1746/3153 1124/1753/3150
f 1107/1746/3153 1108/1745/3154 1124/1753/3150
f 1108/1745/3154 1109/1744/3155 1124/1753/3150
f 1109/1744/3155 1110/1743/3156 1124/1753/3150
f 1110/1743/3156 1111/1742/3157 1124/1753/3150
f 1111/1742/3157 1112/1741/3158 1124/1753/3150
f 1112/1741/3158 1113/1740/3159 1124/1753/3150
f 1113/1740/3159 1114/1739/3160 1124/1753/3150
f 1114/1739/3160 1115/1738/3161 1124/1753/3150
f 1115/1738/3161 1116/1737/3162 1124/1753/3150
f 1116/1737/3162 1117/1736/3163 1124/1753/3150
f 1117/1736/3163 1118/1735/3164 1124/1753/3150
f 1118/1735/3164 1119/1734/3165 1124/1753/3150
f 1119/1734/3165 1120/1733/3166 1124/1753/3150
f 1120/1733/3166 1121/1732/3167 1124/1753/3150
f 1121/1732/3167 1122/1751/3168 1124/1753/3150
f 1122/1751/3168 1103/1750/3148 1124/1753/3150
g default
v -349.165261 112.464858 544.038522
v -146.551930 112.464858 544.038522
v -349.165261 120.867034 544.038522
v -146.551930 120.867034 544.038522
v -349.165261 120.867034 455.020531
v -146.551930 120.867034 455.020531
v -349.165261 112.464858 455.020531
v -146.551930 112.464858 455.020531
vt 0.375000 0.000000
vt 0.625000 0.000000
vt 0.375000 0.250000
vt 0.625000 0.250000
vt 0.375000 0.500000
vt 0.625000 0.500000
vt 0.375000 0.750000
vt 0.625000 0.750000
vt 0.375000 1.000000
vt 0.625000 1.000000
vt 0.875000 0.000000
vt 0.875000 0.250000
vt 0.125000 0.000000
vt 0.125000 0.250000
vn 0.000000 0.000000 1.000000
vn 0.000000 0.000000 1.000000
vn 0.000000 0.000000 1.000000
vn 0.000000 0.000000 1.000000
vn 0.000000 1.000000 0.000000
vn 0.000000 1.000000 0.000000
vn 0.000000 1.000000 0.000000
vn 0.000000 1.000000 0.000000
vn 0.000000 0.000000 -1.000000
vn 0.000000 0.000000 -1.000000
vn 0.000000 0.000000 -1.000000
vn 0.000000 0.000000 -1.000000
vn 0.000000 -1.000000 0.000000
vn 0.000000 -1.000000 0.000000
vn 0.000000 -1.000000 0.000000
vn 0.000000 -1.000000 0.000000
vn 1.000000 0.000000 0.000000
vn 1.000000 0.000000 0.000000
vn 1.000000 0.000000 0.000000
vn 1.000000 0.000000 0.000000
vn -1.000000 0.000000 0.000000
vn -1.000000 0.000000 0.000000
vn -1.000000 0.000000 0.000000
vn -1.000000 0.000000 0.000000
s off
g group2 table pCube27
usemtl initialShadingGroup
f 1125/1754/3169 1126/1755/3170 1128/1757/3171 1127/1756/3172
f 1127/1756/3173 1128/1757/3174 1130/1759/3175 1129/1758/3176
f 1129/1758/3177 1130/1759/3178 1132/1761/3179 1131/1760/3180
f 1131/1760/3181 1132/1761/3182 1126/1763/3183 1125/1762/3184
f 1126/1755/3185 1132/1764/3186 1130/1765/3187 1128/1757/3188
f 1131/1766/3189 1125/1754/3190 1127/1756/3191 1129/1767/3192
g default
v -330.857994 0.000003 460.662528
v -331.428188 0.000003 459.543458
v -332.316287 0.000003 458.655360
v -333.435357 0.000003 458.085165
v -334.675855 0.000003 457.888690
v -335.916352 0.000003 458.085166
v -337.035422 0.000003 458.655360
v -337.923520 0.000003 459.543459
v -338.493714 0.000003 460.662528
v -338.690189 0.000003 461.903026
v -338.493714 0.000003 463.143523
v -337.923519 0.000003 464.262592
v -337.035421 0.000003 465.150690
v -335.916352 0.000003 465.720884
v -334.675855 0.000003 465.917360
v -333.435357 0.000003 465.720884
v -332.316288 0.000003 465.150690
v -331.428190 0.000003 464.262592
v -330.857996 0.000003 463.143523
v -330.661521 0.000003 461.903026
v -330.857994 118.206440 460.662528
v -331.428188 118.206440 459.543458
v -332.316287 118.206440 458.655360
v -333.435357 118.206440 458.085165
v -334.675855 118.206440 457.888690
v -335.916352 118.206440 458.085166
v -337.035422 118.206440 458.655360
v -337.923520 118.206440 459.543459
v -338.493714 118.206440 460.662528
v -338.690189 118.206440 461.903026
v -338.493714 118.206440 463.143523
v -337.923519 118.206440 464.262592
v -337.035421 118.206440 465.150690
v -335.916352 118.206440 465.720884
v -334.675855 118.206440 465.917360
v -333.435357 118.206440 465.720884
v -332.316288 118.206440 465.150690
v -331.428190 118.206440 464.262592
v -330.857996 118.206440 463.143523
v -330.661521 118.206440 461.903026
v -334.675855 0.000003 461.903026
v -334.675855 118.206440 461.903026
vt 0.648603 0.107966
vt 0.626409 0.064408
vt 0.591842 0.029841
vt 0.548284 0.007647
vt 0.500000 -0.000000
vt 0.451716 0.007647
vt 0.408159 0.029841
vt 0.373591 0.064409
vt 0.351397 0.107966
vt 0.343750 0.156250
vt 0.351397 0.204534
vt 0.373591 0.248091
vt 0.408159 0.282659
vt 0.451716 0.304853
vt 0.500000 0.312500
vt 0.548284 0.304853
vt 0.591841 0.282659
vt 0.626409 0.248091
vt 0.648603 0.204534
vt 0.656250 0.156250
vt 0.375000 0.312500
vt 0.387500 0.312500
vt 0.400000 0.312500
vt 0.412500 0.312500
vt 0.425000 0.312500
vt 0.437500 0.312500
vt 0.450000 0.312500
vt 0.462500 0.312500
vt 0.475000 0.312500
vt 0.487500 0.312500
vt 0.500000 0.312500
vt 0.512500 0.312500
vt 0.525000 0.312500
vt 0.537500 0.312500
vt 0.550000 0.312500
vt 0.562500 0.312500
vt 0.575000 0.312500
vt 0.587500 0.312500
vt 0.600000 0.312500
vt 0.612500 0.312500
vt 0.625000 0.312500
vt 0.375000 0.687500
vt 0.387500 0.687500
vt 0.400000 0.687500
vt 0.412500 0.687500
vt 0.425000 0.687500
vt 0.437500 0.687500
vt 0.450000 0.687500
vt 0.462500 0.687500
vt 0.475000 0.687500
vt 0.487500 0.687500
vt 0.500000 0.687500
vt 0.512500 0.687500
vt 0.525000 0.687500
vt 0.537500 0.687500
vt 0.550000 0.687500
vt 0.562500 0.687500
vt 0.575000 0.687500
vt 0.587500 0.687500
vt 0.600000 0.687500
vt 0.612500 0.687500
vt 0.625000 0.687500
vt 0.648603 0.795466
vt 0.626409 0.751908
vt 0.591842 0.717341
vt 0.548284 0.695147
vt 0.500000 0.687500
vt 0.451716 0.695147
vt 0.408159 0.717341
vt 0.373591 0.751909
vt 0.351397 0.795466
vt 0.343750 0.843750
vt 0.351397 0.892034
vt 0.373591 0.935591
vt 0.408159 0.970159
vt 0.451716 0.992353
vt 0.500000 1.000000
vt 0.548284 0.992353
vt 0.591841 0.970159
vt 0.626409 0.935591
vt 0.648603 0.892034
vt 0.656250 0.843750
vt 0.500000 0.156250
vt 0.500000 0.843750
vn 0.951057 0.000000 -0.309016
vn 0.809017 0.000000 -0.587785
vn 0.809017 0.000000 -0.587785
vn 0.951057 0.000000 -0.309016
vn 0.587785 0.000000 -0.809017
vn 0.587785 0.000000 -0.809017
vn 0.309017 0.000000 -0.951057
vn 0.309017 0.000000 -0.951057
vn -0.000000 0.000000 -1.000000
vn -0.000000 0.000000 -1.000000
vn -0.309017 0.000000 -0.951056
vn -0.309017 0.000000 -0.951056
vn -0.587785 0.000000 -0.809017
vn -0.587785 0.000000 -0.809017
vn -0.809017 0.000000 -0.587785
vn -0.809017 0.000000 -0.587785
vn -0.951057 0.000000 -0.309017
vn -0.951057 0.000000 -0.309017
vn -1.000000 0.000000 0.000000
vn -1.000000 0.000000 0.000000
vn -0.951057 0.000000 0.309017
vn -0.951057 0.000000 0.309017
vn -0.809017 0.000000 0.587785
vn -0.809017 0.000000 0.587785
vn -0.587785 0.000000 0.809017
vn -0.587785 0.000000 0.809017
vn -0.309017 0.000000 0.951056
vn -0.309017 0.000000 0.951056
vn -0.000000 0.000000 1.000000
vn -0.000000 0.000000 1.000000
vn 0.309017 0.000000 0.951056
vn 0.309017 0.000000 0.951056
vn 0.587785 0.000000 0.809017
vn 0.587785 0.000000 0.809017
vn 0.809017 0.000000 0.587785
vn 0.809017 0.000000 0.587785
vn 0.951057 0.000000 0.309017
vn 0.951057 0.000000 0.309017
vn 1.000000 0.000000 0.000001
vn 1.000000 0.000000 0.000001
vn 0.000000 -1.000000 -0.000002
vn 0.000000 -1.000000 0.000000
vn 0.000000 -1.000000 -0.000000
vn 0.000000 -1.000000 -0.000002
vn 0.000000 -1.000000 0.000000
vn 0.000000 -1.000000 0.000000
vn 0.000000 -1.000000 0.000000
vn 0.000000 -1.000000 0.000002
vn 0.000000 -1.000000 0.000002
vn 0.000000 -1.000000 0.000000
vn 0.000000 -1.000000 0.000000
vn 0.000000 -1.000000 0.000000
vn 0.000000 -1.000000 -0.000002
vn 0.000000 -1.000000 -0.000001
vn 0.000000 -1.000000 0.000001
vn 0.000000 -1.000000 -0.000001
vn 0.000000 -1.000000 -0.000001
vn 0.000000 -1.000000 0.000002
vn 0.000000 -1.000000 0.000002
vn 0.000000 -1.000000 0.000000
vn 0.000000 -1.000000 0.000000
vn 0.000000 1.000000 0.000000
vn 0.000000 1.000000 0.000000
vn 0.000000 1.000000 0.000000
vn 0.000000 1.000000 0.000000
vn 0.000000 1.000000 0.000000
vn 0.000000 1.000000 0.000000
vn 0.000000 1.000000 0.000000
vn 0.000000 1.000000 0.000002
vn 0.000000 1.000000 0.000002
vn 0.000000 1.000000 0.000000
vn 0.000000 1.000000 0.000000
vn 0.000000 1.000000 0.000000
vn 0.000000 1.000000 0.000000
vn 0.000000 1.000000 0.000002
vn 0.000000 1.000000 0.000002
vn 0.000000 1.000000 -0.000001
vn 0.000000 1.000000 -0.000001
vn 0.000000 1.000000 0.000000
vn 0.000000 1.000000 0.000000
vn 0.000000 1.000000 0.000000
vn 0.000000 1.000000 0.000000
s 1
g group2 table pCylinder12
usemtl initialShadingGroup
f 1133/1788/3193 1134/1789/3194 1154/1810/3195 1153/1809/3196
f 1134/1789/3194 1135/1790/3197 1155/1811/3198 1154/1810/3195
f 1135/1790/3197 1136/1791/3199 1156/1812/3200 1155/1811/3198
f 1136/1791/3199 1137/1792/3201 1157/1813/3202 1156/1812/3200
f 1137/1792/3201 1138/1793/3203 1158/1814/3204 1157/1813/3202
f 1138/1793/3203 1139/1794/3205 1159/1815/3206 1158/1814/3204
f 1139/1794/3205 1140/1795/3207 1160/1816/3208 1159/1815/3206
f 1140/1795/3207 1141/1796/3209 1161/1817/3210 1160/1816/3208
f 1141/1796/3209 1142/1797/3211 1162/1818/3212 1161/1817/3210
f 1142/1797/3211 1143/1798/3213 1163/1819/3214 1162/1818/3212
f 1143/1798/3213 1144/1799/3215 1164/1820/3216 1163/1819/3214
f 1144/1799/3215 1145/1800/3217 1165/1821/3218 1164/1820/3216
f 1145/1800/3217 1146/1801/3219 1166/1822/3220 1165/1821/3218
f 1146/1801/3219 1147/1802/3221 1167/1823/3222 1166/1822/3220
f 1147/1802/3221 1148/1803/3223 1168/1824/3224 1167/1823/3222
f 1148/1803/3223 1149/1804/3225 1169/1825/3226 1168/1824/3224
f 1149/1804/3225 1150/1805/3227 1170/1826/3228 1169/1825/3226
f 1150/1805/3227 1151/1806/3229 1171/1827/3230 1170/1826/3228
f 1151/1806/3229 1152/1807/3231 1172/1828/3232 1171/1827/3230
f 1152/1807/3231 1133/1808/3193 1153/1829/3196 1172/1828/3232
s 2
f 1134/1769/3233 1133/1768/3234 1173/1850/3235
f 1135/1770/3236 1134/1769/3233 1173/1850/3235
f 1136/1771/3237 1135/1770/3236 1173/1850/3235
f 1137/1772/3238 1136/1771/3237 1173/1850/3235
f 1138/1773/3239 1137/1772/3238 1173/1850/3235
f 1139/1774/3240 1138/1773/3239 1173/1850/3235
f 1140/1775/3241 1139/1774/3240 1173/1850/3235
f 1141/1776/3242 1140/1775/3241 1173/1850/3235
f 1142/1777/3243 1141/1776/3242 1173/1850/3235
f 1143/1778/3244 1142/1777/3243 1173/1850/3235
f 1144/1779/3245 1143/1778/3244 1173/1850/3235
f 1145/1780/3246 1144/1779/3245 1173/1850/3235
f 1146/1781/3247 1145/1780/3246 1173/1850/3235
f 1147/1782/3248 1146/1781/3247 1173/1850/3235
f 1148/1783/3249 1147/1782/3248 1173/1850/3235
f 1149/1784/3250 1148/1783/3249 1173/1850/3235
f 1150/1785/3251 1149/1784/3250 1173/1850/3235
f 1151/1786/3252 1150/1785/3251 1173/1850/3235
f 1152/1787/3253 1151/1786/3252 1173/1850/3235
f 1133/1768/3234 1152/1787/3253 1173/1850/3235
s 3
f 1153/1848/3254 1154/1847/3255 1174/1851/3256
f 1154/1847/3255 1155/1846/3257 1174/1851/3256
f 1155/1846/3257 1156/1845/3258 1174/1851/3256
f 1156/1845/3258 1157/1844/3259 1174/1851/3256
f 1157/1844/3259 1158/1843/3260 1174/1851/3256
f 1158/1843/3260 1159/1842/3261 1174/1851/3256
f 1159/1842/3261 1160/1841/3262 1174/1851/3256
f 1160/1841/3262 1161/1840/3263 1174/1851/3256
f 1161/1840/3263 1162/1839/3264 1174/1851/3256
f 1162/1839/3264 1163/1838/3265 1174/1851/3256
f 1163/1838/3265 1164/1837/3266 1174/1851/3256
f 1164/1837/3266 1165/1836/3267 1174/1851/3256
f 1165/1836/3267 1166/1835/3268 1174/1851/3256
f 1166/1835/3268 1167/1834/3269 1174/1851/3256
f 1167/1834/3269 1168/1833/3270 1174/1851/3256
f 1168/1833/3270 1169/1832/3271 1174/1851/3256
f 1169/1832/3271 1170/1831/3272 1174/1851/3256
f 1170/1831/3272 1171/1830/3273 1174/1851/3256
f 1171/1830/3273 1172/1849/3274 1174/1851/3256
f 1172/1849/3274 1153/1848/3254 1174/1851/3256
g default
v -330.857994 0.000003 534.362469
v -331.428188 0.000003 533.243399
v -332.316287 0.000003 532.355301
v -333.435357 0.000003 531.785106
v -334.675855 0.000003 531.588631
v -335.916352 0.000003 531.785107
v -337.035422 0.000003 532.355301
v -337.923520 0.000003 533.243400
v -338.493714 0.000003 534.362469
v -338.690189 0.000003 535.602967
v -338.493714 0.000003 536.843464
v -337.923519 0.000003 537.962533
v -337.035421 0.000003 538.850631
v -335.916352 0.000003 539.420825
v -334.675855 0.000003 539.617301
v -333.435357 0.000003 539.420825
v -332.316288 0.000003 538.850631
v -331.428190 0.000003 537.962533
v -330.857996 0.000003 536.843464
v -330.661521 0.000003 535.602967
v -330.857994 118.206440 534.362469
v -331.428188 118.206440 533.243399
v -332.316287 118.206440 532.355301
v -333.435357 118.206440 531.785106
v -334.675855 118.206440 531.588631
v -335.916352 118.206440 531.785107
v -337.035422 118.206440 532.355301
v -337.923520 118.206440 533.243400
v -338.493714 118.206440 534.362469
v -338.690189 118.206440 535.602967
v -338.493714 118.206440 536.843464
v -337.923519 118.206440 537.962533
v -337.035421 118.206440 538.850631
v -335.916352 118.206440 539.420825
v -334.675855 118.206440 539.617301
v -333.435357 118.206440 539.420825
v -332.316288 118.206440 538.850631
v -331.428190 118.206440 537.962533
v -330.857996 118.206440 536.843464
v -330.661521 118.206440 535.602967
v -334.675855 0.000003 535.602967
v -334.675855 118.206440 535.602967
vt 0.648603 0.107966
vt 0.626409 0.064408
vt 0.591842 0.029841
vt 0.548284 0.007647
vt 0.500000 -0.000000
vt 0.451716 0.007647
vt 0.408159 0.029841
vt 0.373591 0.064409
vt 0.351397 0.107966
vt 0.343750 0.156250
vt 0.351397 0.204534
vt 0.373591 0.248091
vt 0.408159 0.282659
vt 0.451716 0.304853
vt 0.500000 0.312500
vt 0.548284 0.304853
vt 0.591841 0.282659
vt 0.626409 0.248091
vt 0.648603 0.204534
vt 0.656250 0.156250
vt 0.375000 0.312500
vt 0.387500 0.312500
vt 0.400000 0.312500
vt 0.412500 0.312500
vt 0.425000 0.312500
vt 0.437500 0.312500
vt 0.450000 0.312500
vt 0.462500 0.312500
vt 0.475000 0.312500
vt 0.487500 0.312500
vt 0.500000 0.312500
vt 0.512500 0.312500
vt 0.525000 0.312500
vt 0.537500 0.312500
vt 0.550000 0.312500
vt 0.562500 0.312500
vt 0.575000 0.312500
vt 0.587500 0.312500
vt 0.600000 0.312500
vt 0.612500 0.312500
vt 0.625000 0.312500
vt 0.375000 0.687500
vt 0.387500 0.687500
vt 0.400000 0.687500
vt 0.412500 0.687500
vt 0.425000 0.687500
vt 0.437500 0.687500
vt 0.450000 0.687500
vt 0.462500 0.687500
vt 0.475000 0.687500
vt 0.487500 0.687500
vt 0.500000 0.687500
vt 0.512500 0.687500
vt 0.525000 0.687500
vt 0.537500 0.687500
vt 0.550000 0.687500
vt 0.562500 0.687500
vt 0.575000 0.687500
vt 0.587500 0.687500
vt 0.600000 0.687500
vt 0.612500 0.687500
vt 0.625000 0.687500
vt 0.648603 0.795466
vt 0.626409 0.751908
vt 0.591842 0.717341
vt 0.548284 0.695147
vt 0.500000 0.687500
vt 0.451716 0.695147
vt 0.408159 0.717341
vt 0.373591 0.751909
vt 0.351397 0.795466
vt 0.343750 0.843750
vt 0.351397 0.892034
vt 0.373591 0.935591
vt 0.408159 0.970159
vt 0.451716 0.992353
vt 0.500000 1.000000
vt 0.548284 0.992353
vt 0.591841 0.970159
vt 0.626409 0.935591
vt 0.648603 0.892034
vt 0.656250 0.843750
vt 0.500000 0.156250
vt 0.500000 0.843750
vn 0.951057 0.000000 -0.309016
vn 0.809017 0.000000 -0.587785
vn 0.809017 0.000000 -0.587785
vn 0.951057 0.000000 -0.309016
vn 0.587785 0.000000 -0.809017
vn 0.587785 0.000000 -0.809017
vn 0.309017 0.000000 -0.951057
vn 0.309017 0.000000 -0.951057
vn -0.000000 0.000000 -1.000000
vn -0.000000 0.000000 -1.000000
vn -0.309017 0.000000 -0.951056
vn -0.309017 0.000000 -0.951056
vn -0.587785 0.000000 -0.809017
vn -0.587785 0.000000 -0.809017
vn -0.809017 0.000000 -0.587785
vn -0.809017 0.000000 -0.587785
vn -0.951057 0.000000 -0.309017
vn -0.951057 0.000000 -0.309017
vn -1.000000 0.000000 0.000000
vn -1.000000 0.000000 0.000000
vn -0.951057 0.000000 0.309017
vn -0.951057 0.000000 0.309017
vn -0.809017 0.000000 0.587785
vn -0.809017 0.000000 0.587785
vn -0.587785 0.000000 0.809017
vn -0.587785 0.000000 0.809017
vn -0.309017 0.000000 0.951056
vn -0.309017 0.000000 0.951056
vn -0.000000 0.000000 1.000000
vn -0.000000 0.000000 1.000000
vn 0.309017 0.000000 0.951056
vn 0.309017 0.000000 0.951056
vn 0.587785 0.000000 0.809017
vn 0.587785 0.000000 0.809017
vn 0.809017 0.000000 0.587785
vn 0.809017 0.000000 0.587785
vn 0.951057 0.000000 0.309017
vn 0.951057 0.000000 0.309017
vn 1.000000 0.000000 0.000001
vn 1.000000 0.000000 0.000001
vn 0.000000 -1.000000 -0.000002
vn 0.000000 -1.000000 0.000000
vn 0.000000 -1.000000 -0.000000
vn 0.000000 -1.000000 -0.000002
vn 0.000000 -1.000000 0.000000
vn 0.000000 -1.000000 0.000000
vn 0.000000 -1.000000 0.000000
vn 0.000000 -1.000000 0.000002
vn 0.000000 -1.000000 0.000002
vn 0.000000 -1.000000 0.000000
vn 0.000000 -1.000000 0.000000
vn 0.000000 -1.000000 0.000000
vn 0.000000 -1.000000 -0.000002
vn 0.000000 -1.000000 -0.000001
vn 0.000000 -1.000000 0.000001
vn 0.000000 -1.000000 -0.000001
vn 0.000000 -1.000000 -0.000001
vn 0.000000 -1.000000 0.000002
vn 0.000000 -1.000000 0.000002
vn 0.000000 -1.000000 0.000000
vn 0.000000 -1.000000 0.000000
vn 0.000000 1.000000 0.000000
vn 0.000000 1.000000 0.000000
vn 0.000000 1.000000 0.000000
vn 0.000000 1.000000 0.000000
vn 0.000000 1.000000 0.000000
vn 0.000000 1.000000 0.000000
vn 0.000000 1.000000 0.000000
vn 0.000000 1.000000 0.000002
vn 0.000000 1.000000 0.000002
vn 0.000000 1.000000 0.000000
vn 0.000000 1.000000 0.000000
vn 0.000000 1.000000 0.000000
vn 0.000000 1.000000 0.000000
vn 0.000000 1.000000 0.000002
vn 0.000000 1.000000 0.000002
vn 0.000000 1.000000 -0.000001
vn 0.000000 1.000000 -0.000001
vn 0.000000 1.000000 0.000000
vn 0.000000 1.000000 0.000000
vn 0.000000 1.000000 0.000000
vn 0.000000 1.000000 0.000000
s 1
g group2 table pCylinder11
usemtl initialShadingGroup
f 1175/1872/3275 1176/1873/3276 1196/1894/3277 1195/1893/3278
f 1176/1873/3276 1177/1874/3279 1197/1895/3280 1196/1894/3277
f 1177/1874/3279 1178/1875/3281 1198/1896/3282 1197/1895/3280
f 1178/1875/3281 1179/1876/3283 1199/1897/3284 1198/1896/3282
f 1179/1876/3283 1180/1877/3285 1200/1898/3286 1199/1897/3284
f 1180/1877/3285 1181/1878/3287 1201/1899/3288 1200/1898/3286
f 1181/1878/3287 1182/1879/3289 1202/1900/3290 1201/1899/3288
f 1182/1879/3289 1183/1880/3291 1203/1901/3292 1202/1900/3290
f 1183/1880/3291 1184/1881/3293 1204/1902/3294 1203/1901/3292
f 1184/1881/3293 1185/1882/3295 1205/1903/3296 1204/1902/3294
f 1185/1882/3295 1186/1883/3297 1206/1904/3298 1205/1903/3296
f 1186/1883/3297 1187/1884/3299 1207/1905/3300 1206/1904/3298
f 1187/1884/3299 1188/1885/3301 1208/1906/3302 1207/1905/3300
f 1188/1885/3301 1189/1886/3303 1209/1907/3304 1208/1906/3302
f 1189/1886/3303 1190/1887/3305 1210/1908/3306 1209/1907/3304
f 1190/1887/3305 1191/1888/3307 1211/1909/3308 1210/1908/3306
f 1191/1888/3307 1192/1889/3309 1212/1910/3310 1211/1909/3308
f 1192/1889/3309 1193/1890/3311 1213/1911/3312 1212/1910/3310
f 1193/1890/3311 1194/1891/3313 1214/1912/3314 1213/1911/3312
f 1194/1891/3313 1175/1892/3275 1195/1913/3278 1214/1912/3314
s 2
f 1176/1853/3315 1175/1852/3316 1215/1934/3317
f 1177/1854/3318 1176/1853/3315 1215/1934/3317
f 1178/1855/3319 1177/1854/3318 1215/1934/3317
f 1179/1856/3320 1178/1855/3319 1215/1934/3317
f 1180/1857/3321 1179/1856/3320 1215/1934/3317
f 1181/1858/3322 1180/1857/3321 1215/1934/3317
f 1182/1859/3323 1181/1858/3322 1215/1934/3317
f 1183/1860/3324 1182/1859/3323 1215/1934/3317
f 1184/1861/3325 1183/1860/3324 1215/1934/3317
f 1185/1862/3326 1184/1861/3325 1215/1934/3317
f 1186/1863/3327 1185/1862/3326 1215/1934/3317
f 1187/1864/3328 1186/1863/3327 1215/1934/3317
f 1188/1865/3329 1187/1864/3328 1215/1934/3317
f 1189/1866/3330 1188/1865/3329 1215/1934/3317
f 1190/1867/3331 1189/1866/3330 1215/1934/3317
f 1191/1868/3332 1190/1867/3331 1215/1934/3317
f 1192/1869/3333 1191/1868/3332 1215/1934/3317
f 1193/1870/3334 1192/1869/3333 1215/1934/3317
f 1194/1871/3335 1193/1870/3334 1215/1934/3317
f 1175/1852/3316 1194/1871/3335 1215/1934/3317
s 3
f 1195/1932/3336 1196/1931/3337 1216/1935/3338
f 1196/1931/3337 1197/1930/3339 1216/1935/3338
f 1197/1930/3339 1198/1929/3340 1216/1935/3338
f 1198/1929/3340 1199/1928/3341 1216/1935/3338
f 1199/1928/3341 1200/1927/3342 1216/1935/3338
f 1200/1927/3342 1201/1926/3343 1216/1935/3338
f 1201/1926/3343 1202/1925/3344 1216/1935/3338
f 1202/1925/3344 1203/1924/3345 1216/1935/3338
f 1203/1924/3345 1204/1923/3346 1216/1935/3338
f 1204/1923/3346 1205/1922/3347 1216/1935/3338
f 1205/1922/3347 1206/1921/3348 1216/1935/3338
f 1206/1921/3348 1207/1920/3349 1216/1935/3338
f 1207/1920/3349 1208/1919/3350 1216/1935/3338
f 1208/1919/3350 1209/1918/3351 1216/1935/3338
f 1209/1918/3351 1210/1917/3352 1216/1935/3338
f 1210/1917/3352 1211/1916/3353 1216/1935/3338
f 1211/1916/3353 1212/1915/3354 1216/1935/3338
f 1212/1915/3354 1213/1914/3355 1216/1935/3338
f 1213/1914/3355 1214/1933/3356 1216/1935/3338
f 1214/1933/3356 1195/1932/3336 1216/1935/3338
g default
v -156.667386 0.000003 534.362469
v -157.237580 0.000003 533.243399
v -158.125679 0.000003 532.355301
v -159.244749 0.000003 531.785106
v -160.485247 0.000003 531.588631
v -161.725744 0.000003 531.785107
v -162.844814 0.000003 532.355301
v -163.732912 0.000003 533.243400
v -164.303106 0.000003 534.362469
v -164.499581 0.000003 535.602967
v -164.303106 0.000003 536.843464
v -163.732911 0.000003 537.962533
v -162.844813 0.000003 538.850631
v -161.725744 0.000003 539.420825
v -160.485247 0.000003 539.617301
v -159.244749 0.000003 539.420825
v -158.125680 0.000003 538.850631
v -157.237582 0.000003 537.962533
v -156.667388 0.000003 536.843464
v -156.470913 0.000003 535.602967
v -156.667386 115.624784 534.362469
v -157.237580 115.624784 533.243399
v -158.125679 115.624784 532.355301
v -159.244749 115.624784 531.785106
v -160.485247 115.624784 531.588631
v -161.725744 115.624784 531.785107
v -162.844814 115.624784 532.355301
v -163.732912 115.624784 533.243400
v -164.303106 115.624784 534.362469
v -164.499581 115.624784 535.602967
v -164.303106 115.624784 536.843464
v -163.732911 115.624784 537.962533
v -162.844813 115.624784 538.850631
v -161.725744 115.624784 539.420825
v -160.485247 115.624784 539.617301
v -159.244749 115.624784 539.420825
v -158.125680 115.624784 538.850631
v -157.237582 115.624784 537.962533
v -156.667388 115.624784 536.843464
v -156.470913 115.624784 535.602967
v -160.485247 0.000003 535.602967
v -160.485247 115.624784 535.602967
vt 0.648603 0.107966
vt 0.626409 0.064408
vt 0.591842 0.029841
vt 0.548284 0.007647
vt 0.500000 -0.000000
vt 0.451716 0.007647
vt 0.408159 0.029841
vt 0.373591 0.064409
vt 0.351397 0.107966
vt 0.343750 0.156250
vt 0.351397 0.204534
vt 0.373591 0.248091
vt 0.408159 0.282659
vt 0.451716 0.304853
vt 0.500000 0.312500
vt 0.548284 0.304853
vt 0.591841 0.282659
vt 0.626409 0.248091
vt 0.648603 0.204534
vt 0.656250 0.156250
vt 0.375000 0.312500
vt 0.387500 0.312500
vt 0.400000 0.312500
vt 0.412500 0.312500
vt 0.425000 0.312500
vt 0.437500 0.312500
vt 0.450000 0.312500
vt 0.462500 0.312500
vt 0.475000 0.312500
vt 0.487500 0.312500
vt 0.500000 0.312500
vt 0.512500 0.312500
vt 0.525000 0.312500
vt 0.537500 0.312500
vt 0.550000 0.312500
vt 0.562500 0.312500
vt 0.575000 0.312500
vt 0.587500 0.312500
vt 0.600000 0.312500
vt 0.612500 0.312500
vt 0.625000 0.312500
vt 0.375000 0.687500
vt 0.387500 0.687500
vt 0.400000 0.687500
vt 0.412500 0.687500
vt 0.425000 0.687500
vt 0.437500 0.687500
vt 0.450000 0.687500
vt 0.462500 0.687500
vt 0.475000 0.687500
vt 0.487500 0.687500
vt 0.500000 0.687500
vt 0.512500 0.687500
vt 0.525000 0.687500
vt 0.537500 0.687500
vt 0.550000 0.687500
vt 0.562500 0.687500
vt 0.575000 0.687500
vt 0.587500 0.687500
vt 0.600000 0.687500
vt 0.612500 0.687500
vt 0.625000 0.687500
vt 0.648603 0.795466
vt 0.626409 0.751908
vt 0.591842 0.717341
vt 0.548284 0.695147
vt 0.500000 0.687500
vt 0.451716 0.695147
vt 0.408159 0.717341
vt 0.373591 0.751909
vt 0.351397 0.795466
vt 0.343750 0.843750
vt 0.351397 0.892034
vt 0.373591 0.935591
vt 0.408159 0.970159
vt 0.451716 0.992353
vt 0.500000 1.000000
vt 0.548284 0.992353
vt 0.591841 0.970159
vt 0.626409 0.935591
vt 0.648603 0.892034
vt 0.656250 0.843750
vt 0.500000 0.156250
vt 0.500000 0.843750
vn 0.951057 0.000000 -0.309016
vn 0.809017 0.000000 -0.587785
vn 0.809017 0.000000 -0.587785
vn 0.951057 0.000000 -0.309016
vn 0.587785 0.000000 -0.809017
vn 0.587785 0.000000 -0.809017
vn 0.309017 0.000000 -0.951057
vn 0.309017 0.000000 -0.951057
vn -0.000000 0.000000 -1.000000
vn -0.000000 0.000000 -1.000000
vn -0.309017 0.000000 -0.951056
vn -0.309017 0.000000 -0.951056
vn -0.587785 0.000000 -0.809017
vn -0.587785 0.000000 -0.809017
vn -0.809017 0.000000 -0.587785
vn -0.809017 0.000000 -0.587785
vn -0.951057 0.000000 -0.309017
vn -0.951057 0.000000 -0.309017
vn -1.000000 0.000000 0.000000
vn -1.000000 0.000000 0.000000
vn -0.951057 0.000000 0.309017
vn -0.951057 0.000000 0.309017
vn -0.809017 0.000000 0.587785
vn -0.809017 0.000000 0.587785
vn -0.587785 0.000000 0.809017
vn -0.587785 0.000000 0.809017
vn -0.309017 0.000000 0.951056
vn -0.309017 0.000000 0.951056
vn -0.000000 0.000000 1.000000
vn -0.000000 0.000000 1.000000
vn 0.309017 0.000000 0.951056
vn 0.309017 0.000000 0.951056
vn 0.587785 0.000000 0.809017
vn 0.587785 0.000000 0.809017
vn 0.809017 0.000000 0.587785
vn 0.809017 0.000000 0.587785
vn 0.951057 0.000000 0.309017
vn 0.951057 0.000000 0.309017
vn 1.000000 0.000000 0.000001
vn 1.000000 0.000000 0.000001
vn 0.000000 -1.000000 -0.000002
vn 0.000000 -1.000000 0.000000
vn 0.000000 -1.000000 -0.000000
vn 0.000000 -1.000000 -0.000002
vn 0.000000 -1.000000 0.000000
vn 0.000000 -1.000000 0.000000
vn 0.000000 -1.000000 0.000000
vn 0.000000 -1.000000 0.000002
vn 0.000000 -1.000000 0.000002
vn 0.000000 -1.000000 0.000000
vn 0.000000 -1.000000 0.000000
vn 0.000000 -1.000000 0.000000
vn 0.000000 -1.000000 -0.000002
vn 0.000000 -1.000000 -0.000001
vn 0.000000 -1.000000 0.000001
vn 0.000000 -1.000000 -0.000001
vn 0.000000 -1.000000 -0.000001
vn 0.000000 -1.000000 0.000002
vn 0.000000 -1.000000 0.000002
vn 0.000000 -1.000000 0.000000
vn 0.000000 -1.000000 0.000000
vn 0.000000 1.000000 0.000000
vn 0.000000 1.000000 0.000000
vn 0.000000 1.000000 0.000000
vn 0.000000 1.000000 0.000000
vn 0.000000 1.000000 0.000000
vn 0.000000 1.000000 0.000000
vn 0.000000 1.000000 0.000000
vn 0.000000 1.000000 0.000002
vn 0.000000 1.000000 0.000002
vn 0.000000 1.000000 0.000000
vn 0.000000 1.000000 0.000000
vn 0.000000 1.000000 0.000000
vn 0.000000 1.000000 0.000000
vn 0.000000 1.000000 0.000002
vn 0.000000 1.000000 0.000002
vn 0.000000 1.000000 -0.000001
vn 0.000000 1.000000 -0.000001
vn 0.000000 1.000000 0.000000
vn 0.000000 1.000000 0.000000
vn 0.000000 1.000000 0.000000
vn 0.000000 1.000000 0.000000
s 1
g group2 table pCylinder9
usemtl initialShadingGroup
f 1217/1956/3357 1218/1957/3358 1238/1978/3359 1237/1977/3360
f 1218/1957/3358 1219/1958/3361 1239/1979/3362 1238/1978/3359
f 1219/1958/3361 1220/1959/3363 1240/1980/3364 1239/1979/3362
f 1220/1959/3363 1221/1960/3365 1241/1981/3366 1240/1980/3364
f 1221/1960/3365 1222/1961/3367 1242/1982/3368 1241/1981/3366
f 1222/1961/3367 1223/1962/3369 1243/1983/3370 1242/1982/3368
f 1223/1962/3369 1224/1963/3371 1244/1984/3372 1243/1983/3370
f 1224/1963/3371 1225/1964/3373 1245/1985/3374 1244/1984/3372
f 1225/1964/3373 1226/1965/3375 1246/1986/3376 1245/1985/3374
f 1226/1965/3375 1227/1966/3377 1247/1987/3378 1246/1986/3376
f 1227/1966/3377 1228/1967/3379 1248/1988/3380 1247/1987/3378
f 1228/1967/3379 1229/1968/3381 1249/1989/3382 1248/1988/3380
f 1229/1968/3381 1230/1969/3383 1250/1990/3384 1249/1989/3382
f 1230/1969/3383 1231/1970/3385 1251/1991/3386 1250/1990/3384
f 1231/1970/3385 1232/1971/3387 1252/1992/3388 1251/1991/3386
f 1232/1971/3387 1233/1972/3389 1253/1993/3390 1252/1992/3388
f 1233/1972/3389 1234/1973/3391 1254/1994/3392 1253/1993/3390
f 1234/1973/3391 1235/1974/3393 1255/1995/3394 1254/1994/3392
f 1235/1974/3393 1236/1975/3395 1256/1996/3396 1255/1995/3394
f 1236/1975/3395 1217/1976/3357 1237/1997/3360 1256/1996/3396
s 2
f 1218/1937/3397 1217/1936/3398 1257/2018/3399
f 1219/1938/3400 1218/1937/3397 1257/2018/3399
f 1220/1939/3401 1219/1938/3400 1257/2018/3399
f 1221/1940/3402 1220/1939/3401 1257/2018/3399
f 1222/1941/3403 1221/1940/3402 1257/2018/3399
f 1223/1942/3404 1222/1941/3403 1257/2018/3399
f 1224/1943/3405 1223/1942/3404 1257/2018/3399
f 1225/1944/3406 1224/1943/3405 1257/2018/3399
f 1226/1945/3407 1225/1944/3406 1257/2018/3399
f 1227/1946/3408 1226/1945/3407 1257/2018/3399
f 1228/1947/3409 1227/1946/3408 1257/2018/3399
f 1229/1948/3410 1228/1947/3409 1257/2018/3399
f 1230/1949/3411 1229/1948/3410 1257/2018/3399
f 1231/1950/3412 1230/1949/3411 1257/2018/3399
f 1232/1951/3413 1231/1950/3412 1257/2018/3399
f 1233/1952/3414 1232/1951/3413 1257/2018/3399
f 1234/1953/3415 1233/1952/3414 1257/2018/3399
f 1235/1954/3416 1234/1953/3415 1257/2018/3399
f 1236/1955/3417 1235/1954/3416 1257/2018/3399
f 1217/1936/3398 1236/1955/3417 1257/2018/3399
s 3
f 1237/2016/3418 1238/2015/3419 1258/2019/3420
f 1238/2015/3419 1239/2014/3421 1258/2019/3420
f 1239/2014/3421 1240/2013/3422 1258/2019/3420
f 1240/2013/3422 1241/2012/3423 1258/2019/3420
f 1241/2012/3423 1242/2011/3424 1258/2019/3420
f 1242/2011/3424 1243/2010/3425 1258/2019/3420
f 1243/2010/3425 1244/2009/3426 1258/2019/3420
f 1244/2009/3426 1245/2008/3427 1258/2019/3420
f 1245/2008/3427 1246/2007/3428 1258/2019/3420
f 1246/2007/3428 1247/2006/3429 1258/2019/3420
f 1247/2006/3429 1248/2005/3430 1258/2019/3420
f 1248/2005/3430 1249/2004/3431 1258/2019/3420
f 1249/2004/3431 1250/2003/3432 1258/2019/3420
f 1250/2003/3432 1251/2002/3433 1258/2019/3420
f 1251/2002/3433 1252/2001/3434 1258/2019/3420
f 1252/2001/3434 1253/2000/3435 1258/2019/3420
f 1253/2000/3435 1254/1999/3436 1258/2019/3420
f 1254/1999/3436 1255/1998/3437 1258/2019/3420
f 1255/1998/3437 1256/2017/3438 1258/2019/3420
f 1256/2017/3438 1237/2016/3418 1258/2019/3420
g default
v 246.146349 -0.000000 586.091870
v 245.533699 -0.000000 584.889477
v 244.579474 -0.000000 583.935252
v 243.377080 -0.000000 583.322602
v 242.044217 -0.000000 583.111498
v 240.711354 -0.000000 583.322602
v 239.508962 -0.000000 583.935252
v 238.554737 -0.000000 584.889477
v 237.942088 -0.000000 586.091870
v 237.730983 -0.000000 587.424733
v 237.942088 -0.000000 588.757596
v 238.554738 -0.000000 589.959988
v 239.508962 -0.000000 590.914212
v 240.711355 -0.000000 591.526862
v 242.044217 -0.000000 591.737967
v 243.377080 -0.000000 591.526862
v 244.579472 -0.000000 590.914212
v 245.533696 -0.000000 589.959988
v 246.146346 -0.000000 588.757595
v 246.357451 -0.000000 587.424733
v 246.146349 30.353047 586.091870
v 245.533699 30.353047 584.889477
v 244.579474 30.353047 583.935252
v 243.377080 30.353047 583.322602
v 242.044217 30.353047 583.111498
v 240.711354 30.353047 583.322602
v 239.508962 30.353047 583.935252
v 238.554737 30.353047 584.889477
v 237.942088 30.353047 586.091870
v 237.730983 30.353047 587.424733
v 237.942088 30.353047 588.757596
v 238.554738 30.353047 589.959988
v 239.508962 30.353047 590.914212
v 240.711355 30.353047 591.526862
v 242.044217 30.353047 591.737967
v 243.377080 30.353047 591.526862
v 244.579472 30.353047 590.914212
v 245.533696 30.353047 589.959988
v 246.146346 30.353047 588.757595
v 246.357451 30.353047 587.424733
v 242.044217 -0.000000 587.424733
v 242.044217 30.353047 587.424733
vt 0.648603 0.107966
vt 0.626409 0.064408
vt 0.591842 0.029841
vt 0.548284 0.007647
vt 0.500000 -0.000000
vt 0.451716 0.007647
vt 0.408159 0.029841
vt 0.373591 0.064409
vt 0.351397 0.107966
vt 0.343750 0.156250
vt 0.351397 0.204534
vt 0.373591 0.248091
vt 0.408159 0.282659
vt 0.451716 0.304853
vt 0.500000 0.312500
vt 0.548284 0.304853
vt 0.591841 0.282659
vt 0.626409 0.248091
vt 0.648603 0.204534
vt 0.656250 0.156250
vt 0.375000 0.312500
vt 0.387500 0.312500
vt 0.400000 0.312500
vt 0.412500 0.312500
vt 0.425000 0.312500
vt 0.437500 0.312500
vt 0.450000 0.312500
vt 0.462500 0.312500
vt 0.475000 0.312500
vt 0.487500 0.312500
vt 0.500000 0.312500
vt 0.512500 0.312500
vt 0.525000 0.312500
vt 0.537500 0.312500
vt 0.550000 0.312500
vt 0.562500 0.312500
vt 0.575000 0.312500
vt 0.587500 0.312500
vt 0.600000 0.312500
vt 0.612500 0.312500
vt 0.625000 0.312500
vt 0.375000 0.687500
vt 0.387500 0.687500
vt 0.400000 0.687500
vt 0.412500 0.687500
vt 0.425000 0.687500
vt 0.437500 0.687500
vt 0.450000 0.687500
vt 0.462500 0.687500
vt 0.475000 0.687500
vt 0.487500 0.687500
vt 0.500000 0.687500
vt 0.512500 0.687500
vt 0.525000 0.687500
vt 0.537500 0.687500
vt 0.550000 0.687500
vt 0.562500 0.687500
vt 0.575000 0.687500
vt 0.587500 0.687500
vt 0.600000 0.687500
vt 0.612500 0.687500
vt 0.625000 0.687500
vt 0.648603 0.795466
vt 0.626409 0.751908
vt 0.591842 0.717341
vt 0.548284 0.695147
vt 0.500000 0.687500
vt 0.451716 0.695147
vt 0.408159 0.717341
vt 0.373591 0.751909
vt 0.351397 0.795466
vt 0.343750 0.843750
vt 0.351397 0.892034
vt 0.373591 0.935591
vt 0.408159 0.970159
vt 0.451716 0.992353
vt 0.500000 1.000000
vt 0.548284 0.992353
vt 0.591841 0.970159
vt 0.626409 0.935591
vt 0.648603 0.892034
vt 0.656250 0.843750
vt 0.500000 0.156250
vt 0.500000 0.843750
vn 0.951057 0.000000 -0.309016
vn 0.809017 0.000000 -0.587785
vn 0.809017 0.000000 -0.587785
vn 0.951057 0.000000 -0.309016
vn 0.587785 0.000000 -0.809017
vn 0.587785 0.000000 -0.809017
vn 0.309017 0.000000 -0.951057
vn 0.309017 0.000000 -0.951057
vn -0.000000 0.000000 -1.000000
vn -0.000000 0.000000 -1.000000
vn -0.309017 0.000000 -0.951056
vn -0.309017 0.000000 -0.951056
vn -0.587785 0.000000 -0.809017
vn -0.587785 0.000000 -0.809017
vn -0.809017 0.000000 -0.587785
vn -0.809017 0.000000 -0.587785
vn -0.951057 0.000000 -0.309017
vn -0.951057 0.000000 -0.309017
vn -1.000000 0.000000 0.000000
vn -1.000000 0.000000 0.000000
vn -0.951057 0.000000 0.309017
vn -0.951057 0.000000 0.309017
vn -0.809017 0.000000 0.587785
vn -0.809017 0.000000 0.587785
vn -0.587785 0.000000 0.809017
vn -0.587785 0.000000 0.809017
vn -0.309017 0.000000 0.951056
vn -0.309017 0.000000 0.951056
vn -0.000000 0.000000 1.000000
vn -0.000000 0.000000 1.000000
vn 0.309017 0.000000 0.951056
vn 0.309017 0.000000 0.951056
vn 0.587785 0.000000 0.809017
vn 0.587785 0.000000 0.809017
vn 0.809017 0.000000 0.587785
vn 0.809017 0.000000 0.587785
vn 0.951057 0.000000 0.309017
vn 0.951057 0.000000 0.309017
vn 1.000000 0.000000 0.000001
vn 1.000000 0.000000 0.000001
vn 0.000000 -1.000000 -0.000001
vn 0.000000 -1.000000 0.000000
vn 0.000000 -1.000000 -0.000000
vn 0.000000 -1.000000 -0.000001
vn 0.000000 -1.000000 0.000000
vn 0.000000 -1.000000 0.000000
vn 0.000000 -1.000000 0.000000
vn 0.000000 -1.000000 0.000001
vn 0.000000 -1.000000 0.000001
vn 0.000000 -1.000000 0.000000
vn 0.000000 -1.000000 0.000000
vn 0.000000 -1.000000 0.000000
vn 0.000000 -1.000000 -0.000001
vn 0.000000 -1.000000 -0.000000
vn 0.000000 -1.000000 0.000000
vn 0.000000 -1.000000 -0.000000
vn 0.000000 -1.000000 -0.000000
vn 0.000000 -1.000000 0.000001
vn 0.000000 -1.000000 0.000001
vn 0.000000 -1.000000 0.000000
vn 0.000000 -1.000000 0.000000
vn 0.000000 1.000000 0.000000
vn 0.000000 1.000000 0.000000
vn 0.000000 1.000000 0.000000
vn 0.000000 1.000000 0.000000
vn 0.000000 1.000000 0.000000
vn 0.000000 1.000000 0.000000
vn 0.000000 1.000000 0.000000
vn 0.000000 1.000000 0.000001
vn 0.000000 1.000000 0.000001
vn 0.000000 1.000000 0.000000
vn 0.000000 1.000000 0.000000
vn 0.000000 1.000000 0.000000
vn 0.000000 1.000000 0.000000
vn 0.000000 1.000000 0.000001
vn 0.000000 1.000000 0.000001
vn 0.000000 1.000000 -0.000000
vn 0.000000 1.000000 -0.000000
vn 0.000000 1.000000 0.000000
vn 0.000000 1.000000 0.000000
vn 0.000000 1.000000 0.000000
vn 0.000000 1.000000 0.000000
s 1
g pCylinder5 group3 stove
usemtl initialShadingGroup
f 1259/2040/3439 1260/2041/3440 1280/2062/3441 1279/2061/3442
f 1260/2041/3440 1261/2042/3443 1281/2063/3444 1280/2062/3441
f 1261/2042/3443 1262/2043/3445 1282/2064/3446 1281/2063/3444
f 1262/2043/3445 1263/2044/3447 1283/2065/3448 1282/2064/3446
f 1263/2044/3447 1264/2045/3449 1284/2066/3450 1283/2065/3448
f 1264/2045/3449 1265/2046/3451 1285/2067/3452 1284/2066/3450
f 1265/2046/3451 1266/2047/3453 1286/2068/3454 1285/2067/3452
f 1266/2047/3453 1267/2048/3455 1287/2069/3456 1286/2068/3454
f 1267/2048/3455 1268/2049/3457 1288/2070/3458 1287/2069/3456
f 1268/2049/3457 1269/2050/3459 1289/2071/3460 1288/2070/3458
f 1269/2050/3459 1270/2051/3461 1290/2072/3462 1289/2071/3460
f 1270/2051/3461 1271/2052/3463 1291/2073/3464 1290/2072/3462
f 1271/2052/3463 1272/2053/3465 1292/2074/3466 1291/2073/3464
f 1272/2053/3465 1273/2054/3467 1293/2075/3468 1292/2074/3466
f 1273/2054/3467 1274/2055/3469 1294/2076/3470 1293/2075/3468
f 1274/2055/3469 1275/2056/3471 1295/2077/3472 1294/2076/3470
f 1275/2056/3471 1276/2057/3473 1296/2078/3474 1295/2077/3472
f 1276/2057/3473 1277/2058/3475 1297/2079/3476 1296/2078/3474
f 1277/2058/3475 1278/2059/3477 1298/2080/3478 1297/2079/3476
f 1278/2059/3477 1259/2060/3439 1279/2081/3442 1298/2080/3478
s 2
f 1260/2021/3479 1259/2020/3480 1299/2102/3481
f 1261/2022/3482 1260/2021/3479 1299/2102/3481
f 1262/2023/3483 1261/2022/3482 1299/2102/3481
f 1263/2024/3484 1262/2023/3483 1299/2102/3481
f 1264/2025/3485 1263/2024/3484 1299/2102/3481
f 1265/2026/3486 1264/2025/3485 1299/2102/3481
f 1266/2027/3487 1265/2026/3486 1299/2102/3481
f 1267/2028/3488 1266/2027/3487 1299/2102/3481
f 1268/2029/3489 1267/2028/3488 1299/2102/3481
f 1269/2030/3490 1268/2029/3489 1299/2102/3481
f 1270/2031/3491 1269/2030/3490 1299/2102/3481
f 1271/2032/3492 1270/2031/3491 1299/2102/3481
f 1272/2033/3493 1271/2032/3492 1299/2102/3481
f 1273/2034/3494 1272/2033/3493 1299/2102/3481
f 1274/2035/3495 1273/2034/3494 1299/2102/3481
f 1275/2036/3496 1274/2035/3495 1299/2102/3481
f 1276/2037/3497 1275/2036/3496 1299/2102/3481
f 1277/2038/3498 1276/2037/3497 1299/2102/3481
f 1278/2039/3499 1277/2038/3498 1299/2102/3481
f 1259/2020/3480 1278/2039/3499 1299/2102/3481
s 3
f 1279/2100/3500 1280/2099/3501 1300/2103/3502
f 1280/2099/3501 1281/2098/3503 1300/2103/3502
f 1281/2098/3503 1282/2097/3504 1300/2103/3502
f 1282/2097/3504 1283/2096/3505 1300/2103/3502
f 1283/2096/3505 1284/2095/3506 1300/2103/3502
f 1284/2095/3506 1285/2094/3507 1300/2103/3502
f 1285/2094/3507 1286/2093/3508 1300/2103/3502
f 1286/2093/3508 1287/2092/3509 1300/2103/3502
f 1287/2092/3509 1288/2091/3510 1300/2103/3502
f 1288/2091/3510 1289/2090/3511 1300/2103/3502
f 1289/2090/3511 1290/2089/3512 1300/2103/3502
f 1290/2089/3512 1291/2088/3513 1300/2103/3502
f 1291/2088/3513 1292/2087/3514 1300/2103/3502
f 1292/2087/3514 1293/2086/3515 1300/2103/3502
f 1293/2086/3515 1294/2085/3516 1300/2103/3502
f 1294/2085/3516 1295/2084/3517 1300/2103/3502
f 1295/2084/3517 1296/2083/3518 1300/2103/3502
f 1296/2083/3518 1297/2082/3519 1300/2103/3502
f 1297/2082/3519 1298/2101/3520 1300/2103/3502
f 1298/2101/3520 1279/2100/3500 1300/2103/3502
g default
v 231.125624 127.285687 491.270743
v 229.309525 125.469588 491.270743
v 226.828687 124.804849 491.270743
v 224.347849 125.469588 491.270743
v 222.531749 127.285687 491.270743
v 221.867011 129.766525 491.270743
v 222.531749 132.247363 491.270743
v 224.347849 134.063462 491.270743
v 226.828687 134.728201 491.270743
v 229.309525 134.063462 491.270743
v 231.125624 132.247363 491.270743
v 231.790363 129.766525 491.270743
v 231.125624 127.285687 485.819835
v 229.309525 125.469588 485.819835
v 226.828687 124.804849 485.819835
v 224.347849 125.469588 485.819835
v 222.531749 127.285687 485.819835
v 221.867011 129.766525 485.819835
v 222.531749 132.247363 485.819835
v 224.347849 134.063462 485.819835
v 226.828687 134.728201 485.819835
v 229.309525 134.063462 485.819835
v 231.125624 132.247363 485.819835
v 231.790363 129.766525 485.819835
v 226.828687 129.766525 491.270743
v 226.828687 129.766525 485.819835
vt 0.635316 0.078125
vt 0.578125 0.020934
vt 0.500000 0.000000
vt 0.421875 0.020934
vt 0.364684 0.078125
vt 0.343750 0.156250
vt 0.364684 0.234375
vt 0.421875 0.291566
vt 0.500000 0.312500
vt 0.578125 0.291566
vt 0.635316 0.234375
vt 0.656250 0.156250
vt 0.375000 0.312500
vt 0.395833 0.312500
vt 0.416667 0.312500
vt 0.437500 0.312500
vt 0.458333 0.312500
vt 0.479167 0.312500
vt 0.500000 0.312500
vt 0.520833 0.312500
vt 0.541667 0.312500
vt 0.562500 0.312500
vt 0.583333 0.312500
vt 0.604167 0.312500
vt 0.625000 0.312500
vt 0.375000 0.687500
vt 0.395833 0.687500
vt 0.416667 0.687500
vt 0.437500 0.687500
vt 0.458333 0.687500
vt 0.479167 0.687500
vt 0.500000 0.687500
vt 0.520833 0.687500
vt 0.541667 0.687500
vt 0.562500 0.687500
vt 0.583333 0.687500
vt 0.604167 0.687500
vt 0.625000 0.687500
vt 0.635316 0.765625
vt 0.578125 0.708434
vt 0.500000 0.687500
vt 0.421875 0.708434
vt 0.364684 0.765625
vt 0.343750 0.843750
vt 0.364684 0.921875
vt 0.421875 0.979066
vt 0.500000 1.000000
vt 0.578125 0.979066
vt 0.635316 0.921875
vt 0.656250 0.843750
vt 0.500000 0.156250
vt 0.500000 0.843750
vn 0.707107 -0.707107 0.000000
vn 0.707107 -0.707107 0.000000
vn 0.707107 -0.707107 0.000000
vn 0.707107 -0.707107 0.000000
vn 0.258819 -0.965926 0.000000
vn 0.258819 -0.965926 0.000000
vn 0.258819 -0.965926 0.000000
vn 0.258819 -0.965926 0.000000
vn -0.258819 -0.965926 0.000000
vn -0.258819 -0.965926 0.000000
vn -0.258819 -0.965926 0.000000
vn -0.258819 -0.965926 0.000000
vn -0.707107 -0.707107 0.000000
vn -0.707107 -0.707107 0.000000
vn -0.707107 -0.707107 0.000000
vn -0.707107 -0.707107 0.000000
vn -0.965926 -0.258819 0.000000
vn -0.965926 -0.258819 0.000000
vn -0.965926 -0.258819 0.000000
vn -0.965926 -0.258819 0.000000
vn -0.965926 0.258819 -0.000000
vn -0.965926 0.258819 -0.000000
vn -0.965926 0.258819 -0.000000
vn -0.965926 0.258819 -0.000000
vn -0.707107 0.707107 -0.000000
vn -0.707107 0.707107 -0.000000
vn -0.707107 0.707107 -0.000000
vn -0.707107 0.707107 -0.000000
vn -0.258819 0.965926 -0.000000
vn -0.258819 0.965926 -0.000000
vn -0.258819 0.965926 -0.000000
vn -0.258819 0.965926 -0.000000
vn 0.258819 0.965926 -0.000000
vn 0.258819 0.965926 -0.000000
vn 0.258819 0.965926 -0.000000
vn 0.258819 0.965926 -0.000000
vn 0.707107 0.707107 -0.000000
vn 0.707107 0.707107 -0.000000
vn 0.707107 0.707107 -0.000000
vn 0.707107 0.707107 -0.000000
vn 0.965926 0.258819 -0.000000
vn 0.965926 0.258819 -0.000000
vn 0.965926 0.258819 -0.000000
vn 0.965926 0.258819 -0.000000
vn 0.965926 -0.258819 0.000000
vn 0.965926 -0.258819 0.000000
vn 0.965926 -0.258819 0.000000
vn 0.965926 -0.258819 0.000000
vn 0.000000 0.000000 1.000000
vn 0.000000 0.000000 1.000000
vn 0.000000 0.000000 1.000000
vn 0.000000 0.000000 1.000000
vn 0.000000 0.000000 1.000000
vn 0.000000 0.000000 1.000000
vn 0.000000 0.000000 1.000000
vn 0.000000 0.000000 1.000000
vn 0.000000 0.000000 1.000000
vn 0.000000 0.000000 1.000000
vn 0.000000 0.000000 1.000000
vn 0.000000 0.000000 1.000000
vn 0.000000 0.000000 1.000000
vn 0.000000 -0.000000 -1.000000
vn 0.000000 -0.000000 -1.000000
vn 0.000000 -0.000000 -1.000000
vn 0.000000 -0.000000 -1.000000
vn 0.000000 -0.000000 -1.000000
vn 0.000000 -0.000000 -1.000000
vn 0.000000 -0.000000 -1.000000
vn 0.000000 -0.000000 -1.000000
vn 0.000000 -0.000000 -1.000000
vn 0.000000 -0.000000 -1.000000
vn 0.000000 -0.000000 -1.000000
vn 0.000000 -0.000000 -1.000000
vn 0.000000 -0.000000 -1.000000
s off
g group3 stove pCylinder14
usemtl initialShadingGroup
f 1301/2116/3521 1302/2117/3522 1314/2130/3523 1313/2129/3524
f 1302/2117/3525 1303/2118/3526 1315/2131/3527 1314/2130/3528
f 1303/2118/3529 1304/2119/3530 1316/2132/3531 1315/2131/3532
f 1304/2119/3533 1305/2120/3534 1317/2133/3535 1316/2132/3536
f 1305/2120/3537 1306/2121/3538 1318/2134/3539 1317/2133/3540
f 1306/2121/3541 1307/2122/3542 1319/2135/3543 1318/2134/3544
f 1307/2122/3545 1308/2123/3546 1320/2136/3547 1319/2135/3548
f 1308/2123/3549 1309/2124/3550 1321/2137/3551 1320/2136/3552
f 1309/2124/3553 1310/2125/3554 1322/2138/3555 1321/2137/3556
f 1310/2125/3557 1311/2126/3558 1323/2139/3559 1322/2138/3560
f 1311/2126/3561 1312/2127/3562 1324/2140/3563 1323/2139/3564
f 1312/2127/3565 1301/2128/3566 1313/2141/3567 1324/2140/3568
s 1
f 1302/2105/3569 1301/2104/3570 1325/2154/3571
f 1303/2106/3572 1302/2105/3569 1325/2154/3571
f 1304/2107/3573 1303/2106/3572 1325/2154/3571
f 1305/2108/3574 1304/2107/3573 1325/2154/3571
f 1306/2109/3575 1305/2108/3574 1325/2154/3571
f 1307/2110/3576 1306/2109/3575 1325/2154/3571
f 1308/2111/3577 1307/2110/3576 1325/2154/3571
f 1309/2112/3578 1308/2111/3577 1325/2154/3571
f 1310/2113/3579 1309/2112/3578 1325/2154/3571
f 1311/2114/3580 1310/2113/3579 1325/2154/3571
f 1312/2115/3581 1311/2114/3580 1325/2154/3571
f 1301/2104/3570 1312/2115/3581 1325/2154/3571
s 2
f 1313/2152/3582 1314/2151/3583 1326/2155/3584
f 1314/2151/3583 1315/2150/3585 1326/2155/3584
f 1315/2150/3585 1316/2149/3586 1326/2155/3584
f 1316/2149/3586 1317/2148/3587 1326/2155/3584
f 1317/2148/3587 1318/2147/3588 1326/2155/3584
f 1318/2147/3588 1319/2146/3589 1326/2155/3584
f 1319/2146/3589 1320/2145/3590 1326/2155/3584
f 1320/2145/3590 1321/2144/3591 1326/2155/3584
f 1321/2144/3591 1322/2143/3592 1326/2155/3584
f 1322/2143/3592 1323/2142/3593 1326/2155/3584
f 1323/2142/3593 1324/2153/3594 1326/2155/3584
f 1324/2153/3594 1313/2152/3582 1326/2155/3584
g default
v 210.068685 127.285687 491.270743
v 208.252586 125.469588 491.270743
v 205.771748 124.804849 491.270743
v 203.290910 125.469588 491.270743
v 201.474810 127.285687 491.270743
v 200.810072 129.766525 491.270743
v 201.474810 132.247363 491.270743
v 203.290910 134.063462 491.270743
v 205.771748 134.728201 491.270743
v 208.252586 134.063462 491.270743
v 210.068685 132.247363 491.270743
v 210.733424 129.766525 491.270743
v 210.068685 127.285687 485.819835
v 208.252586 125.469588 485.819835
v 205.771748 124.804849 485.819835
v 203.290910 125.469588 485.819835
v 201.474810 127.285687 485.819835
v 200.810072 129.766525 485.819835
v 201.474810 132.247363 485.819835
v 203.290910 134.063462 485.819835
v 205.771748 134.728201 485.819835
v 208.252586 134.063462 485.819835
v 210.068685 132.247363 485.819835
v 210.733424 129.766525 485.819835
v 205.771748 129.766525 491.270743
v 205.771748 129.766525 485.819835
vt 0.635316 0.078125
vt 0.578125 0.020934
vt 0.500000 0.000000
vt 0.421875 0.020934
vt 0.364684 0.078125
vt 0.343750 0.156250
vt 0.364684 0.234375
vt 0.421875 0.291566
vt 0.500000 0.312500
vt 0.578125 0.291566
vt 0.635316 0.234375
vt 0.656250 0.156250
vt 0.375000 0.312500
vt 0.395833 0.312500
vt 0.416667 0.312500
vt 0.437500 0.312500
vt 0.458333 0.312500
vt 0.479167 0.312500
vt 0.500000 0.312500
vt 0.520833 0.312500
vt 0.541667 0.312500
vt 0.562500 0.312500
vt 0.583333 0.312500
vt 0.604167 0.312500
vt 0.625000 0.312500
vt 0.375000 0.687500
vt 0.395833 0.687500
vt 0.416667 0.687500
vt 0.437500 0.687500
vt 0.458333 0.687500
vt 0.479167 0.687500
vt 0.500000 0.687500
vt 0.520833 0.687500
vt 0.541667 0.687500
vt 0.562500 0.687500
vt 0.583333 0.687500
vt 0.604167 0.687500
vt 0.625000 0.687500
vt 0.635316 0.765625
vt 0.578125 0.708434
vt 0.500000 0.687500
vt 0.421875 0.708434
vt 0.364684 0.765625
vt 0.343750 0.843750
vt 0.364684 0.921875
vt 0.421875 0.979066
vt 0.500000 1.000000
vt 0.578125 0.979066
vt 0.635316 0.921875
vt 0.656250 0.843750
vt 0.500000 0.156250
vt 0.500000 0.843750
vn 0.707107 -0.707107 0.000000
vn 0.707107 -0.707107 0.000000
vn 0.707107 -0.707107 0.000000
vn 0.707107 -0.707107 0.000000
vn 0.258819 -0.965926 0.000000
vn 0.258819 -0.965926 0.000000
vn 0.258819 -0.965926 0.000000
vn 0.258819 -0.965926 0.000000
vn -0.258819 -0.965926 0.000000
vn -0.258819 -0.965926 0.000000
vn -0.258819 -0.965926 0.000000
vn -0.258819 -0.965926 0.000000
vn -0.707107 -0.707107 0.000000
vn -0.707107 -0.707107 0.000000
vn -0.707107 -0.707107 0.000000
vn -0.707107 -0.707107 0.000000
vn -0.965926 -0.258819 0.000000
vn -0.965926 -0.258819 0.000000
vn -0.965926 -0.258819 0.000000
vn -0.965926 -0.258819 0.000000
vn -0.965926 0.258819 -0.000000
vn -0.965926 0.258819 -0.000000
vn -0.965926 0.258819 -0.000000
vn -0.965926 0.258819 -0.000000
vn -0.707107 0.707107 -0.000000
vn -0.707107 0.707107 -0.000000
vn -0.707107 0.707107 -0.000000
vn -0.707107 0.707107 -0.000000
vn -0.258819 0.965926 -0.000000
vn -0.258819 0.965926 -0.000000
vn -0.258819 0.965926 -0.000000
vn -0.258819 0.965926 -0.000000
vn 0.258819 0.965926 -0.000000
vn 0.258819 0.965926 -0.000000
vn 0.258819 0.965926 -0.000000
vn 0.258819 0.965926 -0.000000
vn 0.707107 0.707107 -0.000000
vn 0.707107 0.707107 -0.000000
vn 0.707107 0.707107 -0.000000
vn 0.707107 0.707107 -0.000000
vn 0.965926 0.258819 -0.000000
vn 0.965926 0.258819 -0.000000
vn 0.965926 0.258819 -0.000000
vn 0.965926 0.258819 -0.000000
vn 0.965926 -0.258819 0.000000
vn 0.965926 -0.258819 0.000000
vn 0.965926 -0.258819 0.000000
vn 0.965926 -0.258819 0.000000
vn 0.000000 0.000000 1.000000
vn 0.000000 0.000000 1.000000
vn 0.000000 0.000000 1.000000
vn 0.000000 0.000000 1.000000
vn 0.000000 0.000000 1.000000
vn 0.000000 0.000000 1.000000
vn 0.000000 0.000000 1.000000
vn 0.000000 0.000000 1.000000
vn 0.000000 0.000000 1.000000
vn 0.000000 0.000000 1.000000
vn 0.000000 0.000000 1.000000
vn 0.000000 0.000000 1.000000
vn 0.000000 0.000000 1.000000
vn 0.000000 -0.000000 -1.000000
vn 0.000000 -0.000000 -1.000000
vn 0.000000 -0.000000 -1.000000
vn 0.000000 -0.000000 -1.000000
vn 0.000000 -0.000000 -1.000000
vn 0.000000 -0.000000 -1.000000
vn 0.000000 -0.000000 -1.000000
vn 0.000000 -0.000000 -1.000000
vn 0.000000 -0.000000 -1.000000
vn 0.000000 -0.000000 -1.000000
vn 0.000000 -0.000000 -1.000000
vn 0.000000 -0.000000 -1.000000
vn 0.000000 -0.000000 -1.000000
s off
g group3 stove pCylinder15
usemtl initialShadingGroup
f 1327/2168/3595 1328/2169/3596 1340/2182/3597 1339/2181/3598
f 1328/2169/3599 1329/2170/3600 1341/2183/3601 1340/2182/3602
f 1329/2170/3603 1330/2171/3604 1342/2184/3605 1341/2183/3606
f 1330/2171/3607 1331/2172/3608 1343/2185/3609 1342/2184/3610
f 1331/2172/3611 1332/2173/3612 1344/2186/3613 1343/2185/3614
f 1332/2173/3615 1333/2174/3616 1345/2187/3617 1344/2186/3618
f 1333/2174/3619 1334/2175/3620 1346/2188/3621 1345/2187/3622
f 1334/2175/3623 1335/2176/3624 1347/2189/3625 1346/2188/3626
f 1335/2176/3627 1336/2177/3628 1348/2190/3629 1347/2189/3630
f 1336/2177/3631 1337/2178/3632 1349/2191/3633 1348/2190/3634
f 1337/2178/3635 1338/2179/3636 1350/2192/3637 1349/2191/3638
f 1338/2179/3639 1327/2180/3640 1339/2193/3641 1350/2192/3642
s 1
f 1328/2157/3643 1327/2156/3644 1351/2206/3645
f 1329/2158/3646 1328/2157/3643 1351/2206/3645
f 1330/2159/3647 1329/2158/3646 1351/2206/3645
f 1331/2160/3648 1330/2159/3647 1351/2206/3645
f 1332/2161/3649 1331/2160/3648 1351/2206/3645
f 1333/2162/3650 1332/2161/3649 1351/2206/3645
f 1334/2163/3651 1333/2162/3650 1351/2206/3645
f 1335/2164/3652 1334/2163/3651 1351/2206/3645
f 1336/2165/3653 1335/2164/3652 1351/2206/3645
f 1337/2166/3654 1336/2165/3653 1351/2206/3645
f 1338/2167/3655 1337/2166/3654 1351/2206/3645
f 1327/2156/3644 1338/2167/3655 1351/2206/3645
s 2
f 1339/2204/3656 1340/2203/3657 1352/2207/3658
f 1340/2203/3657 1341/2202/3659 1352/2207/3658
f 1341/2202/3659 1342/2201/3660 1352/2207/3658
f 1342/2201/3660 1343/2200/3661 1352/2207/3658
f 1343/2200/3661 1344/2199/3662 1352/2207/3658
f 1344/2199/3662 1345/2198/3663 1352/2207/3658
f 1345/2198/3663 1346/2197/3664 1352/2207/3658
f 1346/2197/3664 1347/2196/3665 1352/2207/3658
f 1347/2196/3665 1348/2195/3666 1352/2207/3658
f 1348/2195/3666 1349/2194/3667 1352/2207/3658
f 1349/2194/3667 1350/2205/3668 1352/2207/3658
f 1350/2205/3668 1339/2204/3656 1352/2207/3658
g default
v 52.714292 25.430883 598.348070
v 252.714292 25.430883 598.348070
v 52.714292 141.078060 598.348070
v 252.714292 141.078060 598.348070
v 52.714292 141.078060 498.348066
v 252.714292 141.078060 498.348066
v 52.714292 25.430883 498.348066
v 252.714292 25.430883 498.348066
v 252.714292 121.753796 498.348066
v 52.714292 121.753796 498.348066
v 52.714292 121.753796 598.348070
v 252.714292 121.753796 598.348070
v 158.693570 121.753796 498.348066
v 158.693570 141.078060 498.348066
v 158.693570 141.078060 598.348070
v 158.693570 121.753796 598.348070
v 158.693570 25.430883 598.348070
v 158.693570 25.430883 498.348066
v 252.714292 36.456399 498.348066
v 158.693570 36.456399 498.348066
v 52.714292 36.456399 498.348066
v 52.714292 36.456399 598.348070
v 158.693570 36.456399 598.348070
v 252.714292 36.456399 598.348070
v 156.316800 121.753796 498.348066
v 156.316800 141.078060 498.348066
v 156.316800 141.078060 598.348070
v 156.316800 121.753796 598.348070
v 156.316800 36.456399 598.348070
v 156.316800 25.430883 598.348070
v 156.316800 25.430883 498.348066
v 156.316800 36.456399 498.348066
v 158.693570 38.507206 498.348066
v 252.714292 38.507206 498.348066
v 252.714292 38.507206 598.348070
v 158.693570 38.507206 598.348070
v 156.316800 38.507206 598.348070
v 52.714292 38.507206 598.348070
v 52.714292 38.507206 498.348066
v 156.316800 38.507206 498.348066
v 156.316800 118.861187 498.348066
v 158.693570 118.861187 498.348066
v 252.714292 118.861187 498.348066
v 252.714292 118.861187 598.348070
v 158.693570 118.861187 598.348070
v 156.316800 118.861187 598.348070
v 52.714292 118.861187 598.348070
v 52.714292 118.861187 498.348066
v 158.693570 141.078060 488.360662
v 252.714292 141.078060 488.360662
v 252.714292 121.753796 488.360662
v 158.693570 121.753796 488.360662
v 156.316800 141.078060 488.360662
v 156.316800 121.753796 488.360662
v 52.714292 141.078060 488.360662
v 52.714292 121.753796 488.360662
v 158.693570 25.430883 488.360662
v 158.693570 36.456399 488.360662
v 252.714292 36.456399 488.360662
v 252.714292 25.430883 488.360662
v 156.316800 36.456399 488.360662
v 52.714292 36.456399 488.360662
v 156.316800 25.430883 488.360662
v 52.714292 25.430883 488.360662
v 158.693570 38.507206 488.360662
v 158.693570 118.861187 488.360662
v 252.714292 118.861187 488.360662
v 252.714292 38.507206 488.360662
v 52.714292 118.861187 488.360662
v 156.316800 118.861187 488.360662
v 156.316800 38.507206 488.360662
v 52.714292 38.507206 488.360662
v 158.693570 141.078060 590.711740
v 252.714292 141.078060 590.711740
v 252.714292 121.753796 590.711740
v 252.714292 118.861187 590.711740
v 252.714292 38.507206 590.711740
v 252.714292 36.456399 590.711740
v 252.714292 25.430883 590.711740
v 158.693570 25.430883 590.711740
v 156.316800 25.430883 590.711740
v 52.714292 25.430883 590.711740
v 52.714292 36.456399 590.711740
v 52.714292 38.507206 590.711740
v 52.714292 118.861187 590.711740
v 52.714292 121.753796 590.711740
v 52.714292 141.078060 590.711740
v 156.316800 141.078060 590.711740
v 158.693570 205.511962 598.348070
v 252.714292 205.511962 598.348070
v 252.714292 205.511962 590.711740
v 158.693570 205.511962 590.711740
v 52.714292 205.511962 598.348070
v 156.316800 205.511962 598.348070
v 156.316800 205.511962 590.711740
v 52.714292 205.511962 590.711740
vt 0.375000 0.000000
vt 0.625000 0.000000
vt 0.375000 0.250000
vt 0.625000 0.250000
vt 0.375000 0.500000
vt 0.625000 0.500000
vt 0.375000 0.750000
vt 0.625000 0.750000
vt 0.375000 1.000000
vt 0.625000 1.000000
vt 0.875000 0.000000
vt 0.875000 0.250000
vt 0.125000 0.000000
vt 0.125000 0.250000
vt 0.625000 0.625000
vt 0.875000 0.125000
vt 0.125000 0.125000
vt 0.375000 0.625000
vt 0.375000 0.125000
vt 0.625000 0.125000
vt 0.500000 0.625000
vt 0.500000 0.500000
vt 0.500000 0.250000
vt 0.500000 0.125000
vt 0.500000 0.000000
vt 0.500000 1.000000
vt 0.500000 0.750000
vt 0.625000 0.687500
vt 0.875000 0.062500
vt 0.500000 0.687500
vt 0.125000 0.062500
vt 0.375000 0.687500
vt 0.375000 0.062500
vt 0.500000 0.062500
vt 0.625000 0.062500
vt 0.437500 0.625000
vt 0.437500 0.500000
vt 0.437500 0.250000
vt 0.437500 0.125000
vt 0.437500 0.062500
vt 0.437500 0.000000
vt 0.437500 1.000000
vt 0.437500 0.750000
vt 0.437500 0.687500
vt 0.500000 0.656250
vt 0.625000 0.656250
vt 0.875000 0.093750
vt 0.625000 0.093750
vt 0.500000 0.093750
vt 0.437500 0.093750
vt 0.375000 0.093750
vt 0.125000 0.093750
vt 0.375000 0.656250
vt 0.437500 0.656250
vt 0.437500 0.640625
vt 0.500000 0.640625
vt 0.625000 0.640625
vt 0.875000 0.109375
vt 0.625000 0.109375
vt 0.500000 0.109375
vt 0.437500 0.109375
vt 0.375000 0.109375
vt 0.125000 0.109375
vt 0.375000 0.640625
vt 0.500000 0.500000
vt 0.625000 0.500000
vt 0.625000 0.625000
vt 0.500000 0.625000
vt 0.437500 0.500000
vt 0.437500 0.625000
vt 0.500000 0.750000
vt 0.500000 0.687500
vt 0.625000 0.687500
vt 0.625000 0.750000
vt 0.375000 0.500000
vt 0.375000 0.625000
vt 0.375000 0.687500
vt 0.437500 0.687500
vt 0.437500 0.750000
vt 0.375000 0.750000
vt 0.500000 0.656250
vt 0.500000 0.640625
vt 0.625000 0.640625
vt 0.625000 0.656250
vt 0.375000 0.640625
vt 0.437500 0.640625
vt 0.437500 0.656250
vt 0.375000 0.656250
vt 0.500000 0.269091
vt 0.625000 0.269091
vt 0.644091 0.250000
vt 0.644091 0.125000
vt 0.644091 0.109375
vt 0.644091 0.093750
vt 0.644091 0.062500
vt 0.625000 0.980909
vt 0.644091 0.000000
vt 0.500000 0.980909
vt 0.437500 0.980909
vt 0.355909 0.000000
vt 0.375000 0.980909
vt 0.355909 0.062500
vt 0.355909 0.093750
vt 0.355909 0.109375
vt 0.355909 0.125000
vt 0.355909 0.250000
vt 0.375000 0.269091
vt 0.437500 0.269091
vt 0.500000 0.250000
vt 0.625000 0.250000
vt 0.625000 0.269091
vt 0.500000 0.269091
vt 0.375000 0.250000
vt 0.437500 0.250000
vt 0.437500 0.269091
vt 0.375000 0.269091
vn 0.000000 0.000000 1.000000
vn 0.000000 0.000000 1.000000
vn 0.000000 0.000000 1.000000
vn 0.000000 0.000000 1.000000
vn 0.000000 1.000000 0.000000
vn 0.000000 1.000000 0.000000
vn 0.000000 1.000000 0.000000
vn 0.000000 1.000000 0.000000
vn 0.000000 0.000000 -1.000000
vn 0.000000 0.000000 -1.000000
vn 0.000000 0.000000 -1.000000
vn 0.000000 0.000000 -1.000000
vn 0.000000 -1.000000 0.000000
vn 0.000000 -1.000000 0.000000
vn 0.000000 -1.000000 0.000000
vn 0.000000 -1.000000 0.000000
vn 1.000000 0.000000 0.000000
vn 1.000000 0.000000 0.000000
vn 1.000000 0.000000 0.000000
vn 1.000000 0.000000 0.000000
vn -1.000000 0.000000 0.000000
vn -1.000000 0.000000 0.000000
vn -1.000000 0.000000 0.000000
vn -1.000000 0.000000 0.000000
vn 0.000000 0.000000 -1.000000
vn 0.000000 0.000000 -1.000000
vn 0.000000 0.000000 -1.000000
vn 0.000000 0.000000 -1.000000
vn -1.000000 0.000000 0.000000
vn -1.000000 0.000000 0.000000
vn -1.000000 0.000000 0.000000
vn -1.000000 0.000000 0.000000
vn 0.000000 0.000000 1.000000
vn 0.000000 0.000000 1.000000
vn 0.000000 0.000000 1.000000
vn 0.000000 0.000000 1.000000
vn 1.000000 0.000000 0.000000
vn 1.000000 0.000000 0.000000
vn 1.000000 0.000000 0.000000
vn 1.000000 0.000000 0.000000
vn 0.000000 0.000000 -1.000000
vn 0.000000 0.000000 -1.000000
vn 0.000000 1.000000 0.000000
vn 0.000000 1.000000 0.000000
vn 0.000000 0.000000 1.000000
vn 0.000000 0.000000 1.000000
vn 0.000000 0.000000 1.000000
vn 0.000000 0.000000 1.000000
vn 0.000000 -1.000000 0.000000
vn 0.000000 -1.000000 0.000000
vn 0.000000 0.000000 -1.000000
vn 0.000000 0.000000 -1.000000
vn 0.000000 0.000000 -1.000000
vn 0.000000 0.000000 -1.000000
vn 0.000000 0.000000 -1.000000
vn 0.000000 0.000000 -1.000000
vn 0.000000 0.000000 -1.000000
vn 0.000000 0.000000 -1.000000
vn -1.000000 0.000000 0.000000
vn -1.000000 0.000000 0.000000
vn 0.000000 0.000000 1.000000
vn 0.000000 0.000000 1.000000
vn 0.000000 0.000000 1.000000
vn 1.000000 0.000000 0.000000
vn 1.000000 0.000000 0.000000
vn 0.000000 0.000000 -1.000000
vn 0.000000 0.000000 -1.000000
vn 0.000000 1.000000 0.000000
vn 0.000000 1.000000 0.000000
vn 0.000000 0.000000 1.000000
vn 0.000000 0.000000 1.000000
vn 0.000000 0.000000 1.000000
vn 0.000000 0.000000 1.000000
vn 0.000000 0.000000 1.000000
vn 0.000000 -1.000000 0.000000
vn 0.000000 -1.000000 0.000000
vn 0.000000 0.000000 -1.000000
vn 0.000000 0.000000 -1.000000
vn 0.000000 0.000000 -1.000000
vn 0.000000 0.000000 -1.000000
vn 0.000000 0.000000 -1.000000
vn 0.000000 0.000000 -1.000000
vn 0.000000 0.000000 -1.000000
vn 0.000000 0.000000 -1.000000
vn 0.000000 0.000000 -1.000000
vn 0.000000 0.000000 -1.000000
vn 1.000000 0.000000 0.000000
vn 1.000000 0.000000 0.000000
vn 0.000000 0.000000 1.000000
vn 0.000000 0.000000 1.000000
vn 0.000000 0.000000 1.000000
vn 0.000000 0.000000 1.000000
vn -1.000000 0.000000 0.000000
vn -1.000000 0.000000 0.000000
vn 0.000000 0.000000 -1.000000
vn 0.000000 0.000000 -1.000000
vn 0.000000 0.000000 -1.000000
vn 0.000000 0.000000 -1.000000
vn 0.000000 0.000000 -1.000000
vn 0.000000 0.000000 -1.000000
vn 0.000000 0.000000 -1.000000
vn 0.000000 0.000000 -1.000000
vn 0.000000 0.000000 -1.000000
vn 0.000000 0.000000 -1.000000
vn 0.000000 0.000000 -1.000000
vn 0.000000 0.000000 -1.000000
vn 0.000000 1.000000 0.000000
vn 0.000000 1.000000 0.000000
vn 1.000000 0.000000 0.000000
vn 1.000000 0.000000 0.000000
vn 0.000000 -1.000000 0.000000
vn 0.000000 -1.000000 0.000000
vn 0.000000 -1.000000 0.000000
vn 0.000000 -1.000000 0.000000
vn 0.000000 1.000000 0.000000
vn 0.000000 -1.000000 0.000000
vn 0.000000 -1.000000 0.000000
vn 0.000000 1.000000 0.000000
vn 0.000000 -1.000000 0.000000
vn 0.000000 -1.000000 0.000000
vn -1.000000 0.000000 0.000000
vn -1.000000 0.000000 0.000000
vn -1.000000 0.000000 0.000000
vn -1.000000 0.000000 0.000000
vn -1.000000 0.000000 0.000000
vn -1.000000 0.000000 0.000000
vn 0.000000 1.000000 0.000000
vn 0.000000 1.000000 0.000000
vn 0.000000 1.000000 0.000000
vn 0.000000 1.000000 0.000000
vn 1.000000 0.000000 0.000000
vn 1.000000 0.000000 0.000000
vn 0.000000 -1.000000 0.000000
vn 0.000000 -1.000000 0.000000
vn 0.000000 1.000000 0.000000
vn 0.000000 1.000000 0.000000
vn 0.000000 1.000000 0.000000
vn 0.000000 1.000000 0.000000
vn 1.000000 0.000000 0.000000
vn 1.000000 0.000000 0.000000
vn 1.000000 0.000000 0.000000
vn 1.000000 0.000000 0.000000
vn 0.000000 -1.000000 0.000000
vn 0.000000 -1.000000 0.000000
vn -1.000000 0.000000 0.000000
vn -1.000000 0.000000 0.000000
vn -1.000000 0.000000 0.000000
vn -1.000000 0.000000 0.000000
vn -1.000000 0.000000 0.000000
vn -1.000000 0.000000 0.000000
vn 0.000000 1.000000 0.000000
vn 0.000000 1.000000 0.000000
vn 0.000000 1.000000 0.000000
vn 0.000000 1.000000 0.000000
vn 1.000000 0.000000 0.000000
vn 1.000000 0.000000 0.000000
vn 0.000000 -1.000000 0.000000
vn 0.000000 -1.000000 0.000000
vn 0.000000 -1.000000 0.000000
vn 0.000000 -1.000000 0.000000
vn 0.000000 1.000000 0.000000
vn 0.000000 1.000000 0.000000
vn 0.000000 1.000000 0.000000
vn 0.000000 1.000000 0.000000
vn 1.000000 0.000000 0.000000
vn 1.000000 0.000000 0.000000
vn 1.000000 0.000000 0.000000
vn 1.000000 0.000000 0.000000
vn 0.000000 -1.000000 0.000000
vn 0.000000 -1.000000 0.000000
vn 0.000000 -1.000000 0.000000
vn 0.000000 -1.000000 0.000000
vn -1.000000 0.000000 0.000000
vn -1.000000 0.000000 0.000000
vn 0.000000 1.000000 0.000000
vn 0.000000 1.000000 0.000000
vn 0.000000 1.000000 0.000000
vn 0.000000 1.000000 0.000000
vn 1.000000 0.000000 0.000000
vn 1.000000 0.000000 0.000000
vn 1.000000 0.000000 0.000000
vn 1.000000 0.000000 0.000000
vn 1.000000 0.000000 0.000000
vn 1.000000 0.000000 0.000000
vn 0.000000 -1.000000 0.000000
vn 0.000000 -1.000000 0.000000
vn 0.000000 -1.000000 0.000000
vn 0.000000 -1.000000 0.000000
vn -1.000000 0.000000 0.000000
vn -1.000000 0.000000 0.000000
vn -1.000000 0.000000 0.000000
vn -1.000000 0.000000 0.000000
vn -1.000000 0.000000 0.000000
vn -1.000000 0.000000 0.000000
vn 0.000000 1.000000 0.000000
vn 0.000000 1.000000 0.000000
vn 0.000000 1.000000 0.000000
vn 0.000000 1.000000 0.000000
vn 0.000000 0.000000 1.000000
vn 0.000000 0.000000 1.000000
vn 1.000000 0.000000 0.000000
vn 1.000000 0.000000 0.000000
vn 0.000000 0.000000 -1.000000
vn 0.000000 0.000000 -1.000000
vn 0.000000 0.000000 -1.000000
vn 0.000000 0.000000 -1.000000
vn 0.000000 0.000000 1.000000
vn 0.000000 0.000000 1.000000
vn 0.000000 0.000000 -1.000000
vn 0.000000 0.000000 -1.000000
vn 0.000000 0.000000 -1.000000
vn 0.000000 0.000000 -1.000000
vn -1.000000 0.000000 0.000000
vn -1.000000 0.000000 0.000000
s 1
g group3 stove pCube26
usemtl initialShadingGroup
f 1368/2231/3669 1364/2227/3670 1356/2211/3671 1367/2230/3672
s 2
f 1425/2296/3673 1426/2297/3674 1358/2213/3675 1366/2229/3676
s 3
f 1401/2272/3677 1402/2273/3678 1403/2274/3679 1404/2275/3680
s 4
f 1370/2234/3681 1360/2215/3682 1431/2303/3683 1432/2305/3684
s 5
f 1427/2299/3685 1361/2223/3686 1358/2219/3687 1426/2298/3688
s 6
f 1362/2224/3689 1438/2312/3690 1439/2313/3691 1357/2221/3692
s 7
f 1372/2237/3693 1385/2252/3694 1386/2253/3695 1371/2235/3696
s 6
f 1373/2238/3697 1435/2309/3698 1436/2310/3699 1391/2259/3700
s 1
f 1375/2241/3701 1376/2242/3702 1387/2255/3703 1388/2256/3704
s 5
f 1430/2302/3705 1371/2236/3706 1386/2254/3707 1429/2301/3708
s 3
f 1405/2276/3709 1401/2272/3677 1404/2275/3680 1406/2277/3710
s 2
f 1440/2315/3711 1425/2296/3673 1366/2229/3676 1378/2244/3712
s 1
f 1380/2246/3713 1368/2231/3669 1367/2230/3672 1379/2245/3714
f 1381/2247/3715 1375/2241/3701 1388/2256/3704 1389/2257/3716
s 4
f 1383/2250/3717 1370/2234/3681 1432/2305/3684 1433/2306/3718
s 7
f 1384/2251/3719 1392/2261/3720 1385/2252/3694 1372/2237/3693
s off
f 1409/2278/3721 1410/2279/3722 1411/2280/3723 1412/2281/3724
s 7
f 1384/2251/3719 1372/2237/3693 1370/2234/3725 1383/2250/3726
s 6
f 1359/2220/3727 1434/2307/3728 1435/2309/3698 1373/2238/3697
s 1
f 1382/2248/3729 1369/2232/3730 1375/2241/3701 1381/2247/3715
f 1369/2232/3730 1354/2209/3731 1376/2242/3702 1375/2241/3701
s 5
f 1431/2304/3732 1360/2218/3733 1371/2236/3706 1430/2302/3705
s 3
f 1407/2282/3734 1405/2276/3709 1406/2277/3710 1408/2283/3735
s 2
f 1439/2314/3736 1440/2315/3711 1378/2244/3712 1357/2212/3737
s 1
f 1363/2226/3738 1380/2246/3713 1379/2245/3714 1355/2210/3739
f 1374/2240/3740 1381/2247/3715 1389/2257/3716 1390/2258/3741
f 1353/2208/3742 1382/2248/3729 1381/2247/3715 1374/2240/3740
s 4
f 1359/2214/3743 1383/2250/3717 1433/2306/3718 1434/2308/3744
s off
f 1414/2284/3745 1413/2285/3746 1415/2286/3747 1416/2287/3748
s 7
f 1391/2260/3749 1392/2261/3720 1384/2251/3719 1373/2239/3750
s off
f 1417/2288/3751 1418/2289/3752 1419/2290/3753 1420/2291/3754
s 5
f 1429/2301/3708 1386/2254/3707 1395/2265/3755 1428/2300/3756
s 1
f 1388/2256/3704 1387/2255/3703 1396/2266/3757 1397/2267/3758
f 1389/2257/3716 1388/2256/3704 1397/2267/3758 1398/2268/3759
f 1390/2258/3741 1389/2257/3716 1398/2268/3759 1399/2269/3760
s 6
f 1391/2259/3700 1436/2310/3699 1437/2311/3761 1400/2270/3762
s off
f 1421/2292/3763 1422/2293/3764 1423/2294/3765 1424/2295/3766
s 7
f 1385/2252/3694 1392/2261/3720 1393/2262/3767 1394/2263/3768
f 1394/2263/3768 1393/2262/3767 1377/2243/3769 1365/2228/3770
f 1395/2264/3771 1394/2263/3768 1365/2228/3770 1361/2222/3772
s 5
f 1428/2300/3756 1395/2265/3755 1361/2223/3686 1427/2299/3685
s 1
f 1397/2267/3758 1396/2266/3757 1364/2227/3670 1368/2231/3669
f 1398/2268/3759 1397/2267/3758 1368/2231/3669 1380/2246/3713
f 1399/2269/3760 1398/2268/3759 1380/2246/3713 1363/2226/3738
s 6
f 1400/2270/3762 1437/2311/3761 1438/2312/3690 1362/2224/3689
s 7
f 1362/2225/3773 1377/2243/3769 1393/2262/3767 1400/2271/3774
s 2
f 1366/2229/3676 1358/2213/3675 1402/2273/3775 1401/2272/3776
s 5
f 1358/2213/3687 1361/2222/3686 1403/2274/3777 1402/2273/3778
s 11
f 1361/2222/3779 1365/2228/3780 1404/2275/3781 1403/2274/3782
s 2
f 1378/2244/3712 1366/2229/3676 1401/2272/3776 1405/2276/3783
s 11
f 1365/2228/3780 1377/2243/3784 1406/2277/3785 1404/2275/3781
s 2
f 1357/2234/3737 1378/2237/3712 1405/2279/3783 1407/2278/3786
s 11
f 1377/2237/3784 1362/2235/3787 1408/2280/3788 1406/2279/3785
s 6
f 1362/2235/3689 1357/2215/3692 1407/2281/3789 1408/2280/3790
s off
f 1370/2215/3791 1372/2234/3792 1410/2278/3793 1409/2281/3794
f 1372/2212/3795 1371/2244/3796 1411/2276/3797 1410/2282/3798
s 5
f 1371/2243/3706 1360/2225/3733 1412/2283/3799 1411/2277/3800
s 4
f 1360/2225/3682 1370/2212/3681 1409/2282/3801 1412/2283/3802
s off
f 1373/2239/3803 1384/2251/3804 1413/2285/3805 1414/2284/3806
f 1384/2251/3807 1383/2250/3808 1415/2286/3809 1413/2285/3810
s 4
f 1383/2250/3717 1359/2214/3743 1416/2287/3811 1415/2286/3812
s 6
f 1359/2214/3727 1373/2239/3697 1414/2284/3813 1416/2287/3814
s off
f 1385/2252/3815 1394/2263/3816 1418/2289/3817 1417/2288/3818
f 1394/2263/3819 1395/2264/3820 1419/2290/3821 1418/2289/3822
s 5
f 1395/2264/3755 1386/2253/3707 1420/2291/3823 1419/2290/3824
s off
f 1386/2253/3825 1385/2252/3826 1417/2288/3827 1420/2291/3828
f 1400/2271/3829 1393/2262/3830 1422/2293/3831 1421/2292/3832
f 1393/2262/3833 1392/2261/3834 1423/2294/3835 1422/2293/3836
f 1392/2261/3837 1391/2260/3838 1424/2295/3839 1423/2294/3840
s 6
f 1391/2260/3700 1400/2271/3762 1421/2292/3841 1424/2295/3842
s 12
f 1441/2316/3843 1442/2317/3844 1443/2318/3845 1444/2319/3846
s 5
f 1364/2227/3847 1427/2299/3685 1426/2298/3688 1356/2211/3848
f 1396/2266/3849 1428/2300/3756 1427/2299/3685 1364/2227/3847
f 1387/2255/3850 1429/2301/3708 1428/2300/3756 1396/2266/3849
f 1376/2242/3851 1430/2302/3705 1429/2301/3708 1387/2255/3850
f 1354/2209/3852 1431/2304/3732 1430/2302/3705 1376/2242/3851
s 4
f 1432/2305/3684 1431/2303/3683 1354/2217/3853 1369/2233/3854
f 1433/2306/3718 1432/2305/3684 1369/2233/3854 1382/2249/3855
f 1434/2308/3744 1433/2306/3718 1382/2249/3855 1353/2216/3856
s 6
f 1435/2309/3698 1434/2307/3728 1353/2208/3857 1374/2240/3858
f 1436/2310/3699 1435/2309/3698 1374/2240/3858 1390/2258/3859
f 1437/2311/3761 1436/2310/3699 1390/2258/3859 1399/2269/3860
f 1438/2312/3690 1437/2311/3761 1399/2269/3860 1363/2226/3861
f 1439/2313/3691 1438/2312/3690 1363/2226/3861 1355/2210/3862
s 12
f 1445/2320/3863 1446/2321/3864 1447/2322/3865 1448/2323/3866
f 1446/2321/3864 1441/2316/3843 1444/2319/3846 1447/2322/3865
s 1
f 1367/2230/3672 1356/2211/3671 1442/2317/3867 1441/2316/3868
s 5
f 1356/2211/3848 1426/2297/3688 1443/2318/3869 1442/2317/3870
s 13
f 1426/2297/3871 1425/2296/3872 1444/2319/3873 1443/2318/3874
s 1
f 1355/2210/3739 1379/2245/3714 1446/2321/3875 1445/2320/3876
s 13
f 1440/2315/3877 1439/2314/3878 1448/2323/3879 1447/2322/3880
s 6
f 1439/2314/3691 1355/2210/3862 1445/2320/3881 1448/2323/3882
s 1
f 1379/2245/3714 1367/2230/3672 1441/2316/3868 1446/2321/3875
s 13
f 1425/2296/3872 1440/2315/3877 1447/2322/3880 1444/2319/3873
g default
v 67.769987 -0.000000 508.142168
v 67.157337 -0.000000 506.939775
v 66.203112 -0.000000 505.985550
v 65.000719 -0.000000 505.372900
v 63.667856 -0.000000 505.161796
v 62.334993 -0.000000 505.372901
v 61.132600 -0.000000 505.985551
v 60.178375 -0.000000 506.939776
v 59.565726 -0.000000 508.142169
v 59.354621 -0.000000 509.475031
v 59.565726 -0.000000 510.807894
v 60.178376 -0.000000 512.010287
v 61.132600 -0.000000 512.964511
v 62.334993 -0.000000 513.577160
v 63.667855 -0.000000 513.788265
v 65.000718 -0.000000 513.577160
v 66.203110 -0.000000 512.964510
v 67.157335 -0.000000 512.010286
v 67.769984 -0.000000 510.807894
v 67.981089 -0.000000 509.475031
v 67.769987 30.353047 508.142168
v 67.157337 30.353047 506.939775
v 66.203112 30.353047 505.985550
v 65.000719 30.353047 505.372900
v 63.667856 30.353047 505.161796
v 62.334993 30.353047 505.372901
v 61.132600 30.353047 505.985551
v 60.178375 30.353047 506.939776
v 59.565726 30.353047 508.142169
v 59.354621 30.353047 509.475031
v 59.565726 30.353047 510.807894
v 60.178376 30.353047 512.010287
v 61.132600 30.353047 512.964511
v 62.334993 30.353047 513.577160
v 63.667855 30.353047 513.788265
v 65.000718 30.353047 513.577160
v 66.203110 30.353047 512.964510
v 67.157335 30.353047 512.010286
v 67.769984 30.353047 510.807894
v 67.981089 30.353047 509.475031
v 63.667856 -0.000000 509.475031
v 63.667856 30.353047 509.475031
vt 0.648603 0.107966
vt 0.626409 0.064408
vt 0.591842 0.029841
vt 0.548284 0.007647
vt 0.500000 -0.000000
vt 0.451716 0.007647
vt 0.408159 0.029841
vt 0.373591 0.064409
vt 0.351397 0.107966
vt 0.343750 0.156250
vt 0.351397 0.204534
vt 0.373591 0.248091
vt 0.408159 0.282659
vt 0.451716 0.304853
vt 0.500000 0.312500
vt 0.548284 0.304853
vt 0.591841 0.282659
vt 0.626409 0.248091
vt 0.648603 0.204534
vt 0.656250 0.156250
vt 0.375000 0.312500
vt 0.387500 0.312500
vt 0.400000 0.312500
vt 0.412500 0.312500
vt 0.425000 0.312500
vt 0.437500 0.312500
vt 0.450000 0.312500
vt 0.462500 0.312500
vt 0.475000 0.312500
vt 0.487500 0.312500
vt 0.500000 0.312500
vt 0.512500 0.312500
vt 0.525000 0.312500
vt 0.537500 0.312500
vt 0.550000 0.312500
vt 0.562500 0.312500
vt 0.575000 0.312500
vt 0.587500 0.312500
vt 0.600000 0.312500
vt 0.612500 0.312500
vt 0.625000 0.312500
vt 0.375000 0.687500
vt 0.387500 0.687500
vt 0.400000 0.687500
vt 0.412500 0.687500
vt 0.425000 0.687500
vt 0.437500 0.687500
vt 0.450000 0.687500
vt 0.462500 0.687500
vt 0.475000 0.687500
vt 0.487500 0.687500
vt 0.500000 0.687500
vt 0.512500 0.687500
vt 0.525000 0.687500
vt 0.537500 0.687500
vt 0.550000 0.687500
vt 0.562500 0.687500
vt 0.575000 0.687500
vt 0.587500 0.687500
vt 0.600000 0.687500
vt 0.612500 0.687500
vt 0.625000 0.687500
vt 0.648603 0.795466
vt 0.626409 0.751908
vt 0.591842 0.717341
vt 0.548284 0.695147
vt 0.500000 0.687500
vt 0.451716 0.695147
vt 0.408159 0.717341
vt 0.373591 0.751909
vt 0.351397 0.795466
vt 0.343750 0.843750
vt 0.351397 0.892034
vt 0.373591 0.935591
vt 0.408159 0.970159
vt 0.451716 0.992353
vt 0.500000 1.000000
vt 0.548284 0.992353
vt 0.591841 0.970159
vt 0.626409 0.935591
vt 0.648603 0.892034
vt 0.656250 0.843750
vt 0.500000 0.156250
vt 0.500000 0.843750
vn 0.951057 0.000000 -0.309016
vn 0.809017 0.000000 -0.587785
vn 0.809017 0.000000 -0.587785
vn 0.951057 0.000000 -0.309016
vn 0.587785 0.000000 -0.809017
vn 0.587785 0.000000 -0.809017
vn 0.309017 0.000000 -0.951057
vn 0.309017 0.000000 -0.951057
vn -0.000000 0.000000 -1.000000
vn -0.000000 0.000000 -1.000000
vn -0.309017 0.000000 -0.951056
vn -0.309017 0.000000 -0.951056
vn -0.587785 0.000000 -0.809017
vn -0.587785 0.000000 -0.809017
vn -0.809017 0.000000 -0.587785
vn -0.809017 0.000000 -0.587785
vn -0.951057 0.000000 -0.309017
vn -0.951057 0.000000 -0.309017
vn -1.000000 0.000000 0.000000
vn -1.000000 0.000000 0.000000
vn -0.951057 0.000000 0.309017
vn -0.951057 0.000000 0.309017
vn -0.809017 0.000000 0.587785
vn -0.809017 0.000000 0.587785
vn -0.587785 0.000000 0.809017
vn -0.587785 0.000000 0.809017
vn -0.309017 0.000000 0.951056
vn -0.309017 0.000000 0.951056
vn -0.000000 0.000000 1.000000
vn -0.000000 0.000000 1.000000
vn 0.309017 0.000000 0.951056
vn 0.309017 0.000000 0.951056
vn 0.587785 0.000000 0.809017
vn 0.587785 0.000000 0.809017
vn 0.809017 0.000000 0.587785
vn 0.809017 0.000000 0.587785
vn 0.951057 0.000000 0.309017
vn 0.951057 0.000000 0.309017
vn 1.000000 0.000000 0.000001
vn 1.000000 0.000000 0.000001
vn 0.000000 -1.000000 -0.000001
vn 0.000000 -1.000000 0.000000
vn 0.000000 -1.000000 -0.000000
vn 0.000000 -1.000000 -0.000001
vn 0.000000 -1.000000 0.000000
vn 0.000000 -1.000000 0.000000
vn 0.000000 -1.000000 0.000000
vn 0.000000 -1.000000 0.000001
vn 0.000000 -1.000000 0.000001
vn 0.000000 -1.000000 0.000000
vn 0.000000 -1.000000 0.000000
vn 0.000000 -1.000000 0.000000
vn 0.000000 -1.000000 -0.000001
vn 0.000000 -1.000000 -0.000000
vn 0.000000 -1.000000 0.000000
vn 0.000000 -1.000000 -0.000000
vn 0.000000 -1.000000 -0.000000
vn 0.000000 -1.000000 0.000001
vn 0.000000 -1.000000 0.000001
vn 0.000000 -1.000000 0.000000
vn 0.000000 -1.000000 0.000000
vn 0.000000 1.000000 0.000000
vn 0.000000 1.000000 0.000000
vn 0.000000 1.000000 0.000000
vn 0.000000 1.000000 0.000000
vn 0.000000 1.000000 0.000000
vn 0.000000 1.000000 0.000000
vn 0.000000 1.000000 0.000000
vn 0.000000 1.000000 0.000001
vn 0.000000 1.000000 0.000001
vn 0.000000 1.000000 0.000000
vn 0.000000 1.000000 0.000000
vn 0.000000 1.000000 0.000000
vn 0.000000 1.000000 0.000000
vn 0.000000 1.000000 0.000001
vn 0.000000 1.000000 0.000001
vn 0.000000 1.000000 -0.000000
vn 0.000000 1.000000 -0.000000
vn 0.000000 1.000000 0.000000
vn 0.000000 1.000000 0.000000
vn 0.000000 1.000000 0.000000
vn 0.000000 1.000000 0.000000
s 1
g group3 stove pCylinder8
usemtl initialShadingGroup
f 1449/2344/3883 1450/2345/3884 1470/2366/3885 1469/2365/3886
f 1450/2345/3884 1451/2346/3887 1471/2367/3888 1470/2366/3885
f 1451/2346/3887 1452/2347/3889 1472/2368/3890 1471/2367/3888
f 1452/2347/3889 1453/2348/3891 1473/2369/3892 1472/2368/3890
f 1453/2348/3891 1454/2349/3893 1474/2370/3894 1473/2369/3892
f 1454/2349/3893 1455/2350/3895 1475/2371/3896 1474/2370/3894
f 1455/2350/3895 1456/2351/3897 1476/2372/3898 1475/2371/3896
f 1456/2351/3897 1457/2352/3899 1477/2373/3900 1476/2372/3898
f 1457/2352/3899 1458/2353/3901 1478/2374/3902 1477/2373/3900
f 1458/2353/3901 1459/2354/3903 1479/2375/3904 1478/2374/3902
f 1459/2354/3903 1460/2355/3905 1480/2376/3906 1479/2375/3904
f 1460/2355/3905 1461/2356/3907 1481/2377/3908 1480/2376/3906
f 1461/2356/3907 1462/2357/3909 1482/2378/3910 1481/2377/3908
f 1462/2357/3909 1463/2358/3911 1483/2379/3912 1482/2378/3910
f 1463/2358/3911 1464/2359/3913 1484/2380/3914 1483/2379/3912
f 1464/2359/3913 1465/2360/3915 1485/2381/3916 1484/2380/3914
f 1465/2360/3915 1466/2361/3917 1486/2382/3918 1485/2381/3916
f 1466/2361/3917 1467/2362/3919 1487/2383/3920 1486/2382/3918
f 1467/2362/3919 1468/2363/3921 1488/2384/3922 1487/2383/3920
f 1468/2363/3921 1449/2364/3883 1469/2385/3886 1488/2384/3922
s 2
f 1450/2325/3923 1449/2324/3924 1489/2406/3925
f 1451/2326/3926 1450/2325/3923 1489/2406/3925
f 1452/2327/3927 1451/2326/3926 1489/2406/3925
f 1453/2328/3928 1452/2327/3927 1489/2406/3925
f 1454/2329/3929 1453/2328/3928 1489/2406/3925
f 1455/2330/3930 1454/2329/3929 1489/2406/3925
f 1456/2331/3931 1455/2330/3930 1489/2406/3925
f 1457/2332/3932 1456/2331/3931 1489/2406/3925
f 1458/2333/3933 1457/2332/3932 1489/2406/3925
f 1459/2334/3934 1458/2333/3933 1489/2406/3925
f 1460/2335/3935 1459/2334/3934 1489/2406/3925
f 1461/2336/3936 1460/2335/3935 1489/2406/3925
f 1462/2337/3937 1461/2336/3936 1489/2406/3925
f 1463/2338/3938 1462/2337/3937 1489/2406/3925
f 1464/2339/3939 1463/2338/3938 1489/2406/3925
f 1465/2340/3940 1464/2339/3939 1489/2406/3925
f 1466/2341/3941 1465/2340/3940 1489/2406/3925
f 1467/2342/3942 1466/2341/3941 1489/2406/3925
f 1468/2343/3943 1467/2342/3942 1489/2406/3925
f 1449/2324/3924 1468/2343/3943 1489/2406/3925
s 3
f 1469/2404/3944 1470/2403/3945 1490/2407/3946
f 1470/2403/3945 1471/2402/3947 1490/2407/3946
f 1471/2402/3947 1472/2401/3948 1490/2407/3946
f 1472/2401/3948 1473/2400/3949 1490/2407/3946
f 1473/2400/3949 1474/2399/3950 1490/2407/3946
f 1474/2399/3950 1475/2398/3951 1490/2407/3946
f 1475/2398/3951 1476/2397/3952 1490/2407/3946
f 1476/2397/3952 1477/2396/3953 1490/2407/3946
f 1477/2396/3953 1478/2395/3954 1490/2407/3946
f 1478/2395/3954 1479/2394/3955 1490/2407/3946
f 1479/2394/3955 1480/2393/3956 1490/2407/3946
f 1480/2393/3956 1481/2392/3957 1490/2407/3946
f 1481/2392/3957 1482/2391/3958 1490/2407/3946
f 1482/2391/3958 1483/2390/3959 1490/2407/3946
f 1483/2390/3959 1484/2389/3960 1490/2407/3946
f 1484/2389/3960 1485/2388/3961 1490/2407/3946
f 1485/2388/3961 1486/2387/3962 1490/2407/3946
f 1486/2387/3962 1487/2386/3963 1490/2407/3946
f 1487/2386/3963 1488/2405/3964 1490/2407/3946
f 1488/2405/3964 1469/2404/3944 1490/2407/3946
g default
v 165.504631 95.735365 488.927709
v 239.272864 95.735365 488.927709
v 165.504631 101.109286 488.927709
v 239.272864 101.109286 488.927709
v 165.504631 101.109286 482.412781
v 239.272864 101.109286 482.412781
v 165.504631 95.735365 482.412781
v 239.272864 95.735365 482.412781
vt 0.375000 0.000000
vt 0.625000 0.000000
vt 0.375000 0.250000
vt 0.625000 0.250000
vt 0.375000 0.500000
vt 0.625000 0.500000
vt 0.375000 0.750000
vt 0.625000 0.750000
vt 0.375000 1.000000
vt 0.625000 1.000000
vt 0.875000 0.000000
vt 0.875000 0.250000
vt 0.125000 0.000000
vt 0.125000 0.250000
vn 0.000000 0.000000 1.000000
vn 0.000000 0.000000 1.000000
vn 0.000000 0.000000 1.000000
vn 0.000000 0.000000 1.000000
vn 0.000000 1.000000 0.000000
vn 0.000000 1.000000 0.000000
vn 0.000000 1.000000 0.000000
vn 0.000000 1.000000 0.000000
vn 0.000000 0.000000 -1.000000
vn 0.000000 0.000000 -1.000000
vn 0.000000 0.000000 -1.000000
vn 0.000000 0.000000 -1.000000
vn 0.000000 -1.000000 0.000000
vn 0.000000 -1.000000 0.000000
vn 0.000000 -1.000000 0.000000
vn 0.000000 -1.000000 0.000000
vn 1.000000 0.000000 0.000000
vn 1.000000 0.000000 0.000000
vn 1.000000 0.000000 0.000000
vn 1.000000 0.000000 0.000000
vn -1.000000 0.000000 0.000000
vn -1.000000 0.000000 0.000000
vn -1.000000 0.000000 0.000000
vn -1.000000 0.000000 0.000000
s off
g group3 stove pCube29
usemtl initialShadingGroup
f 1491/2408/3965 1492/2409/3966 1494/2411/3967 1493/2410/3968
f 1493/2410/3969 1494/2411/3970 1496/2413/3971 1495/2412/3972
f 1495/2412/3973 1496/2413/3974 1498/2415/3975 1497/2414/3976
f 1497/2414/3977 1498/2415/3978 1492/2417/3979 1491/2416/3980
f 1492/2409/3981 1498/2418/3982 1496/2419/3983 1494/2411/3984
f 1497/2420/3985 1491/2408/3986 1493/2410/3987 1495/2421/3988
g default
v 111.356148 127.285687 491.270743
v 109.540049 125.469588 491.270743
v 107.059211 124.804849 491.270743
v 104.578373 125.469588 491.270743
v 102.762273 127.285687 491.270743
v 102.097535 129.766525 491.270743
v 102.762273 132.247363 491.270743
v 104.578373 134.063462 491.270743
v 107.059211 134.728201 491.270743
v 109.540049 134.063462 491.270743
v 111.356148 132.247363 491.270743
v 112.020887 129.766525 491.270743
v 111.356148 127.285687 485.819835
v 109.540049 125.469588 485.819835
v 107.059211 124.804849 485.819835
v 104.578373 125.469588 485.819835
v 102.762273 127.285687 485.819835
v 102.097535 129.766525 485.819835
v 102.762273 132.247363 485.819835
v 104.578373 134.063462 485.819835
v 107.059211 134.728201 485.819835
v 109.540049 134.063462 485.819835
v 111.356148 132.247363 485.819835
v 112.020887 129.766525 485.819835
v 107.059211 129.766525 491.270743
v 107.059211 129.766525 485.819835
vt 0.635316 0.078125
vt 0.578125 0.020934
vt 0.500000 0.000000
vt 0.421875 0.020934
vt 0.364684 0.078125
vt 0.343750 0.156250
vt 0.364684 0.234375
vt 0.421875 0.291566
vt 0.500000 0.312500
vt 0.578125 0.291566
vt 0.635316 0.234375
vt 0.656250 0.156250
vt 0.375000 0.312500
vt 0.395833 0.312500
vt 0.416667 0.312500
vt 0.437500 0.312500
vt 0.458333 0.312500
vt 0.479167 0.312500
vt 0.500000 0.312500
vt 0.520833 0.312500
vt 0.541667 0.312500
vt 0.562500 0.312500
vt 0.583333 0.312500
vt 0.604167 0.312500
vt 0.625000 0.312500
vt 0.375000 0.687500
vt 0.395833 0.687500
vt 0.416667 0.687500
vt 0.437500 0.687500
vt 0.458333 0.687500
vt 0.479167 0.687500
vt 0.500000 0.687500
vt 0.520833 0.687500
vt 0.541667 0.687500
vt 0.562500 0.687500
vt 0.583333 0.687500
vt 0.604167 0.687500
vt 0.625000 0.687500
vt 0.635316 0.765625
vt 0.578125 0.708434
vt 0.500000 0.687500
vt 0.421875 0.708434
vt 0.364684 0.765625
vt 0.343750 0.843750
vt 0.364684 0.921875
vt 0.421875 0.979066
vt 0.500000 1.000000
vt 0.578125 0.979066
vt 0.635316 0.921875
vt 0.656250 0.843750
vt 0.500000 0.156250
vt 0.500000 0.843750
vn 0.707107 -0.707107 0.000000
vn 0.707107 -0.707107 0.000000
vn 0.707107 -0.707107 0.000000
vn 0.707107 -0.707107 0.000000
vn 0.258819 -0.965926 0.000000
vn 0.258819 -0.965926 0.000000
vn 0.258819 -0.965926 0.000000
vn 0.258819 -0.965926 0.000000
vn -0.258819 -0.965926 0.000000
vn -0.258819 -0.965926 0.000000
vn -0.258819 -0.965926 0.000000
vn -0.258819 -0.965926 0.000000
vn -0.707107 -0.707107 0.000000
vn -0.707107 -0.707107 0.000000
vn -0.707107 -0.707107 0.000000
vn -0.707107 -0.707107 0.000000
vn -0.965926 -0.258819 0.000000
vn -0.965926 -0.258819 0.000000
vn -0.965926 -0.258819 0.000000
vn -0.965926 -0.258819 0.000000
vn -0.965926 0.258819 -0.000000
vn -0.965926 0.258819 -0.000000
vn -0.965926 0.258819 -0.000000
vn -0.965926 0.258819 -0.000000
vn -0.707107 0.707107 -0.000000
vn -0.707107 0.707107 -0.000000
vn -0.707107 0.707107 -0.000000
vn -0.707107 0.707107 -0.000000
vn -0.258819 0.965926 -0.000000
vn -0.258819 0.965926 -0.000000
vn -0.258819 0.965926 -0.000000
vn -0.258819 0.965926 -0.000000
vn 0.258819 0.965926 -0.000000
vn 0.258819 0.965926 -0.000000
vn 0.258819 0.965926 -0.000000
vn 0.258819 0.965926 -0.000000
vn 0.707107 0.707107 -0.000000
vn 0.707107 0.707107 -0.000000
vn 0.707107 0.707107 -0.000000
vn 0.707107 0.707107 -0.000000
vn 0.965926 0.258819 -0.000000
vn 0.965926 0.258819 -0.000000
vn 0.965926 0.258819 -0.000000
vn 0.965926 0.258819 -0.000000
vn 0.965926 -0.258819 0.000000
vn 0.965926 -0.258819 0.000000
vn 0.965926 -0.258819 0.000000
vn 0.965926 -0.258819 0.000000
vn 0.000000 0.000000 1.000000
vn 0.000000 0.000000 1.000000
vn 0.000000 0.000000 1.000000
vn 0.000000 0.000000 1.000000
vn 0.000000 0.000000 1.000000
vn 0.000000 0.000000 1.000000
vn 0.000000 0.000000 1.000000
vn 0.000000 0.000000 1.000000
vn 0.000000 0.000000 1.000000
vn 0.000000 0.000000 1.000000
vn 0.000000 0.000000 1.000000
vn 0.000000 0.000000 1.000000
vn 0.000000 0.000000 1.000000
vn 0.000000 -0.000000 -1.000000
vn 0.000000 -0.000000 -1.000000
vn 0.000000 -0.000000 -1.000000
vn 0.000000 -0.000000 -1.000000
vn 0.000000 -0.000000 -1.000000
vn 0.000000 -0.000000 -1.000000
vn 0.000000 -0.000000 -1.000000
vn 0.000000 -0.000000 -1.000000
vn 0.000000 -0.000000 -1.000000
vn 0.000000 -0.000000 -1.000000
vn 0.000000 -0.000000 -1.000000
vn 0.000000 -0.000000 -1.000000
vn 0.000000 -0.000000 -1.000000
s off
g group3 stove pCylinder20
usemtl initialShadingGroup
f 1499/2434/3989 1500/2435/3990 1512/2448/3991 1511/2447/3992
f 1500/2435/3993 1501/2436/3994 1513/2449/3995 1512/2448/3996
f 1501/2436/3997 1502/2437/3998 1514/2450/3999 1513/2449/4000
f 1502/2437/4001 1503/2438/4002 1515/2451/4003 1514/2450/4004
f 1503/2438/4005 1504/2439/4006 1516/2452/4007 1515/2451/4008
f 1504/2439/4009 1505/2440/4010 1517/2453/4011 1516/2452/4012
f 1505/2440/4013 1506/2441/4014 1518/2454/4015 1517/2453/4016
f 1506/2441/4017 1507/2442/4018 1519/2455/4019 1518/2454/4020
f 1507/2442/4021 1508/2443/4022 1520/2456/4023 1519/2455/4024
f 1508/2443/4025 1509/2444/4026 1521/2457/4027 1520/2456/4028
f 1509/2444/4029 1510/2445/4030 1522/2458/4031 1521/2457/4032
f 1510/2445/4033 1499/2446/4034 1511/2459/4035 1522/2458/4036
s 1
f 1500/2423/4037 1499/2422/4038 1523/2472/4039
f 1501/2424/4040 1500/2423/4037 1523/2472/4039
f 1502/2425/4041 1501/2424/4040 1523/2472/4039
f 1503/2426/4042 1502/2425/4041 1523/2472/4039
f 1504/2427/4043 1503/2426/4042 1523/2472/4039
f 1505/2428/4044 1504/2427/4043 1523/2472/4039
f 1506/2429/4045 1505/2428/4044 1523/2472/4039
f 1507/2430/4046 1506/2429/4045 1523/2472/4039
f 1508/2431/4047 1507/2430/4046 1523/2472/4039
f 1509/2432/4048 1508/2431/4047 1523/2472/4039
f 1510/2433/4049 1509/2432/4048 1523/2472/4039
f 1499/2422/4038 1510/2433/4049 1523/2472/4039
s 2
f 1511/2470/4050 1512/2469/4051 1524/2473/4052
f 1512/2469/4051 1513/2468/4053 1524/2473/4052
f 1513/2468/4053 1514/2467/4054 1524/2473/4052
f 1514/2467/4054 1515/2466/4055 1524/2473/4052
f 1515/2466/4055 1516/2465/4056 1524/2473/4052
f 1516/2465/4056 1517/2464/4057 1524/2473/4052
f 1517/2464/4057 1518/2463/4058 1524/2473/4052
f 1518/2463/4058 1519/2462/4059 1524/2473/4052
f 1519/2462/4059 1520/2461/4060 1524/2473/4052
f 1520/2461/4060 1521/2460/4061 1524/2473/4052
f 1521/2460/4061 1522/2471/4062 1524/2473/4052
f 1522/2471/4062 1511/2470/4050 1524/2473/4052
g default
v 246.146349 -0.000000 508.142168
v 245.533699 -0.000000 506.939775
v 244.579474 -0.000000 505.985550
v 243.377080 -0.000000 505.372900
v 242.044217 -0.000000 505.161796
v 240.711354 -0.000000 505.372901
v 239.508962 -0.000000 505.985551
v 238.554737 -0.000000 506.939776
v 237.942088 -0.000000 508.142169
v 237.730983 -0.000000 509.475031
v 237.942088 -0.000000 510.807894
v 238.554738 -0.000000 512.010287
v 239.508962 -0.000000 512.964511
v 240.711355 -0.000000 513.577160
v 242.044217 -0.000000 513.788265
v 243.377080 -0.000000 513.577160
v 244.579472 -0.000000 512.964510
v 245.533696 -0.000000 512.010286
v 246.146346 -0.000000 510.807894
v 246.357451 -0.000000 509.475031
v 246.146349 30.353047 508.142168
v 245.533699 30.353047 506.939775
v 244.579474 30.353047 505.985550
v 243.377080 30.353047 505.372900
v 242.044217 30.353047 505.161796
v 240.711354 30.353047 505.372901
v 239.508962 30.353047 505.985551
v 238.554737 30.353047 506.939776
v 237.942088 30.353047 508.142169
v 237.730983 30.353047 509.475031
v 237.942088 30.353047 510.807894
v 238.554738 30.353047 512.010287
v 239.508962 30.353047 512.964511
v 240.711355 30.353047 513.577160
v 242.044217 30.353047 513.788265
v 243.377080 30.353047 513.577160
v 244.579472 30.353047 512.964510
v 245.533696 30.353047 512.010286
v 246.146346 30.353047 510.807894
v 246.357451 30.353047 509.475031
v 242.044217 -0.000000 509.475031
v 242.044217 30.353047 509.475031
vt 0.648603 0.107966
vt 0.626409 0.064408
vt 0.591842 0.029841
vt 0.548284 0.007647
vt 0.500000 -0.000000
vt 0.451716 0.007647
vt 0.408159 0.029841
vt 0.373591 0.064409
vt 0.351397 0.107966
vt 0.343750 0.156250
vt 0.351397 0.204534
vt 0.373591 0.248091
vt 0.408159 0.282659
vt 0.451716 0.304853
vt 0.500000 0.312500
vt 0.548284 0.304853
vt 0.591841 0.282659
vt 0.626409 0.248091
vt 0.648603 0.204534
vt 0.656250 0.156250
vt 0.375000 0.312500
vt 0.387500 0.312500
vt 0.400000 0.312500
vt 0.412500 0.312500
vt 0.425000 0.312500
vt 0.437500 0.312500
vt 0.450000 0.312500
vt 0.462500 0.312500
vt 0.475000 0.312500
vt 0.487500 0.312500
vt 0.500000 0.312500
vt 0.512500 0.312500
vt 0.525000 0.312500
vt 0.537500 0.312500
vt 0.550000 0.312500
vt 0.562500 0.312500
vt 0.575000 0.312500
vt 0.587500 0.312500
vt 0.600000 0.312500
vt 0.612500 0.312500
vt 0.625000 0.312500
vt 0.375000 0.687500
vt 0.387500 0.687500
vt 0.400000 0.687500
vt 0.412500 0.687500
vt 0.425000 0.687500
vt 0.437500 0.687500
vt 0.450000 0.687500
vt 0.462500 0.687500
vt 0.475000 0.687500
vt 0.487500 0.687500
vt 0.500000 0.687500
vt 0.512500 0.687500
vt 0.525000 0.687500
vt 0.537500 0.687500
vt 0.550000 0.687500
vt 0.562500 0.687500
vt 0.575000 0.687500
vt 0.587500 0.687500
vt 0.600000 0.687500
vt 0.612500 0.687500
vt 0.625000 0.687500
vt 0.648603 0.795466
vt 0.626409 0.751908
vt 0.591842 0.717341
vt 0.548284 0.695147
vt 0.500000 0.687500
vt 0.451716 0.695147
vt 0.408159 0.717341
vt 0.373591 0.751909
vt 0.351397 0.795466
vt 0.343750 0.843750
vt 0.351397 0.892034
vt 0.373591 0.935591
vt 0.408159 0.970159
vt 0.451716 0.992353
vt 0.500000 1.000000
vt 0.548284 0.992353
vt 0.591841 0.970159
vt 0.626409 0.935591
vt 0.648603 0.892034
vt 0.656250 0.843750
vt 0.500000 0.156250
vt 0.500000 0.843750
vn 0.951057 0.000000 -0.309016
vn 0.809017 0.000000 -0.587785
vn 0.809017 0.000000 -0.587785
vn 0.951057 0.000000 -0.309016
vn 0.587785 0.000000 -0.809017
vn 0.587785 0.000000 -0.809017
vn 0.309017 0.000000 -0.951057
vn 0.309017 0.000000 -0.951057
vn -0.000000 0.000000 -1.000000
vn -0.000000 0.000000 -1.000000
vn -0.309017 0.000000 -0.951056
vn -0.309017 0.000000 -0.951056
vn -0.587785 0.000000 -0.809017
vn -0.587785 0.000000 -0.809017
vn -0.809017 0.000000 -0.587785
vn -0.809017 0.000000 -0.587785
vn -0.951057 0.000000 -0.309017
vn -0.951057 0.000000 -0.309017
vn -1.000000 0.000000 0.000000
vn -1.000000 0.000000 0.000000
vn -0.951057 0.000000 0.309017
vn -0.951057 0.000000 0.309017
vn -0.809017 0.000000 0.587785
vn -0.809017 0.000000 0.587785
vn -0.587785 0.000000 0.809017
vn -0.587785 0.000000 0.809017
vn -0.309017 0.000000 0.951056
vn -0.309017 0.000000 0.951056
vn -0.000000 0.000000 1.000000
vn -0.000000 0.000000 1.000000
vn 0.309017 0.000000 0.951056
vn 0.309017 0.000000 0.951056
vn 0.587785 0.000000 0.809017
vn 0.587785 0.000000 0.809017
vn 0.809017 0.000000 0.587785
vn 0.809017 0.000000 0.587785
vn 0.951057 0.000000 0.309017
vn 0.951057 0.000000 0.309017
vn 1.000000 0.000000 0.000001
vn 1.000000 0.000000 0.000001
vn 0.000000 -1.000000 -0.000001
vn 0.000000 -1.000000 0.000000
vn 0.000000 -1.000000 -0.000000
vn 0.000000 -1.000000 -0.000001
vn 0.000000 -1.000000 0.000000
vn 0.000000 -1.000000 0.000000
vn 0.000000 -1.000000 0.000000
vn 0.000000 -1.000000 0.000001
vn 0.000000 -1.000000 0.000001
vn 0.000000 -1.000000 0.000000
vn 0.000000 -1.000000 0.000000
vn 0.000000 -1.000000 0.000000
vn 0.000000 -1.000000 -0.000001
vn 0.000000 -1.000000 -0.000000
vn 0.000000 -1.000000 0.000000
vn 0.000000 -1.000000 -0.000000
vn 0.000000 -1.000000 -0.000000
vn 0.000000 -1.000000 0.000001
vn 0.000000 -1.000000 0.000001
vn 0.000000 -1.000000 0.000000
vn 0.000000 -1.000000 0.000000
vn 0.000000 1.000000 0.000000
vn 0.000000 1.000000 0.000000
vn 0.000000 1.000000 0.000000
vn 0.000000 1.000000 0.000000
vn 0.000000 1.000000 0.000000
vn 0.000000 1.000000 0.000000
vn 0.000000 1.000000 0.000000
vn 0.000000 1.000000 0.000001
vn 0.000000 1.000000 0.000001
vn 0.000000 1.000000 0.000000
vn 0.000000 1.000000 0.000000
vn 0.000000 1.000000 0.000000
vn 0.000000 1.000000 0.000000
vn 0.000000 1.000000 0.000001
vn 0.000000 1.000000 0.000001
vn 0.000000 1.000000 -0.000000
vn 0.000000 1.000000 -0.000000
vn 0.000000 1.000000 0.000000
vn 0.000000 1.000000 0.000000
vn 0.000000 1.000000 0.000000
vn 0.000000 1.000000 0.000000
s 1
g group3 stove pCylinder6
usemtl initialShadingGroup
f 1525/2494/4063 1526/2495/4064 1546/2516/4065 1545/2515/4066
f 1526/2495/4064 1527/2496/4067 1547/2517/4068 1546/2516/4065
f 1527/2496/4067 1528/2497/4069 1548/2518/4070 1547/2517/4068
f 1528/2497/4069 1529/2498/4071 1549/2519/4072 1548/2518/4070
f 1529/2498/4071 1530/2499/4073 1550/2520/4074 1549/2519/4072
f 1530/2499/4073 1531/2500/4075 1551/2521/4076 1550/2520/4074
f 1531/2500/4075 1532/2501/4077 1552/2522/4078 1551/2521/4076
f 1532/2501/4077 1533/2502/4079 1553/2523/4080 1552/2522/4078
f 1533/2502/4079 1534/2503/4081 1554/2524/4082 1553/2523/4080
f 1534/2503/4081 1535/2504/4083 1555/2525/4084 1554/2524/4082
f 1535/2504/4083 1536/2505/4085 1556/2526/4086 1555/2525/4084
f 1536/2505/4085 1537/2506/4087 1557/2527/4088 1556/2526/4086
f 1537/2506/4087 1538/2507/4089 1558/2528/4090 1557/2527/4088
f 1538/2507/4089 1539/2508/4091 1559/2529/4092 1558/2528/4090
f 1539/2508/4091 1540/2509/4093 1560/2530/4094 1559/2529/4092
f 1540/2509/4093 1541/2510/4095 1561/2531/4096 1560/2530/4094
f 1541/2510/4095 1542/2511/4097 1562/2532/4098 1561/2531/4096
f 1542/2511/4097 1543/2512/4099 1563/2533/4100 1562/2532/4098
f 1543/2512/4099 1544/2513/4101 1564/2534/4102 1563/2533/4100
f 1544/2513/4101 1525/2514/4063 1545/2535/4066 1564/2534/4102
s 2
f 1526/2475/4103 1525/2474/4104 1565/2556/4105
f 1527/2476/4106 1526/2475/4103 1565/2556/4105
f 1528/2477/4107 1527/2476/4106 1565/2556/4105
f 1529/2478/4108 1528/2477/4107 1565/2556/4105
f 1530/2479/4109 1529/2478/4108 1565/2556/4105
f 1531/2480/4110 1530/2479/4109 1565/2556/4105
f 1532/2481/4111 1531/2480/4110 1565/2556/4105
f 1533/2482/4112 1532/2481/4111 1565/2556/4105
f 1534/2483/4113 1533/2482/4112 1565/2556/4105
f 1535/2484/4114 1534/2483/4113 1565/2556/4105
f 1536/2485/4115 1535/2484/4114 1565/2556/4105
f 1537/2486/4116 1536/2485/4115 1565/2556/4105
f 1538/2487/4117 1537/2486/4116 1565/2556/4105
f 1539/2488/4118 1538/2487/4117 1565/2556/4105
f 1540/2489/4119 1539/2488/4118 1565/2556/4105
f 1541/2490/4120 1540/2489/4119 1565/2556/4105
f 1542/2491/4121 1541/2490/4120 1565/2556/4105
f 1543/2492/4122 1542/2491/4121 1565/2556/4105
f 1544/2493/4123 1543/2492/4122 1565/2556/4105
f 1525/2474/4104 1544/2493/4123 1565/2556/4105
s 3
f 1545/2554/4124 1546/2553/4125 1566/2557/4126
f 1546/2553/4125 1547/2552/4127 1566/2557/4126
f 1547/2552/4127 1548/2551/4128 1566/2557/4126
f 1548/2551/4128 1549/2550/4129 1566/2557/4126
f 1549/2550/4129 1550/2549/4130 1566/2557/4126
f 1550/2549/4130 1551/2548/4131 1566/2557/4126
f 1551/2548/4131 1552/2547/4132 1566/2557/4126
f 1552/2547/4132 1553/2546/4133 1566/2557/4126
f 1553/2546/4133 1554/2545/4134 1566/2557/4126
f 1554/2545/4134 1555/2544/4135 1566/2557/4126
f 1555/2544/4135 1556/2543/4136 1566/2557/4126
f 1556/2543/4136 1557/2542/4137 1566/2557/4126
f 1557/2542/4137 1558/2541/4138 1566/2557/4126
f 1558/2541/4138 1559/2540/4139 1566/2557/4126
f 1559/2540/4139 1560/2539/4140 1566/2557/4126
f 1560/2539/4140 1561/2538/4141 1566/2557/4126
f 1561/2538/4141 1562/2537/4142 1566/2557/4126
f 1562/2537/4142 1563/2536/4143 1566/2557/4126
f 1563/2536/4143 1564/2555/4144 1566/2557/4126
f 1564/2555/4144 1545/2554/4124 1566/2557/4126
g default
v 67.769987 -0.000000 586.091870
v 67.157337 -0.000000 584.889477
v 66.203112 -0.000000 583.935252
v 65.000719 -0.000000 583.322602
v 63.667856 -0.000000 583.111498
v 62.334993 -0.000000 583.322602
v 61.132600 -0.000000 583.935252
v 60.178375 -0.000000 584.889477
v 59.565726 -0.000000 586.091870
v 59.354621 -0.000000 587.424733
v 59.565726 -0.000000 588.757596
v 60.178376 -0.000000 589.959988
v 61.132600 -0.000000 590.914212
v 62.334993 -0.000000 591.526862
v 63.667855 -0.000000 591.737967
v 65.000718 -0.000000 591.526862
v 66.203110 -0.000000 590.914212
v 67.157335 -0.000000 589.959988
v 67.769984 -0.000000 588.757595
v 67.981089 -0.000000 587.424733
v 67.769987 30.353047 586.091870
v 67.157337 30.353047 584.889477
v 66.203112 30.353047 583.935252
v 65.000719 30.353047 583.322602
v 63.667856 30.353047 583.111498
v 62.334993 30.353047 583.322602
v 61.132600 30.353047 583.935252
v 60.178375 30.353047 584.889477
v 59.565726 30.353047 586.091870
v 59.354621 30.353047 587.424733
v 59.565726 30.353047 588.757596
v 60.178376 30.353047 589.959988
v 61.132600 30.353047 590.914212
v 62.334993 30.353047 591.526862
v 63.667855 30.353047 591.737967
v 65.000718 30.353047 591.526862
v 66.203110 30.353047 590.914212
v 67.157335 30.353047 589.959988
v 67.769984 30.353047 588.757595
v 67.981089 30.353047 587.424733
v 63.667856 -0.000000 587.424733
v 63.667856 30.353047 587.424733
vt 0.648603 0.107966
vt 0.626409 0.064408
vt 0.591842 0.029841
vt 0.548284 0.007647
vt 0.500000 -0.000000
vt 0.451716 0.007647
vt 0.408159 0.029841
vt 0.373591 0.064409
vt 0.351397 0.107966
vt 0.343750 0.156250
vt 0.351397 0.204534
vt 0.373591 0.248091
vt 0.408159 0.282659
vt 0.451716 0.304853
vt 0.500000 0.312500
vt 0.548284 0.304853
vt 0.591841 0.282659
vt 0.626409 0.248091
vt 0.648603 0.204534
vt 0.656250 0.156250
vt 0.375000 0.312500
vt 0.387500 0.312500
vt 0.400000 0.312500
vt 0.412500 0.312500
vt 0.425000 0.312500
vt 0.437500 0.312500
vt 0.450000 0.312500
vt 0.462500 0.312500
vt 0.475000 0.312500
vt 0.487500 0.312500
vt 0.500000 0.312500
vt 0.512500 0.312500
vt 0.525000 0.312500
vt 0.537500 0.312500
vt 0.550000 0.312500
vt 0.562500 0.312500
vt 0.575000 0.312500
vt 0.587500 0.312500
vt 0.600000 0.312500
vt 0.612500 0.312500
vt 0.625000 0.312500
vt 0.375000 0.687500
vt 0.387500 0.687500
vt 0.400000 0.687500
vt 0.412500 0.687500
vt 0.425000 0.687500
vt 0.437500 0.687500
vt 0.450000 0.687500
vt 0.462500 0.687500
vt 0.475000 0.687500
vt 0.487500 0.687500
vt 0.500000 0.687500
vt 0.512500 0.687500
vt 0.525000 0.687500
vt 0.537500 0.687500
vt 0.550000 0.687500
vt 0.562500 0.687500
vt 0.575000 0.687500
vt 0.587500 0.687500
vt 0.600000 0.687500
vt 0.612500 0.687500
vt 0.625000 0.687500
vt 0.648603 0.795466
vt 0.626409 0.751908
vt 0.591842 0.717341
vt 0.548284 0.695147
vt 0.500000 0.687500
vt 0.451716 0.695147
vt 0.408159 0.717341
vt 0.373591 0.751909
vt 0.351397 0.795466
vt 0.343750 0.843750
vt 0.351397 0.892034
vt 0.373591 0.935591
vt 0.408159 0.970159
vt 0.451716 0.992353
vt 0.500000 1.000000
vt 0.548284 0.992353
vt 0.591841 0.970159
vt 0.626409 0.935591
vt 0.648603 0.892034
vt 0.656250 0.843750
vt 0.500000 0.156250
vt 0.500000 0.843750
vn 0.951057 0.000000 -0.309016
vn 0.809017 0.000000 -0.587785
vn 0.809017 0.000000 -0.587785
vn 0.951057 0.000000 -0.309016
vn 0.587785 0.000000 -0.809017
vn 0.587785 0.000000 -0.809017
vn 0.309017 0.000000 -0.951057
vn 0.309017 0.000000 -0.951057
vn -0.000000 0.000000 -1.000000
vn -0.000000 0.000000 -1.000000
vn -0.309017 0.000000 -0.951056
vn -0.309017 0.000000 -0.951056
vn -0.587785 0.000000 -0.809017
vn -0.587785 0.000000 -0.809017
vn -0.809017 0.000000 -0.587785
vn -0.809017 0.000000 -0.587785
vn -0.951057 0.000000 -0.309017
vn -0.951057 0.000000 -0.309017
vn -1.000000 0.000000 0.000000
vn -1.000000 0.000000 0.000000
vn -0.951057 0.000000 0.309017
vn -0.951057 0.000000 0.309017
vn -0.809017 0.000000 0.587785
vn -0.809017 0.000000 0.587785
vn -0.587785 0.000000 0.809017
vn -0.587785 0.000000 0.809017
vn -0.309017 0.000000 0.951056
vn -0.309017 0.000000 0.951056
vn -0.000000 0.000000 1.000000
vn -0.000000 0.000000 1.000000
vn 0.309017 0.000000 0.951056
vn 0.309017 0.000000 0.951056
vn 0.587785 0.000000 0.809017
vn 0.587785 0.000000 0.809017
vn 0.809017 0.000000 0.587785
vn 0.809017 0.000000 0.587785
vn 0.951057 0.000000 0.309017
vn 0.951057 0.000000 0.309017
vn 1.000000 0.000000 0.000001
vn 1.000000 0.000000 0.000001
vn 0.000000 -1.000000 -0.000001
vn 0.000000 -1.000000 0.000000
vn 0.000000 -1.000000 -0.000000
vn 0.000000 -1.000000 -0.000001
vn 0.000000 -1.000000 0.000000
vn 0.000000 -1.000000 0.000000
vn 0.000000 -1.000000 0.000000
vn 0.000000 -1.000000 0.000001
vn 0.000000 -1.000000 0.000001
vn 0.000000 -1.000000 0.000000
vn 0.000000 -1.000000 0.000000
vn 0.000000 -1.000000 0.000000
vn 0.000000 -1.000000 -0.000001
vn 0.000000 -1.000000 -0.000000
vn 0.000000 -1.000000 0.000000
vn 0.000000 -1.000000 -0.000000
vn 0.000000 -1.000000 -0.000000
vn 0.000000 -1.000000 0.000001
vn 0.000000 -1.000000 0.000001
vn 0.000000 -1.000000 0.000000
vn 0.000000 -1.000000 0.000000
vn 0.000000 1.000000 0.000000
vn 0.000000 1.000000 0.000000
vn 0.000000 1.000000 0.000000
vn 0.000000 1.000000 0.000000
vn 0.000000 1.000000 0.000000
vn 0.000000 1.000000 0.000000
vn 0.000000 1.000000 0.000000
vn 0.000000 1.000000 0.000001
vn 0.000000 1.000000 0.000001
vn 0.000000 1.000000 0.000000
vn 0.000000 1.000000 0.000000
vn 0.000000 1.000000 0.000000
vn 0.000000 1.000000 0.000000
vn 0.000000 1.000000 0.000001
vn 0.000000 1.000000 0.000001
vn 0.000000 1.000000 -0.000000
vn 0.000000 1.000000 -0.000000
vn 0.000000 1.000000 0.000000
vn 0.000000 1.000000 0.000000
vn 0.000000 1.000000 0.000000
vn 0.000000 1.000000 0.000000
s 1
g group3 stove pCylinder7
usemtl initialShadingGroup
f 1567/2578/4145 1568/2579/4146 1588/2600/4147 1587/2599/4148
f 1568/2579/4146 1569/2580/4149 1589/2601/4150 1588/2600/4147
f 1569/2580/4149 1570/2581/4151 1590/2602/4152 1589/2601/4150
f 1570/2581/4151 1571/2582/4153 1591/2603/4154 1590/2602/4152
f 1571/2582/4153 1572/2583/4155 1592/2604/4156 1591/2603/4154
f 1572/2583/4155 1573/2584/4157 1593/2605/4158 1592/2604/4156
f 1573/2584/4157 1574/2585/4159 1594/2606/4160 1593/2605/4158
f 1574/2585/4159 1575/2586/4161 1595/2607/4162 1594/2606/4160
f 1575/2586/4161 1576/2587/4163 1596/2608/4164 1595/2607/4162
f 1576/2587/4163 1577/2588/4165 1597/2609/4166 1596/2608/4164
f 1577/2588/4165 1578/2589/4167 1598/2610/4168 1597/2609/4166
f 1578/2589/4167 1579/2590/4169 1599/2611/4170 1598/2610/4168
f 1579/2590/4169 1580/2591/4171 1600/2612/4172 1599/2611/4170
f 1580/2591/4171 1581/2592/4173 1601/2613/4174 1600/2612/4172
f 1581/2592/4173 1582/2593/4175 1602/2614/4176 1601/2613/4174
f 1582/2593/4175 1583/2594/4177 1603/2615/4178 1602/2614/4176
f 1583/2594/4177 1584/2595/4179 1604/2616/4180 1603/2615/4178
f 1584/2595/4179 1585/2596/4181 1605/2617/4182 1604/2616/4180
f 1585/2596/4181 1586/2597/4183 1606/2618/4184 1605/2617/4182
f 1586/2597/4183 1567/2598/4145 1587/2619/4148 1606/2618/4184
s 2
f 1568/2559/4185 1567/2558/4186 1607/2640/4187
f 1569/2560/4188 1568/2559/4185 1607/2640/4187
f 1570/2561/4189 1569/2560/4188 1607/2640/4187
f 1571/2562/4190 1570/2561/4189 1607/2640/4187
f 1572/2563/4191 1571/2562/4190 1607/2640/4187
f 1573/2564/4192 1572/2563/4191 1607/2640/4187
f 1574/2565/4193 1573/2564/4192 1607/2640/4187
f 1575/2566/4194 1574/2565/4193 1607/2640/4187
f 1576/2567/4195 1575/2566/4194 1607/2640/4187
f 1577/2568/4196 1576/2567/4195 1607/2640/4187
f 1578/2569/4197 1577/2568/4196 1607/2640/4187
f 1579/2570/4198 1578/2569/4197 1607/2640/4187
f 1580/2571/4199 1579/2570/4198 1607/2640/4187
f 1581/2572/4200 1580/2571/4199 1607/2640/4187
f 1582/2573/4201 1581/2572/4200 1607/2640/4187
f 1583/2574/4202 1582/2573/4201 1607/2640/4187
f 1584/2575/4203 1583/2574/4202 1607/2640/4187
f 1585/2576/4204 1584/2575/4203 1607/2640/4187
f 1586/2577/4205 1585/2576/4204 1607/2640/4187
f 1567/2558/4186 1586/2577/4205 1607/2640/4187
s 3
f 1587/2638/4206 1588/2637/4207 1608/2641/4208
f 1588/2637/4207 1589/2636/4209 1608/2641/4208
f 1589/2636/4209 1590/2635/4210 1608/2641/4208
f 1590/2635/4210 1591/2634/4211 1608/2641/4208
f 1591/2634/4211 1592/2633/4212 1608/2641/4208
f 1592/2633/4212 1593/2632/4213 1608/2641/4208
f 1593/2632/4213 1594/2631/4214 1608/2641/4208
f 1594/2631/4214 1595/2630/4215 1608/2641/4208
f 1595/2630/4215 1596/2629/4216 1608/2641/4208
f 1596/2629/4216 1597/2628/4217 1608/2641/4208
f 1597/2628/4217 1598/2627/4218 1608/2641/4208
f 1598/2627/4218 1599/2626/4219 1608/2641/4208
f 1599/2626/4219 1600/2625/4220 1608/2641/4208
f 1600/2625/4220 1601/2624/4221 1608/2641/4208
f 1601/2624/4221 1602/2623/4222 1608/2641/4208
f 1602/2623/4222 1603/2622/4223 1608/2641/4208
f 1603/2622/4223 1604/2621/4224 1608/2641/4208
f 1604/2621/4224 1605/2620/4225 1608/2641/4208
f 1605/2620/4225 1606/2639/4226 1608/2641/4208
f 1606/2639/4226 1587/2638/4206 1608/2641/4208
g default
v 88.110475 127.285687 491.270743
v 86.294375 125.469588 491.270743
v 83.813537 124.804849 491.270743
v 81.332699 125.469588 491.270743
v 79.516600 127.285687 491.270743
v 78.851861 129.766525 491.270743
v 79.516600 132.247363 491.270743
v 81.332699 134.063462 491.270743
v 83.813537 134.728201 491.270743
v 86.294375 134.063462 491.270743
v 88.110475 132.247363 491.270743
v 88.775213 129.766525 491.270743
v 88.110475 127.285687 485.819835
v 86.294375 125.469588 485.819835
v 83.813537 124.804849 485.819835
v 81.332699 125.469588 485.819835
v 79.516600 127.285687 485.819835
v 78.851861 129.766525 485.819835
v 79.516600 132.247363 485.819835
v 81.332699 134.063462 485.819835
v 83.813537 134.728201 485.819835
v 86.294375 134.063462 485.819835
v 88.110475 132.247363 485.819835
v 88.775213 129.766525 485.819835
v 83.813537 129.766525 491.270743
v 83.813537 129.766525 485.819835
vt 0.635316 0.078125
vt 0.578125 0.020934
vt 0.500000 0.000000
vt 0.421875 0.020934
vt 0.364684 0.078125
vt 0.343750 0.156250
vt 0.364684 0.234375
vt 0.421875 0.291566
vt 0.500000 0.312500
vt 0.578125 0.291566
vt 0.635316 0.234375
vt 0.656250 0.156250
vt 0.375000 0.312500
vt 0.395833 0.312500
vt 0.416667 0.312500
vt 0.437500 0.312500
vt 0.458333 0.312500
vt 0.479167 0.312500
vt 0.500000 0.312500
vt 0.520833 0.312500
vt 0.541667 0.312500
vt 0.562500 0.312500
vt 0.583333 0.312500
vt 0.604167 0.312500
vt 0.625000 0.312500
vt 0.375000 0.687500
vt 0.395833 0.687500
vt 0.416667 0.687500
vt 0.437500 0.687500
vt 0.458333 0.687500
vt 0.479167 0.687500
vt 0.500000 0.687500
vt 0.520833 0.687500
vt 0.541667 0.687500
vt 0.562500 0.687500
vt 0.583333 0.687500
vt 0.604167 0.687500
vt 0.625000 0.687500
vt 0.635316 0.765625
vt 0.578125 0.708434
vt 0.500000 0.687500
vt 0.421875 0.708434
vt 0.364684 0.765625
vt 0.343750 0.843750
vt 0.364684 0.921875
vt 0.421875 0.979066
vt 0.500000 1.000000
vt 0.578125 0.979066
vt 0.635316 0.921875
vt 0.656250 0.843750
vt 0.500000 0.156250
vt 0.500000 0.843750
vn 0.707107 -0.707107 0.000000
vn 0.707107 -0.707107 0.000000
vn 0.707107 -0.707107 0.000000
vn 0.707107 -0.707107 0.000000
vn 0.258819 -0.965926 0.000000
vn 0.258819 -0.965926 0.000000
vn 0.258819 -0.965926 0.000000
vn 0.258819 -0.965926 0.000000
vn -0.258819 -0.965926 0.000000
vn -0.258819 -0.965926 0.000000
vn -0.258819 -0.965926 0.000000
vn -0.258819 -0.965926 0.000000
vn -0.707107 -0.707107 0.000000
vn -0.707107 -0.707107 0.000000
vn -0.707107 -0.707107 0.000000
vn -0.707107 -0.707107 0.000000
vn -0.965926 -0.258819 0.000000
vn -0.965926 -0.258819 0.000000
vn -0.965926 -0.258819 0.000000
vn -0.965926 -0.258819 0.000000
vn -0.965926 0.258819 -0.000000
vn -0.965926 0.258819 -0.000000
vn -0.965926 0.258819 -0.000000
vn -0.965926 0.258819 -0.000000
vn -0.707107 0.707107 -0.000000
vn -0.707107 0.707107 -0.000000
vn -0.707107 0.707107 -0.000000
vn -0.707107 0.707107 -0.000000
vn -0.258819 0.965926 -0.000000
vn -0.258819 0.965926 -0.000000
vn -0.258819 0.965926 -0.000000
vn -0.258819 0.965926 -0.000000
vn 0.258819 0.965926 -0.000000
vn 0.258819 0.965926 -0.000000
vn 0.258819 0.965926 -0.000000
vn 0.258819 0.965926 -0.000000
vn 0.707107 0.707107 -0.000000
vn 0.707107 0.707107 -0.000000
vn 0.707107 0.707107 -0.000000
vn 0.707107 0.707107 -0.000000
vn 0.965926 0.258819 -0.000000
vn 0.965926 0.258819 -0.000000
vn 0.965926 0.258819 -0.000000
vn 0.965926 0.258819 -0.000000
vn 0.965926 -0.258819 0.000000
vn 0.965926 -0.258819 0.000000
vn 0.965926 -0.258819 0.000000
vn 0.965926 -0.258819 0.000000
vn 0.000000 0.000000 1.000000
vn 0.000000 0.000000 1.000000
vn 0.000000 0.000000 1.000000
vn 0.000000 0.000000 1.000000
vn 0.000000 0.000000 1.000000
vn 0.000000 0.000000 1.000000
vn 0.000000 0.000000 1.000000
vn 0.000000 0.000000 1.000000
vn 0.000000 0.000000 1.000000
vn 0.000000 0.000000 1.000000
vn 0.000000 0.000000 1.000000
vn 0.000000 0.000000 1.000000
vn 0.000000 0.000000 1.000000
vn 0.000000 -0.000000 -1.000000
vn 0.000000 -0.000000 -1.000000
vn 0.000000 -0.000000 -1.000000
vn 0.000000 -0.000000 -1.000000
vn 0.000000 -0.000000 -1.000000
vn 0.000000 -0.000000 -1.000000
vn 0.000000 -0.000000 -1.000000
vn 0.000000 -0.000000 -1.000000
vn 0.000000 -0.000000 -1.000000
vn 0.000000 -0.000000 -1.000000
vn 0.000000 -0.000000 -1.000000
vn 0.000000 -0.000000 -1.000000
vn 0.000000 -0.000000 -1.000000
s off
g group3 stove pCylinder21
usemtl initialShadingGroup
f 1609/2654/4227 1610/2655/4228 1622/2668/4229 1621/2667/4230
f 1610/2655/4231 1611/2656/4232 1623/2669/4233 1622/2668/4234
f 1611/2656/4235 1612/2657/4236 1624/2670/4237 1623/2669/4238
f 1612/2657/4239 1613/2658/4240 1625/2671/4241 1624/2670/4242
f 1613/2658/4243 1614/2659/4244 1626/2672/4245 1625/2671/4246
f 1614/2659/4247 1615/2660/4248 1627/2673/4249 1626/2672/4250
f 1615/2660/4251 1616/2661/4252 1628/2674/4253 1627/2673/4254
f 1616/2661/4255 1617/2662/4256 1629/2675/4257 1628/2674/4258
f 1617/2662/4259 1618/2663/4260 1630/2676/4261 1629/2675/4262
f 1618/2663/4263 1619/2664/4264 1631/2677/4265 1630/2676/4266
f 1619/2664/4267 1620/2665/4268 1632/2678/4269 1631/2677/4270
f 1620/2665/4271 1609/2666/4272 1621/2679/4273 1632/2678/4274
s 1
f 1610/2643/4275 1609/2642/4276 1633/2692/4277
f 1611/2644/4278 1610/2643/4275 1633/2692/4277
f 1612/2645/4279 1611/2644/4278 1633/2692/4277
f 1613/2646/4280 1612/2645/4279 1633/2692/4277
f 1614/2647/4281 1613/2646/4280 1633/2692/4277
f 1615/2648/4282 1614/2647/4281 1633/2692/4277
f 1616/2649/4283 1615/2648/4282 1633/2692/4277
f 1617/2650/4284 1616/2649/4283 1633/2692/4277
f 1618/2651/4285 1617/2650/4284 1633/2692/4277
f 1619/2652/4286 1618/2651/4285 1633/2692/4277
f 1620/2653/4287 1619/2652/4286 1633/2692/4277
f 1609/2642/4276 1620/2653/4287 1633/2692/4277
s 2
f 1621/2690/4288 1622/2689/4289 1634/2693/4290
f 1622/2689/4289 1623/2688/4291 1634/2693/4290
f 1623/2688/4291 1624/2687/4292 1634/2693/4290
f 1624/2687/4292 1625/2686/4293 1634/2693/4290
f 1625/2686/4293 1626/2685/4294 1634/2693/4290
f 1626/2685/4294 1627/2684/4295 1634/2693/4290
f 1627/2684/4295 1628/2683/4296 1634/2693/4290
f 1628/2683/4296 1629/2682/4297 1634/2693/4290
f 1629/2682/4297 1630/2681/4298 1634/2693/4290
f 1630/2681/4298 1631/2680/4299 1634/2693/4290
f 1631/2680/4299 1632/2691/4300 1634/2693/4290
f 1632/2691/4300 1621/2690/4288 1634/2693/4290
g default
v 76.031375 127.285687 491.270743
v 74.215276 125.469588 491.270743
v 71.734438 124.804849 491.270743
v 69.253600 125.469588 491.270743
v 67.437501 127.285687 491.270743
v 66.772762 129.766525 491.270743
v 67.437501 132.247363 491.270743
v 69.253600 134.063462 491.270743
v 71.734438 134.728201 491.270743
v 74.215276 134.063462 491.270743
v 76.031375 132.247363 491.270743
v 76.696114 129.766525 491.270743
v 76.031375 127.285687 485.819835
v 74.215276 125.469588 485.819835
v 71.734438 124.804849 485.819835
v 69.253600 125.469588 485.819835
v 67.437501 127.285687 485.819835
v 66.772762 129.766525 485.819835
v 67.437501 132.247363 485.819835
v 69.253600 134.063462 485.819835
v 71.734438 134.728201 485.819835
v 74.215276 134.063462 485.819835
v 76.031375 132.247363 485.819835
v 76.696114 129.766525 485.819835
v 71.734438 129.766525 491.270743
v 71.734438 129.766525 485.819835
vt 0.635316 0.078125
vt 0.578125 0.020934
vt 0.500000 0.000000
vt 0.421875 0.020934
vt 0.364684 0.078125
vt 0.343750 0.156250
vt 0.364684 0.234375
vt 0.421875 0.291566
vt 0.500000 0.312500
vt 0.578125 0.291566
vt 0.635316 0.234375
vt 0.656250 0.156250
vt 0.375000 0.312500
vt 0.395833 0.312500
vt 0.416667 0.312500
vt 0.437500 0.312500
vt 0.458333 0.312500
vt 0.479167 0.312500
vt 0.500000 0.312500
vt 0.520833 0.312500
vt 0.541667 0.312500
vt 0.562500 0.312500
vt 0.583333 0.312500
vt 0.604167 0.312500
vt 0.625000 0.312500
vt 0.375000 0.687500
vt 0.395833 0.687500
vt 0.416667 0.687500
vt 0.437500 0.687500
vt 0.458333 0.687500
vt 0.479167 0.687500
vt 0.500000 0.687500
vt 0.520833 0.687500
vt 0.541667 0.687500
vt 0.562500 0.687500
vt 0.583333 0.687500
vt 0.604167 0.687500
vt 0.625000 0.687500
vt 0.635316 0.765625
vt 0.578125 0.708434
vt 0.500000 0.687500
vt 0.421875 0.708434
vt 0.364684 0.765625
vt 0.343750 0.843750
vt 0.364684 0.921875
vt 0.421875 0.979066
vt 0.500000 1.000000
vt 0.578125 0.979066
vt 0.635316 0.921875
vt 0.656250 0.843750
vt 0.500000 0.156250
vt 0.500000 0.843750
vn 0.707107 -0.707107 0.000000
vn 0.707107 -0.707107 0.000000
vn 0.707107 -0.707107 0.000000
vn 0.707107 -0.707107 0.000000
vn 0.258819 -0.965926 0.000000
vn 0.258819 -0.965926 0.000000
vn 0.258819 -0.965926 0.000000
vn 0.258819 -0.965926 0.000000
vn -0.258819 -0.965926 0.000000
vn -0.258819 -0.965926 0.000000
vn -0.258819 -0.965926 0.000000
vn -0.258819 -0.965926 0.000000
vn -0.707107 -0.707107 0.000000
vn -0.707107 -0.707107 0.000000
vn -0.707107 -0.707107 0.000000
vn -0.707107 -0.707107 0.000000
vn -0.965926 -0.258819 0.000000
vn -0.965926 -0.258819 0.000000
vn -0.965926 -0.258819 0.000000
vn -0.965926 -0.258819 0.000000
vn -0.965926 0.258819 -0.000000
vn -0.965926 0.258819 -0.000000
vn -0.965926 0.258819 -0.000000
vn -0.965926 0.258819 -0.000000
vn -0.707107 0.707107 -0.000000
vn -0.707107 0.707107 -0.000000
vn -0.707107 0.707107 -0.000000
vn -0.707107 0.707107 -0.000000
vn -0.258819 0.965926 -0.000000
vn -0.258819 0.965926 -0.000000
vn -0.258819 0.965926 -0.000000
vn -0.258819 0.965926 -0.000000
vn 0.258819 0.965926 -0.000000
vn 0.258819 0.965926 -0.000000
vn 0.258819 0.965926 -0.000000
vn 0.258819 0.965926 -0.000000
vn 0.707107 0.707107 -0.000000
vn 0.707107 0.707107 -0.000000
vn 0.707107 0.707107 -0.000000
vn 0.707107 0.707107 -0.000000
vn 0.965926 0.258819 -0.000000
vn 0.965926 0.258819 -0.000000
vn 0.965926 0.258819 -0.000000
vn 0.965926 0.258819 -0.000000
vn 0.965926 -0.258819 0.000000
vn 0.965926 -0.258819 0.000000
vn 0.965926 -0.258819 0.000000
vn 0.965926 -0.258819 0.000000
vn 0.000000 0.000000 1.000000
vn 0.000000 0.000000 1.000000
vn 0.000000 0.000000 1.000000
vn 0.000000 0.000000 1.000000
vn 0.000000 0.000000 1.000000
vn 0.000000 0.000000 1.000000
vn 0.000000 0.000000 1.000000
vn 0.000000 0.000000 1.000000
vn 0.000000 0.000000 1.000000
vn 0.000000 0.000000 1.000000
vn 0.000000 0.000000 1.000000
vn 0.000000 0.000000 1.000000
vn 0.000000 0.000000 1.000000
vn 0.000000 -0.000000 -1.000000
vn 0.000000 -0.000000 -1.000000
vn 0.000000 -0.000000 -1.000000
vn 0.000000 -0.000000 -1.000000
vn 0.000000 -0.000000 -1.000000
vn 0.000000 -0.000000 -1.000000
vn 0.000000 -0.000000 -1.000000
vn 0.000000 -0.000000 -1.000000
vn 0.000000 -0.000000 -1.000000
vn 0.000000 -0.000000 -1.000000
vn 0.000000 -0.000000 -1.000000
vn 0.000000 -0.000000 -1.000000
vn 0.000000 -0.000000 -1.000000
s off
g group3 stove pCylinder22
usemtl initialShadingGroup
f 1635/2706/4301 1636/2707/4302 1648/2720/4303 1647/2719/4304
f 1636/2707/4305 1637/2708/4306 1649/2721/4307 1648/2720/4308
f 1637/2708/4309 1638/2709/4310 1650/2722/4311 1649/2721/4312
f 1638/2709/4313 1639/2710/4314 1651/2723/4315 1650/2722/4316
f 1639/2710/4317 1640/2711/4318 1652/2724/4319 1651/2723/4320
f 1640/2711/4321 1641/2712/4322 1653/2725/4323 1652/2724/4324
f 1641/2712/4325 1642/2713/4326 1654/2726/4327 1653/2725/4328
f 1642/2713/4329 1643/2714/4330 1655/2727/4331 1654/2726/4332
f 1643/2714/4333 1644/2715/4334 1656/2728/4335 1655/2727/4336
f 1644/2715/4337 1645/2716/4338 1657/2729/4339 1656/2728/4340
f 1645/2716/4341 1646/2717/4342 1658/2730/4343 1657/2729/4344
f 1646/2717/4345 1635/2718/4346 1647/2731/4347 1658/2730/4348
s 1
f 1636/2695/4349 1635/2694/4350 1659/2744/4351
f 1637/2696/4352 1636/2695/4349 1659/2744/4351
f 1638/2697/4353 1637/2696/4352 1659/2744/4351
f 1639/2698/4354 1638/2697/4353 1659/2744/4351
f 1640/2699/4355 1639/2698/4354 1659/2744/4351
f 1641/2700/4356 1640/2699/4355 1659/2744/4351
f 1642/2701/4357 1641/2700/4356 1659/2744/4351
f 1643/2702/4358 1642/2701/4357 1659/2744/4351
f 1644/2703/4359 1643/2702/4358 1659/2744/4351
f 1645/2704/4360 1644/2703/4359 1659/2744/4351
f 1646/2705/4361 1645/2704/4360 1659/2744/4351
f 1635/2694/4350 1646/2705/4361 1659/2744/4351
s 2
f 1647/2742/4362 1648/2741/4363 1660/2745/4364
f 1648/2741/4363 1649/2740/4365 1660/2745/4364
f 1649/2740/4365 1650/2739/4366 1660/2745/4364
f 1650/2739/4366 1651/2738/4367 1660/2745/4364
f 1651/2738/4367 1652/2737/4368 1660/2745/4364
f 1652/2737/4368 1653/2736/4369 1660/2745/4364
f 1653/2736/4369 1654/2735/4370 1660/2745/4364
f 1654/2735/4370 1655/2734/4371 1660/2745/4364
f 1655/2734/4371 1656/2733/4372 1660/2745/4364
f 1656/2733/4372 1657/2732/4373 1660/2745/4364
f 1657/2732/4373 1658/2743/4374 1660/2745/4364
f 1658/2743/4374 1647/2742/4362 1660/2745/4364
g default
v 67.877373 95.735365 488.927709
v 141.645606 95.735365 488.927709
v 67.877373 101.109286 488.927709
v 141.645606 101.109286 488.927709
v 67.877373 101.109286 482.412781
v 141.645606 101.109286 482.412781
v 67.877373 95.735365 482.412781
v 141.645606 95.735365 482.412781
vt 0.375000 0.000000
vt 0.625000 0.000000
vt 0.375000 0.250000
vt 0.625000 0.250000
vt 0.375000 0.500000
vt 0.625000 0.500000
vt 0.375000 0.750000
vt 0.625000 0.750000
vt 0.375000 1.000000
vt 0.625000 1.000000
vt 0.875000 0.000000
vt 0.875000 0.250000
vt 0.125000 0.000000
vt 0.125000 0.250000
vn 0.000000 0.000000 1.000000
vn 0.000000 0.000000 1.000000
vn 0.000000 0.000000 1.000000
vn 0.000000 0.000000 1.000000
vn 0.000000 1.000000 0.000000
vn 0.000000 1.000000 0.000000
vn 0.000000 1.000000 0.000000
vn 0.000000 1.000000 0.000000
vn 0.000000 0.000000 -1.000000
vn 0.000000 0.000000 -1.000000
vn 0.000000 0.000000 -1.000000
vn 0.000000 0.000000 -1.000000
vn 0.000000 -1.000000 0.000000
vn 0.000000 -1.000000 0.000000
vn 0.000000 -1.000000 0.000000
vn 0.000000 -1.000000 0.000000
vn 1.000000 0.000000 0.000000
vn 1.000000 0.000000 0.000000
vn 1.000000 0.000000 0.000000
vn 1.000000 0.000000 0.000000
vn -1.000000 0.000000 0.000000
vn -1.000000 0.000000 0.000000
vn -1.000000 0.000000 0.000000
vn -1.000000 0.000000 0.000000
s off
g group3 stove pCube30
usemtl initialShadingGroup
f 1661/2746/4375 1662/2747/4376 1664/2749/4377 1663/2748/4378
f 1663/2748/4379 1664/2749/4380 1666/2751/4381 1665/2750/4382
f 1665/2750/4383 1666/2751/4384 1668/2753/4385 1667/2752/4386
f 1667/2752/4387 1668/2753/4388 1662/2755/4389 1661/2754/4390
f 1662/2747/4391 1668/2756/4392 1666/2757/4393 1664/2749/4394
f 1667/2758/4395 1661/2746/4396 1663/2748/4397 1665/2759/4398
g default
v 167.826857 127.285687 491.270743
v 166.010758 125.469588 491.270743
v 163.529920 124.804849 491.270743
v 161.049082 125.469588 491.270743
v 159.232982 127.285687 491.270743
v 158.568244 129.766525 491.270743
v 159.232982 132.247363 491.270743
v 161.049082 134.063462 491.270743
v 163.529920 134.728201 491.270743
v 166.010758 134.063462 491.270743
v 167.826857 132.247363 491.270743
v 168.491596 129.766525 491.270743
v 167.826857 127.285687 485.819835
v 166.010758 125.469588 485.819835
v 163.529920 124.804849 485.819835
v 161.049082 125.469588 485.819835
v 159.232982 127.285687 485.819835
v 158.568244 129.766525 485.819835
v 159.232982 132.247363 485.819835
v 161.049082 134.063462 485.819835
v 163.529920 134.728201 485.819835
v 166.010758 134.063462 485.819835
v 167.826857 132.247363 485.819835
v 168.491596 129.766525 485.819835
v 163.529920 129.766525 491.270743
v 163.529920 129.766525 485.819835
vt 0.635316 0.078125
vt 0.578125 0.020934
vt 0.500000 0.000000
vt 0.421875 0.020934
vt 0.364684 0.078125
vt 0.343750 0.156250
vt 0.364684 0.234375
vt 0.421875 0.291566
vt 0.500000 0.312500
vt 0.578125 0.291566
vt 0.635316 0.234375
vt 0.656250 0.156250
vt 0.375000 0.312500
vt 0.395833 0.312500
vt 0.416667 0.312500
vt 0.437500 0.312500
vt 0.458333 0.312500
vt 0.479167 0.312500
vt 0.500000 0.312500
vt 0.520833 0.312500
vt 0.541667 0.312500
vt 0.562500 0.312500
vt 0.583333 0.312500
vt 0.604167 0.312500
vt 0.625000 0.312500
vt 0.375000 0.687500
vt 0.395833 0.687500
vt 0.416667 0.687500
vt 0.437500 0.687500
vt 0.458333 0.687500
vt 0.479167 0.687500
vt 0.500000 0.687500
vt 0.520833 0.687500
vt 0.541667 0.687500
vt 0.562500 0.687500
vt 0.583333 0.687500
vt 0.604167 0.687500
vt 0.625000 0.687500
vt 0.635316 0.765625
vt 0.578125 0.708434
vt 0.500000 0.687500
vt 0.421875 0.708434
vt 0.364684 0.765625
vt 0.343750 0.843750
vt 0.364684 0.921875
vt 0.421875 0.979066
vt 0.500000 1.000000
vt 0.578125 0.979066
vt 0.635316 0.921875
vt 0.656250 0.843750
vt 0.500000 0.156250
vt 0.500000 0.843750
vn 0.707107 -0.707107 0.000000
vn 0.707107 -0.707107 0.000000
vn 0.707107 -0.707107 0.000000
vn 0.707107 -0.707107 0.000000
vn 0.258819 -0.965926 0.000000
vn 0.258819 -0.965926 0.000000
vn 0.258819 -0.965926 0.000000
vn 0.258819 -0.965926 0.000000
vn -0.258819 -0.965926 0.000000
vn -0.258819 -0.965926 0.000000
vn -0.258819 -0.965926 0.000000
vn -0.258819 -0.965926 0.000000
vn -0.707107 -0.707107 0.000000
vn -0.707107 -0.707107 0.000000
vn -0.707107 -0.707107 0.000000
vn -0.707107 -0.707107 0.000000
vn -0.965926 -0.258819 0.000000
vn -0.965926 -0.258819 0.000000
vn -0.965926 -0.258819 0.000000
vn -0.965926 -0.258819 0.000000
vn -0.965926 0.258819 -0.000000
vn -0.965926 0.258819 -0.000000
vn -0.965926 0.258819 -0.000000
vn -0.965926 0.258819 -0.000000
vn -0.707107 0.707107 -0.000000
vn -0.707107 0.707107 -0.000000
vn -0.707107 0.707107 -0.000000
vn -0.707107 0.707107 -0.000000
vn -0.258819 0.965926 -0.000000
vn -0.258819 0.965926 -0.000000
vn -0.258819 0.965926 -0.000000
vn -0.258819 0.965926 -0.000000
vn 0.258819 0.965926 -0.000000
vn 0.258819 0.965926 -0.000000
vn 0.258819 0.965926 -0.000000
vn 0.258819 0.965926 -0.000000
vn 0.707107 0.707107 -0.000000
vn 0.707107 0.707107 -0.000000
vn 0.707107 0.707107 -0.000000
vn 0.707107 0.707107 -0.000000
vn 0.965926 0.258819 -0.000000
vn 0.965926 0.258819 -0.000000
vn 0.965926 0.258819 -0.000000
vn 0.965926 0.258819 -0.000000
vn 0.965926 -0.258819 0.000000
vn 0.965926 -0.258819 0.000000
vn 0.965926 -0.258819 0.000000
vn 0.965926 -0.258819 0.000000
vn 0.000000 0.000000 1.000000
vn 0.000000 0.000000 1.000000
vn 0.000000 0.000000 1.000000
vn 0.000000 0.000000 1.000000
vn 0.000000 0.000000 1.000000
vn 0.000000 0.000000 1.000000
vn 0.000000 0.000000 1.000000
vn 0.000000 0.000000 1.000000
vn 0.000000 0.000000 1.000000
vn 0.000000 0.000000 1.000000
vn 0.000000 0.000000 1.000000
vn 0.000000 0.000000 1.000000
vn 0.000000 0.000000 1.000000
vn 0.000000 -0.000000 -1.000000
vn 0.000000 -0.000000 -1.000000
vn 0.000000 -0.000000 -1.000000
vn 0.000000 -0.000000 -1.000000
vn 0.000000 -0.000000 -1.000000
vn 0.000000 -0.000000 -1.000000
vn 0.000000 -0.000000 -1.000000
vn 0.000000 -0.000000 -1.000000
vn 0.000000 -0.000000 -1.000000
vn 0.000000 -0.000000 -1.000000
vn 0.000000 -0.000000 -1.000000
vn 0.000000 -0.000000 -1.000000
vn 0.000000 -0.000000 -1.000000
s off
g group3 stove pCylinder17
usemtl initialShadingGroup
f 1669/2772/4399 1670/2773/4400 1682/2786/4401 1681/2785/4402
f 1670/2773/4403 1671/2774/4404 1683/2787/4405 1682/2786/4406
f 1671/2774/4407 1672/2775/4408 1684/2788/4409 1683/2787/4410
f 1672/2775/4411 1673/2776/4412 1685/2789/4413 1684/2788/4414
f 1673/2776/4415 1674/2777/4416 1686/2790/4417 1685/2789/4418
f 1674/2777/4419 1675/2778/4420 1687/2791/4421 1686/2790/4422
f 1675/2778/4423 1676/2779/4424 1688/2792/4425 1687/2791/4426
f 1676/2779/4427 1677/2780/4428 1689/2793/4429 1688/2792/4430
f 1677/2780/4431 1678/2781/4432 1690/2794/4433 1689/2793/4434
f 1678/2781/4435 1679/2782/4436 1691/2795/4437 1690/2794/4438
f 1679/2782/4439 1680/2783/4440 1692/2796/4441 1691/2795/4442
f 1680/2783/4443 1669/2784/4444 1681/2797/4445 1692/2796/4446
s 1
f 1670/2761/4447 1669/2760/4448 1693/2810/4449
f 1671/2762/4450 1670/2761/4447 1693/2810/4449
f 1672/2763/4451 1671/2762/4450 1693/2810/4449
f 1673/2764/4452 1672/2763/4451 1693/2810/4449
f 1674/2765/4453 1673/2764/4452 1693/2810/4449
f 1675/2766/4454 1674/2765/4453 1693/2810/4449
f 1676/2767/4455 1675/2766/4454 1693/2810/4449
f 1677/2768/4456 1676/2767/4455 1693/2810/4449
f 1678/2769/4457 1677/2768/4456 1693/2810/4449
f 1679/2770/4458 1678/2769/4457 1693/2810/4449
f 1680/2771/4459 1679/2770/4458 1693/2810/4449
f 1669/2760/4448 1680/2771/4459 1693/2810/4449
s 2
f 1681/2808/4460 1682/2807/4461 1694/2811/4462
f 1682/2807/4461 1683/2806/4463 1694/2811/4462
f 1683/2806/4463 1684/2805/4464 1694/2811/4462
f 1684/2805/4464 1685/2804/4465 1694/2811/4462
f 1685/2804/4465 1686/2803/4466 1694/2811/4462
f 1686/2803/4466 1687/2802/4467 1694/2811/4462
f 1687/2802/4467 1688/2801/4468 1694/2811/4462
f 1688/2801/4468 1689/2800/4469 1694/2811/4462
f 1689/2800/4469 1690/2799/4470 1694/2811/4462
f 1690/2799/4470 1691/2798/4471 1694/2811/4462
f 1691/2798/4471 1692/2809/4472 1694/2811/4462
f 1692/2809/4472 1681/2808/4460 1694/2811/4462
g default
v 155.747758 127.285687 491.270743
v 153.931658 125.469588 491.270743
v 151.450820 124.804849 491.270743
v 148.969982 125.469588 491.270743
v 147.153883 127.285687 491.270743
v 146.489144 129.766525 491.270743
v 147.153883 132.247363 491.270743
v 148.969982 134.063462 491.270743
v 151.450820 134.728201 491.270743
v 153.931658 134.063462 491.270743
v 155.747758 132.247363 491.270743
v 156.412496 129.766525 491.270743
v 155.747758 127.285687 485.819835
v 153.931658 125.469588 485.819835
v 151.450820 124.804849 485.819835
v 148.969982 125.469588 485.819835
v 147.153883 127.285687 485.819835
v 146.489144 129.766525 485.819835
v 147.153883 132.247363 485.819835
v 148.969982 134.063462 485.819835
v 151.450820 134.728201 485.819835
v 153.931658 134.063462 485.819835
v 155.747758 132.247363 485.819835
v 156.412496 129.766525 485.819835
v 151.450820 129.766525 491.270743
v 151.450820 129.766525 485.819835
vt 0.635316 0.078125
vt 0.578125 0.020934
vt 0.500000 0.000000
vt 0.421875 0.020934
vt 0.364684 0.078125
vt 0.343750 0.156250
vt 0.364684 0.234375
vt 0.421875 0.291566
vt 0.500000 0.312500
vt 0.578125 0.291566
vt 0.635316 0.234375
vt 0.656250 0.156250
vt 0.375000 0.312500
vt 0.395833 0.312500
vt 0.416667 0.312500
vt 0.437500 0.312500
vt 0.458333 0.312500
vt 0.479167 0.312500
vt 0.500000 0.312500
vt 0.520833 0.312500
vt 0.541667 0.312500
vt 0.562500 0.312500
vt 0.583333 0.312500
vt 0.604167 0.312500
vt 0.625000 0.312500
vt 0.375000 0.687500
vt 0.395833 0.687500
vt 0.416667 0.687500
vt 0.437500 0.687500
vt 0.458333 0.687500
vt 0.479167 0.687500
vt 0.500000 0.687500
vt 0.520833 0.687500
vt 0.541667 0.687500
vt 0.562500 0.687500
vt 0.583333 0.687500
vt 0.604167 0.687500
vt 0.625000 0.687500
vt 0.635316 0.765625
vt 0.578125 0.708434
vt 0.500000 0.687500
vt 0.421875 0.708434
vt 0.364684 0.765625
vt 0.343750 0.843750
vt 0.364684 0.921875
vt 0.421875 0.979066
vt 0.500000 1.000000
vt 0.578125 0.979066
vt 0.635316 0.921875
vt 0.656250 0.843750
vt 0.500000 0.156250
vt 0.500000 0.843750
vn 0.707107 -0.707107 0.000000
vn 0.707107 -0.707107 0.000000
vn 0.707107 -0.707107 0.000000
vn 0.707107 -0.707107 0.000000
vn 0.258819 -0.965926 0.000000
vn 0.258819 -0.965926 0.000000
vn 0.258819 -0.965926 0.000000
vn 0.258819 -0.965926 0.000000
vn -0.258819 -0.965926 0.000000
vn -0.258819 -0.965926 0.000000
vn -0.258819 -0.965926 0.000000
vn -0.258819 -0.965926 0.000000
vn -0.707107 -0.707107 0.000000
vn -0.707107 -0.707107 0.000000
vn -0.707107 -0.707107 0.000000
vn -0.707107 -0.707107 0.000000
vn -0.965926 -0.258819 0.000000
vn -0.965926 -0.258819 0.000000
vn -0.965926 -0.258819 0.000000
vn -0.965926 -0.258819 0.000000
vn -0.965926 0.258819 -0.000000
vn -0.965926 0.258819 -0.000000
vn -0.965926 0.258819 -0.000000
vn -0.965926 0.258819 -0.000000
vn -0.707107 0.707107 -0.000000
vn -0.707107 0.707107 -0.000000
vn -0.707107 0.707107 -0.000000
vn -0.707107 0.707107 -0.000000
vn -0.258819 0.965926 -0.000000
vn -0.258819 0.965926 -0.000000
vn -0.258819 0.965926 -0.000000
vn -0.258819 0.965926 -0.000000
vn 0.258819 0.965926 -0.000000
vn 0.258819 0.965926 -0.000000
vn 0.258819 0.965926 -0.000000
vn 0.258819 0.965926 -0.000000
vn 0.707107 0.707107 -0.000000
vn 0.707107 0.707107 -0.000000
vn 0.707107 0.707107 -0.000000
vn 0.707107 0.707107 -0.000000
vn 0.965926 0.258819 -0.000000
vn 0.965926 0.258819 -0.000000
vn 0.965926 0.258819 -0.000000
vn 0.965926 0.258819 -0.000000
vn 0.965926 -0.258819 0.000000
vn 0.965926 -0.258819 0.000000
vn 0.965926 -0.258819 0.000000
vn 0.965926 -0.258819 0.000000
vn 0.000000 0.000000 1.000000
vn 0.000000 0.000000 1.000000
vn 0.000000 0.000000 1.000000
vn 0.000000 0.000000 1.000000
vn 0.000000 0.000000 1.000000
vn 0.000000 0.000000 1.000000
vn 0.000000 0.000000 1.000000
vn 0.000000 0.000000 1.000000
vn 0.000000 0.000000 1.000000
vn 0.000000 0.000000 1.000000
vn 0.000000 0.000000 1.000000
vn 0.000000 0.000000 1.000000
vn 0.000000 0.000000 1.000000
vn 0.000000 -0.000000 -1.000000
vn 0.000000 -0.000000 -1.000000
vn 0.000000 -0.000000 -1.000000
vn 0.000000 -0.000000 -1.000000
vn 0.000000 -0.000000 -1.000000
vn 0.000000 -0.000000 -1.000000
vn 0.000000 -0.000000 -1.000000
vn 0.000000 -0.000000 -1.000000
vn 0.000000 -0.000000 -1.000000
vn 0.000000 -0.000000 -1.000000
vn 0.000000 -0.000000 -1.000000
vn 0.000000 -0.000000 -1.000000
vn 0.000000 -0.000000 -1.000000
s off
g group3 stove pCylinder18
usemtl initialShadingGroup
f 1695/2824/4473 1696/2825/4474 1708/2838/4475 1707/2837/4476
f 1696/2825/4477 1697/2826/4478 1709/2839/4479 1708/2838/4480
f 1697/2826/4481 1698/2827/4482 1710/2840/4483 1709/2839/4484
f 1698/2827/4485 1699/2828/4486 1711/2841/4487 1710/2840/4488
f 1699/2828/4489 1700/2829/4490 1712/2842/4491 1711/2841/4492
f 1700/2829/4493 1701/2830/4494 1713/2843/4495 1712/2842/4496
f 1701/2830/4497 1702/2831/4498 1714/2844/4499 1713/2843/4500
f 1702/2831/4501 1703/2832/4502 1715/2845/4503 1714/2844/4504
f 1703/2832/4505 1704/2833/4506 1716/2846/4507 1715/2845/4508
f 1704/2833/4509 1705/2834/4510 1717/2847/4511 1716/2846/4512
f 1705/2834/4513 1706/2835/4514 1718/2848/4515 1717/2847/4516
f 1706/2835/4517 1695/2836/4518 1707/2849/4519 1718/2848/4520
s 1
f 1696/2813/4521 1695/2812/4522 1719/2862/4523
f 1697/2814/4524 1696/2813/4521 1719/2862/4523
f 1698/2815/4525 1697/2814/4524 1719/2862/4523
f 1699/2816/4526 1698/2815/4525 1719/2862/4523
f 1700/2817/4527 1699/2816/4526 1719/2862/4523
f 1701/2818/4528 1700/2817/4527 1719/2862/4523
f 1702/2819/4529 1701/2818/4528 1719/2862/4523
f 1703/2820/4530 1702/2819/4529 1719/2862/4523
f 1704/2821/4531 1703/2820/4530 1719/2862/4523
f 1705/2822/4532 1704/2821/4531 1719/2862/4523
f 1706/2823/4533 1705/2822/4532 1719/2862/4523
f 1695/2812/4522 1706/2823/4533 1719/2862/4523
s 2
f 1707/2860/4534 1708/2859/4535 1720/2863/4536
f 1708/2859/4535 1709/2858/4537 1720/2863/4536
f 1709/2858/4537 1710/2857/4538 1720/2863/4536
f 1710/2857/4538 1711/2856/4539 1720/2863/4536
f 1711/2856/4539 1712/2855/4540 1720/2863/4536
f 1712/2855/4540 1713/2854/4541 1720/2863/4536
f 1713/2854/4541 1714/2853/4542 1720/2863/4536
f 1714/2853/4542 1715/2852/4543 1720/2863/4536
f 1715/2852/4543 1716/2851/4544 1720/2863/4536
f 1716/2851/4544 1717/2850/4545 1720/2863/4536
f 1717/2850/4545 1718/2861/4546 1720/2863/4536
f 1718/2861/4546 1707/2860/4534 1720/2863/4536
g default
v 123.435248 127.285687 491.270743
v 121.619148 125.469588 491.270743
v 119.138310 124.804849 491.270743
v 116.657472 125.469588 491.270743
v 114.841373 127.285687 491.270743
v 114.176634 129.766525 491.270743
v 114.841373 132.247363 491.270743
v 116.657472 134.063462 491.270743
v 119.138310 134.728201 491.270743
v 121.619148 134.063462 491.270743
v 123.435248 132.247363 491.270743
v 124.099986 129.766525 491.270743
v 123.435248 127.285687 485.819835
v 121.619148 125.469588 485.819835
v 119.138310 124.804849 485.819835
v 116.657472 125.469588 485.819835
v 114.841373 127.285687 485.819835
v 114.176634 129.766525 485.819835
v 114.841373 132.247363 485.819835
v 116.657472 134.063462 485.819835
v 119.138310 134.728201 485.819835
v 121.619148 134.063462 485.819835
v 123.435248 132.247363 485.819835
v 124.099986 129.766525 485.819835
v 119.138310 129.766525 491.270743
v 119.138310 129.766525 485.819835
vt 0.635316 0.078125
vt 0.578125 0.020934
vt 0.500000 0.000000
vt 0.421875 0.020934
vt 0.364684 0.078125
vt 0.343750 0.156250
vt 0.364684 0.234375
vt 0.421875 0.291566
vt 0.500000 0.312500
vt 0.578125 0.291566
vt 0.635316 0.234375
vt 0.656250 0.156250
vt 0.375000 0.312500
vt 0.395833 0.312500
vt 0.416667 0.312500
vt 0.437500 0.312500
vt 0.458333 0.312500
vt 0.479167 0.312500
vt 0.500000 0.312500
vt 0.520833 0.312500
vt 0.541667 0.312500
vt 0.562500 0.312500
vt 0.583333 0.312500
vt 0.604167 0.312500
vt 0.625000 0.312500
vt 0.375000 0.687500
vt 0.395833 0.687500
vt 0.416667 0.687500
vt 0.437500 0.687500
vt 0.458333 0.687500
vt 0.479167 0.687500
vt 0.500000 0.687500
vt 0.520833 0.687500
vt 0.541667 0.687500
vt 0.562500 0.687500
vt 0.583333 0.687500
vt 0.604167 0.687500
vt 0.625000 0.687500
vt 0.635316 0.765625
vt 0.578125 0.708434
vt 0.500000 0.687500
vt 0.421875 0.708434
vt 0.364684 0.765625
vt 0.343750 0.843750
vt 0.364684 0.921875
vt 0.421875 0.979066
vt 0.500000 1.000000
vt 0.578125 0.979066
vt 0.635316 0.921875
vt 0.656250 0.843750
vt 0.500000 0.156250
vt 0.500000 0.843750
vn 0.707107 -0.707107 0.000000
vn 0.707107 -0.707107 0.000000
vn 0.707107 -0.707107 0.000000
vn 0.707107 -0.707107 0.000000
vn 0.258819 -0.965926 0.000000
vn 0.258819 -0.965926 0.000000
vn 0.258819 -0.965926 0.000000
vn 0.258819 -0.965926 0.000000
vn -0.258819 -0.965926 0.000000
vn -0.258819 -0.965926 0.000000
vn -0.258819 -0.965926 0.000000
vn -0.258819 -0.965926 0.000000
vn -0.707107 -0.707107 0.000000
vn -0.707107 -0.707107 0.000000
vn -0.707107 -0.707107 0.000000
vn -0.707107 -0.707107 0.000000
vn -0.965926 -0.258819 0.000000
vn -0.965926 -0.258819 0.000000
vn -0.965926 -0.258819 0.000000
vn -0.965926 -0.258819 0.000000
vn -0.965926 0.258819 -0.000000
vn -0.965926 0.258819 -0.000000
vn -0.965926 0.258819 -0.000000
vn -0.965926 0.258819 -0.000000
vn -0.707107 0.707107 -0.000000
vn -0.707107 0.707107 -0.000000
vn -0.707107 0.707107 -0.000000
vn -0.707107 0.707107 -0.000000
vn -0.258819 0.965926 -0.000000
vn -0.258819 0.965926 -0.000000
vn -0.258819 0.965926 -0.000000
vn -0.258819 0.965926 -0.000000
vn 0.258819 0.965926 -0.000000
vn 0.258819 0.965926 -0.000000
vn 0.258819 0.965926 -0.000000
vn 0.258819 0.965926 -0.000000
vn 0.707107 0.707107 -0.000000
vn 0.707107 0.707107 -0.000000
vn 0.707107 0.707107 -0.000000
vn 0.707107 0.707107 -0.000000
vn 0.965926 0.258819 -0.000000
vn 0.965926 0.258819 -0.000000
vn 0.965926 0.258819 -0.000000
vn 0.965926 0.258819 -0.000000
vn 0.965926 -0.258819 0.000000
vn 0.965926 -0.258819 0.000000
vn 0.965926 -0.258819 0.000000
vn 0.965926 -0.258819 0.000000
vn 0.000000 0.000000 1.000000
vn 0.000000 0.000000 1.000000
vn 0.000000 0.000000 1.000000
vn 0.000000 0.000000 1.000000
vn 0.000000 0.000000 1.000000
vn 0.000000 0.000000 1.000000
vn 0.000000 0.000000 1.000000
vn 0.000000 0.000000 1.000000
vn 0.000000 0.000000 1.000000
vn 0.000000 0.000000 1.000000
vn 0.000000 0.000000 1.000000
vn 0.000000 0.000000 1.000000
vn 0.000000 0.000000 1.000000
vn 0.000000 -0.000000 -1.000000
vn 0.000000 -0.000000 -1.000000
vn 0.000000 -0.000000 -1.000000
vn 0.000000 -0.000000 -1.000000
vn 0.000000 -0.000000 -1.000000
vn 0.000000 -0.000000 -1.000000
vn 0.000000 -0.000000 -1.000000
vn 0.000000 -0.000000 -1.000000
vn 0.000000 -0.000000 -1.000000
vn 0.000000 -0.000000 -1.000000
vn 0.000000 -0.000000 -1.000000
vn 0.000000 -0.000000 -1.000000
vn 0.000000 -0.000000 -1.000000
s off
g group3 stove pCylinder19
usemtl initialShadingGroup
f 1721/2876/4547 1722/2877/4548 1734/2890/4549 1733/2889/4550
f 1722/2877/4551 1723/2878/4552 1735/2891/4553 1734/2890/4554
f 1723/2878/4555 1724/2879/4556 1736/2892/4557 1735/2891/4558
f 1724/2879/4559 1725/2880/4560 1737/2893/4561 1736/2892/4562
f 1725/2880/4563 1726/2881/4564 1738/2894/4565 1737/2893/4566
f 1726/2881/4567 1727/2882/4568 1739/2895/4569 1738/2894/4570
f 1727/2882/4571 1728/2883/4572 1740/2896/4573 1739/2895/4574
f 1728/2883/4575 1729/2884/4576 1741/2897/4577 1740/2896/4578
f 1729/2884/4579 1730/2885/4580 1742/2898/4581 1741/2897/4582
f 1730/2885/4583 1731/2886/4584 1743/2899/4585 1742/2898/4586
f 1731/2886/4587 1732/2887/4588 1744/2900/4589 1743/2899/4590
f 1732/2887/4591 1721/2888/4592 1733/2901/4593 1744/2900/4594
s 1
f 1722/2865/4595 1721/2864/4596 1745/2914/4597
f 1723/2866/4598 1722/2865/4595 1745/2914/4597
f 1724/2867/4599 1723/2866/4598 1745/2914/4597
f 1725/2868/4600 1724/2867/4599 1745/2914/4597
f 1726/2869/4601 1725/2868/4600 1745/2914/4597
f 1727/2870/4602 1726/2869/4601 1745/2914/4597
f 1728/2871/4603 1727/2870/4602 1745/2914/4597
f 1729/2872/4604 1728/2871/4603 1745/2914/4597
f 1730/2873/4605 1729/2872/4604 1745/2914/4597
f 1731/2874/4606 1730/2873/4605 1745/2914/4597
f 1732/2875/4607 1731/2874/4606 1745/2914/4597
f 1721/2864/4596 1732/2875/4607 1745/2914/4597
s 2
f 1733/2912/4608 1734/2911/4609 1746/2915/4610
f 1734/2911/4609 1735/2910/4611 1746/2915/4610
f 1735/2910/4611 1736/2909/4612 1746/2915/4610
f 1736/2909/4612 1737/2908/4613 1746/2915/4610
f 1737/2908/4613 1738/2907/4614 1746/2915/4610
f 1738/2907/4614 1739/2906/4615 1746/2915/4610
f 1739/2906/4615 1740/2905/4616 1746/2915/4610
f 1740/2905/4616 1741/2904/4617 1746/2915/4610
f 1741/2904/4617 1742/2903/4618 1746/2915/4610
f 1742/2903/4618 1743/2902/4619 1746/2915/4610
f 1743/2902/4619 1744/2913/4620 1746/2915/4610
f 1744/2913/4620 1733/2912/4608 1746/2915/4610
g default
v 197.989586 127.285687 491.270743
v 196.173486 125.469588 491.270743
v 193.692648 124.804849 491.270743
v 191.211810 125.469588 491.270743
v 189.395711 127.285687 491.270743
v 188.730972 129.766525 491.270743
v 189.395711 132.247363 491.270743
v 191.211810 134.063462 491.270743
v 193.692648 134.728201 491.270743
v 196.173486 134.063462 491.270743
v 197.989586 132.247363 491.270743
v 198.654324 129.766525 491.270743
v 197.989586 127.285687 485.819835
v 196.173486 125.469588 485.819835
v 193.692648 124.804849 485.819835
v 191.211810 125.469588 485.819835
v 189.395711 127.285687 485.819835
v 188.730972 129.766525 485.819835
v 189.395711 132.247363 485.819835
v 191.211810 134.063462 485.819835
v 193.692648 134.728201 485.819835
v 196.173486 134.063462 485.819835
v 197.989586 132.247363 485.819835
v 198.654324 129.766525 485.819835
v 193.692648 129.766525 491.270743
v 193.692648 129.766525 485.819835
vt 0.635316 0.078125
vt 0.578125 0.020934
vt 0.500000 0.000000
vt 0.421875 0.020934
vt 0.364684 0.078125
vt 0.343750 0.156250
vt 0.364684 0.234375
vt 0.421875 0.291566
vt 0.500000 0.312500
vt 0.578125 0.291566
vt 0.635316 0.234375
vt 0.656250 0.156250
vt 0.375000 0.312500
vt 0.395833 0.312500
vt 0.416667 0.312500
vt 0.437500 0.312500
vt 0.458333 0.312500
vt 0.479167 0.312500
vt 0.500000 0.312500
vt 0.520833 0.312500
vt 0.541667 0.312500
vt 0.562500 0.312500
vt 0.583333 0.312500
vt 0.604167 0.312500
vt 0.625000 0.312500
vt 0.375000 0.687500
vt 0.395833 0.687500
vt 0.416667 0.687500
vt 0.437500 0.687500
vt 0.458333 0.687500
vt 0.479167 0.687500
vt 0.500000 0.687500
vt 0.520833 0.687500
vt 0.541667 0.687500
vt 0.562500 0.687500
vt 0.583333 0.687500
vt 0.604167 0.687500
vt 0.625000 0.687500
vt 0.635316 0.765625
vt 0.578125 0.708434
vt 0.500000 0.687500
vt 0.421875 0.708434
vt 0.364684 0.765625
vt 0.343750 0.843750
vt 0.364684 0.921875
vt 0.421875 0.979066
vt 0.500000 1.000000
vt 0.578125 0.979066
vt 0.635316 0.921875
vt 0.656250 0.843750
vt 0.500000 0.156250
vt 0.500000 0.843750
vn 0.707107 -0.707107 0.000000
vn 0.707107 -0.707107 0.000000
vn 0.707107 -0.707107 0.000000
vn 0.707107 -0.707107 0.000000
vn 0.258819 -0.965926 0.000000
vn 0.258819 -0.965926 0.000000
vn 0.258819 -0.965926 0.000000
vn 0.258819 -0.965926 0.000000
vn -0.258819 -0.965926 0.000000
vn -0.258819 -0.965926 0.000000
vn -0.258819 -0.965926 0.000000
vn -0.258819 -0.965926 0.000000
vn -0.707107 -0.707107 0.000000
vn -0.707107 -0.707107 0.000000
vn -0.707107 -0.707107 0.000000
vn -0.707107 -0.707107 0.000000
vn -0.965926 -0.258819 0.000000
vn -0.965926 -0.258819 0.000000
vn -0.965926 -0.258819 0.000000
vn -0.965926 -0.258819 0.000000
vn -0.965926 0.258819 -0.000000
vn -0.965926 0.258819 -0.000000
vn -0.965926 0.258819 -0.000000
vn -0.965926 0.258819 -0.000000
vn -0.707107 0.707107 -0.000000
vn -0.707107 0.707107 -0.000000
vn -0.707107 0.707107 -0.000000
vn -0.707107 0.707107 -0.000000
vn -0.258819 0.965926 -0.000000
vn -0.258819 0.965926 -0.000000
vn -0.258819 0.965926 -0.000000
vn -0.258819 0.965926 -0.000000
vn 0.258819 0.965926 -0.000000
vn 0.258819 0.965926 -0.000000
vn 0.258819 0.965926 -0.000000
vn 0.258819 0.965926 -0.000000
vn 0.707107 0.707107 -0.000000
vn 0.707107 0.707107 -0.000000
vn 0.707107 0.707107 -0.000000
vn 0.707107 0.707107 -0.000000
vn 0.965926 0.258819 -0.000000
vn 0.965926 0.258819 -0.000000
vn 0.965926 0.258819 -0.000000
vn 0.965926 0.258819 -0.000000
vn 0.965926 -0.258819 0.000000
vn 0.965926 -0.258819 0.000000
vn 0.965926 -0.258819 0.000000
vn 0.965926 -0.258819 0.000000
vn 0.000000 0.000000 1.000000
vn 0.000000 0.000000 1.000000
vn 0.000000 0.000000 1.000000
vn 0.000000 0.000000 1.000000
vn 0.000000 0.000000 1.000000
vn 0.000000 0.000000 1.000000
vn 0.000000 0.000000 1.000000
vn 0.000000 0.000000 1.000000
vn 0.000000 0.000000 1.000000
vn 0.000000 0.000000 1.000000
vn 0.000000 0.000000 1.000000
vn 0.000000 0.000000 1.000000
vn 0.000000 0.000000 1.000000
vn 0.000000 -0.000000 -1.000000
vn 0.000000 -0.000000 -1.000000
vn 0.000000 -0.000000 -1.000000
vn 0.000000 -0.000000 -1.000000
vn 0.000000 -0.000000 -1.000000
vn 0.000000 -0.000000 -1.000000
vn 0.000000 -0.000000 -1.000000
vn 0.000000 -0.000000 -1.000000
vn 0.000000 -0.000000 -1.000000
vn 0.000000 -0.000000 -1.000000
vn 0.000000 -0.000000 -1.000000
vn 0.000000 -0.000000 -1.000000
vn 0.000000 -0.000000 -1.000000
s off
g group3 stove pCylinder16
usemtl initialShadingGroup
f 1747/2928/4621 1748/2929/4622 1760/2942/4623 1759/2941/4624
f 1748/2929/4625 1749/2930/4626 1761/2943/4627 1760/2942/4628
f 1749/2930/4629 1750/2931/4630 1762/2944/4631 1761/2943/4632
f 1750/2931/4633 1751/2932/4634 1763/2945/4635 1762/2944/4636
f 1751/2932/4637 1752/2933/4638 1764/2946/4639 1763/2945/4640
f 1752/2933/4641 1753/2934/4642 1765/2947/4643 1764/2946/4644
f 1753/2934/4645 1754/2935/4646 1766/2948/4647 1765/2947/4648
f 1754/2935/4649 1755/2936/4650 1767/2949/4651 1766/2948/4652
f 1755/2936/4653 1756/2937/4654 1768/2950/4655 1767/2949/4656
f 1756/2937/4657 1757/2938/4658 1769/2951/4659 1768/2950/4660
f 1757/2938/4661 1758/2939/4662 1770/2952/4663 1769/2951/4664
f 1758/2939/4665 1747/2940/4666 1759/2953/4667 1770/2952/4668
s 1
f 1748/2917/4669 1747/2916/4670 1771/2966/4671
f 1749/2918/4672 1748/2917/4669 1771/2966/4671
f 1750/2919/4673 1749/2918/4672 1771/2966/4671
f 1751/2920/4674 1750/2919/4673 1771/2966/4671
f 1752/2921/4675 1751/2920/4674 1771/2966/4671
f 1753/2922/4676 1752/2921/4675 1771/2966/4671
f 1754/2923/4677 1753/2922/4676 1771/2966/4671
f 1755/2924/4678 1754/2923/4677 1771/2966/4671
f 1756/2925/4679 1755/2924/4678 1771/2966/4671
f 1757/2926/4680 1756/2925/4679 1771/2966/4671
f 1758/2927/4681 1757/2926/4680 1771/2966/4671
f 1747/2916/4670 1758/2927/4681 1771/2966/4671
s 2
f 1759/2964/4682 1760/2963/4683 1772/2967/4684
f 1760/2963/4683 1761/2962/4685 1772/2967/4684
f 1761/2962/4685 1762/2961/4686 1772/2967/4684
f 1762/2961/4686 1763/2960/4687 1772/2967/4684
f 1763/2960/4687 1764/2959/4688 1772/2967/4684
f 1764/2959/4688 1765/2958/4689 1772/2967/4684
f 1765/2958/4689 1766/2957/4690 1772/2967/4684
f 1766/2957/4690 1767/2956/4691 1772/2967/4684
f 1767/2956/4691 1768/2955/4692 1772/2967/4684
f 1768/2955/4692 1769/2954/4693 1772/2967/4684
f 1769/2954/4693 1770/2965/4694 1772/2967/4684
f 1770/2965/4694 1759/2964/4682 1772/2967/4684
g default
v 244.149891 127.285687 491.270743
v 242.333792 125.469588 491.270743
v 239.852954 124.804849 491.270743
v 237.372116 125.469588 491.270743
v 235.556016 127.285687 491.270743
v 234.891278 129.766525 491.270743
v 235.556016 132.247363 491.270743
v 237.372116 134.063462 491.270743
v 239.852954 134.728201 491.270743
v 242.333792 134.063462 491.270743
v 244.149891 132.247363 491.270743
v 244.814630 129.766525 491.270743
v 244.149891 127.285687 485.819835
v 242.333792 125.469588 485.819835
v 239.852954 124.804849 485.819835
v 237.372116 125.469588 485.819835
v 235.556016 127.285687 485.819835
v 234.891278 129.766525 485.819835
v 235.556016 132.247363 485.819835
v 237.372116 134.063462 485.819835
v 239.852954 134.728201 485.819835
v 242.333792 134.063462 485.819835
v 244.149891 132.247363 485.819835
v 244.814630 129.766525 485.819835
v 239.852954 129.766525 491.270743
v 239.852954 129.766525 485.819835
vt 0.635316 0.078125
vt 0.578125 0.020934
vt 0.500000 0.000000
vt 0.421875 0.020934
vt 0.364684 0.078125
vt 0.343750 0.156250
vt 0.364684 0.234375
vt 0.421875 0.291566
vt 0.500000 0.312500
vt 0.578125 0.291566
vt 0.635316 0.234375
vt 0.656250 0.156250
vt 0.375000 0.312500
vt 0.395833 0.312500
vt 0.416667 0.312500
vt 0.437500 0.312500
vt 0.458333 0.312500
vt 0.479167 0.312500
vt 0.500000 0.312500
vt 0.520833 0.312500
vt 0.541667 0.312500
vt 0.562500 0.312500
vt 0.583333 0.312500
vt 0.604167 0.312500
vt 0.625000 0.312500
vt 0.375000 0.687500
vt 0.395833 0.687500
vt 0.416667 0.687500
vt 0.437500 0.687500
vt 0.458333 0.687500
vt 0.479167 0.687500
vt 0.500000 0.687500
vt 0.520833 0.687500
vt 0.541667 0.687500
vt 0.562500 0.687500
vt 0.583333 0.687500
vt 0.604167 0.687500
vt 0.625000 0.687500
vt 0.635316 0.765625
vt 0.578125 0.708434
vt 0.500000 0.687500
vt 0.421875 0.708434
vt 0.364684 0.765625
vt 0.343750 0.843750
vt 0.364684 0.921875
vt 0.421875 0.979066
vt 0.500000 1.000000
vt 0.578125 0.979066
vt 0.635316 0.921875
vt 0.656250 0.843750
vt 0.500000 0.156250
vt 0.500000 0.843750
vn 0.707107 -0.707107 0.000000
vn 0.707107 -0.707107 0.000000
vn 0.707107 -0.707107 0.000000
vn 0.707107 -0.707107 0.000000
vn 0.258819 -0.965926 0.000000
vn 0.258819 -0.965926 0.000000
vn 0.258819 -0.965926 0.000000
vn 0.258819 -0.965926 0.000000
vn -0.258819 -0.965926 0.000000
vn -0.258819 -0.965926 0.000000
vn -0.258819 -0.965926 0.000000
vn -0.258819 -0.965926 0.000000
vn -0.707107 -0.707107 0.000000
vn -0.707107 -0.707107 0.000000
vn -0.707107 -0.707107 0.000000
vn -0.707107 -0.707107 0.000000
vn -0.965926 -0.258819 0.000000
vn -0.965926 -0.258819 0.000000
vn -0.965926 -0.258819 0.000000
vn -0.965926 -0.258819 0.000000
vn -0.965926 0.258819 -0.000000
vn -0.965926 0.258819 -0.000000
vn -0.965926 0.258819 -0.000000
vn -0.965926 0.258819 -0.000000
vn -0.707107 0.707107 -0.000000
vn -0.707107 0.707107 -0.000000
vn -0.707107 0.707107 -0.000000
vn -0.707107 0.707107 -0.000000
vn -0.258819 0.965926 -0.000000
vn -0.258819 0.965926 -0.000000
vn -0.258819 0.965926 -0.000000
vn -0.258819 0.965926 -0.000000
vn 0.258819 0.965926 -0.000000
vn 0.258819 0.965926 -0.000000
vn 0.258819 0.965926 -0.000000
vn 0.258819 0.965926 -0.000000
vn 0.707107 0.707107 -0.000000
vn 0.707107 0.707107 -0.000000
vn 0.707107 0.707107 -0.000000
vn 0.707107 0.707107 -0.000000
vn 0.965926 0.258819 -0.000000
vn 0.965926 0.258819 -0.000000
vn 0.965926 0.258819 -0.000000
vn 0.965926 0.258819 -0.000000
vn 0.965926 -0.258819 0.000000
vn 0.965926 -0.258819 0.000000
vn 0.965926 -0.258819 0.000000
vn 0.965926 -0.258819 0.000000
vn 0.000000 0.000000 1.000000
vn 0.000000 0.000000 1.000000
vn 0.000000 0.000000 1.000000
vn 0.000000 0.000000 1.000000
vn 0.000000 0.000000 1.000000
vn 0.000000 0.000000 1.000000
vn 0.000000 0.000000 1.000000
vn 0.000000 0.000000 1.000000
vn 0.000000 0.000000 1.000000
vn 0.000000 0.000000 1.000000
vn 0.000000 0.000000 1.000000
vn 0.000000 0.000000 1.000000
vn 0.000000 0.000000 1.000000
vn 0.000000 -0.000000 -1.000000
vn 0.000000 -0.000000 -1.000000
vn 0.000000 -0.000000 -1.000000
vn 0.000000 -0.000000 -1.000000
vn 0.000000 -0.000000 -1.000000
vn 0.000000 -0.000000 -1.000000
vn 0.000000 -0.000000 -1.000000
vn 0.000000 -0.000000 -1.000000
vn 0.000000 -0.000000 -1.000000
vn 0.000000 -0.000000 -1.000000
vn 0.000000 -0.000000 -1.000000
vn 0.000000 -0.000000 -1.000000
vn 0.000000 -0.000000 -1.000000
s off
g group3 stove pCylinder13
usemtl initialShadingGroup
f 1773/2980/4695 1774/2981/4696 1786/2994/4697 1785/2993/4698
f 1774/2981/4699 1775/2982/4700 1787/2995/4701 1786/2994/4702
f 1775/2982/4703 1776/2983/4704 1788/2996/4705 1787/2995/4706
f 1776/2983/4707 1777/2984/4708 1789/2997/4709 1788/2996/4710
f 1777/2984/4711 1778/2985/4712 1790/2998/4713 1789/2997/4714
f 1778/2985/4715 1779/2986/4716 1791/2999/4717 1790/2998/4718
f 1779/2986/4719 1780/2987/4720 1792/3000/4721 1791/2999/4722
f 1780/2987/4723 1781/2988/4724 1793/3001/4725 1792/3000/4726
f 1781/2988/4727 1782/2989/4728 1794/3002/4729 1793/3001/4730
f 1782/2989/4731 1783/2990/4732 1795/3003/4733 1794/3002/4734
f 1783/2990/4735 1784/2991/4736 1796/3004/4737 1795/3003/4738
f 1784/2991/4739 1773/2992/4740 1785/3005/4741 1796/3004/4742
s 1
f 1774/2969/4743 1773/2968/4744 1797/3018/4745
f 1775/2970/4746 1774/2969/4743 1797/3018/4745
f 1776/2971/4747 1775/2970/4746 1797/3018/4745
f 1777/2972/4748 1776/2971/4747 1797/3018/4745
f 1778/2973/4749 1777/2972/4748 1797/3018/4745
f 1779/2974/4750 1778/2973/4749 1797/3018/4745
f 1780/2975/4751 1779/2974/4750 1797/3018/4745
f 1781/2976/4752 1780/2975/4751 1797/3018/4745
f 1782/2977/4753 1781/2976/4752 1797/3018/4745
f 1783/2978/4754 1782/2977/4753 1797/3018/4745
f 1784/2979/4755 1783/2978/4754 1797/3018/4745
f 1773/2968/4744 1784/2979/4755 1797/3018/4745
s 2
f 1785/3016/4756 1786/3015/4757 1798/3019/4758
f 1786/3015/4757 1787/3014/4759 1798/3019/4758
f 1787/3014/4759 1788/3013/4760 1798/3019/4758
f 1788/3013/4760 1789/3012/4761 1798/3019/4758
f 1789/3012/4761 1790/3011/4762 1798/3019/4758
f 1790/3011/4762 1791/3010/4763 1798/3019/4758
f 1791/3010/4763 1792/3009/4764 1798/3019/4758
f 1792/3009/4764 1793/3008/4765 1798/3019/4758
f 1793/3008/4765 1794/3007/4766 1798/3019/4758
f 1794/3007/4766 1795/3006/4767 1798/3019/4758
f 1795/3006/4767 1796/3017/4768 1798/3019/4758
f 1796/3017/4768 1785/3016/4756 1798/3019/4758
